============================================================
   Tang Dynasty, V6.2.168116
   Copyright (c) 2012-2025 Anlogic Inc.
   Executable = D:/Tools/Anlogic/TD_6.2/bin/td.exe
   Built at =   16:32:07 Jun 12 2025
   Run by =     zbrmyyds
   Run Date =   Mon Apr 20 18:35:53 2026

   Run on =     LAPTOP-ER898QR8
============================================================
RUN-1002 : start command "import_db C:/Users/zbrmyyds/Desktop/anlu/FPGA_Prj/I2S/transmitor/APUG092_HDMI1.4b_Transmitter_V1.4/src/td_project/HDMI1.4b_Transmitter_v1.0_Runs/phy_1/HDMI1.4b_Transmitter_v1.0_pr.db"
RUN-1001 : Importing database generated by Tang Dynasty, V6.2.168116.
RUN-1001 : Database version number 46207
RUN-1001 : Import flow parameters
RUN-1001 : Import netlist
PHY-1001 : Generate detailed routing grids ...
PHY-1001 : End build routing graph; 2.249852s wall, 2.203125s user + 0.078125s system = 2.281250s CPU (101.4%)

PHY-1001 : Build lut bridge;  0.041466s wall, 0.031250s user + 0.000000s system = 0.031250s CPU (75.4%)

PHY-1001 : Generate nets ...
PHY-1001 : net I_sys_clk_dup_1 will be routed on clock mesh
PHY-1001 : clock net u_I2S_receiver/I_clk will be merged with clock U_pll_hdmi_audio/clk0_buf
PHY-1001 : net u_i2s_rom_player_single_pll_fix64/I_mclk will be routed on clock mesh
PHY-1001 : net u_hdmi2phy_wrapper/u0_lane_lvds_8_1/I_serial_clk will be routed on clock mesh
PHY-1001 : eco open net = 0
PHY-1001 : 23 feed throughs used by 22 nets
RUN-1001 : Import phy database
RUN-1001 : Import timing constraints
RUN-1001 : Import IO constraints
RUN-1001 : Import Inst constraints
RUN-1001 : Import ChipWatcher
RUN-1001 : Import design success TD_VERSION=6.2.168116 , DB_VERSION=46207
RUN-1003 : finish command "import_db C:/Users/zbrmyyds/Desktop/anlu/FPGA_Prj/I2S/transmitor/APUG092_HDMI1.4b_Transmitter_V1.4/src/td_project/HDMI1.4b_Transmitter_v1.0_Runs/phy_1/HDMI1.4b_Transmitter_v1.0_pr.db" in  2.975338s wall, 2.890625s user + 0.187500s system = 3.078125s CPU (103.5%)

RUN-1004 : used memory is 549 MB, reserved memory is 511 MB, peak memory is 603 MB
RUN-1002 : start command "commit_param -step design"
RUN-1001 : Print Global Property
RUN-1001 : --------------------------------------------------------
RUN-1001 :   Parameters   |  Settings  |  Default Values  |  Note  
RUN-1001 : --------------------------------------------------------
RUN-1001 :   enable_seed  |    off     |       off        |        
RUN-1001 :     message    |  standard  |     standard     |        
RUN-1001 :   qor_monitor  |     on     |        on        |        
RUN-1001 :   syn_ip_flow  |    off     |       off        |        
RUN-1001 :     thread     |    auto    |       auto       |        
RUN-1001 : --------------------------------------------------------
RUN-1001 : Print Design Property
RUN-1001 : ----------------------------------------------------------------
RUN-1001 :       Parameters       |  Settings  |  Default Values  |  Note  
RUN-1001 : ----------------------------------------------------------------
RUN-1001 :   default_reg_initial  |    auto    |       auto       |        
RUN-1001 :    hdl_warning_level   |   normal   |      normal      |        
RUN-1001 : ----------------------------------------------------------------
GUI-6001 WARNING: File ../user_source/hdl_source/design_top_wrapper.v does not exist!
GUI-6001 WARNING: File C:/Users/zbrmyyds/Desktop/anlu/FPGA_Prj/I2S/transmitor/APUG092_HDMI1.4b_Transmitter_V1.4/src/user_source/hdl_source/design_top_wrapper.v does not exist!
HDL-1007 : analyze verilog file al_ip/AUDIO_SAMPLE_ROM.v
HDL-1007 : analyze verilog file al_ip/PLL.v
HDL-1007 : undeclared symbol 'PLL_open0', assumed default net type 'wire' in al_ip/PLL.v(78)
HDL-1007 : undeclared symbol 'PLL_open8', assumed default net type 'wire' in al_ip/PLL.v(84)
HDL-1007 : undeclared symbol 'PLL_open7', assumed default net type 'wire' in al_ip/PLL.v(84)
HDL-1007 : undeclared symbol 'PLL_open6', assumed default net type 'wire' in al_ip/PLL.v(84)
HDL-1007 : undeclared symbol 'PLL_open5', assumed default net type 'wire' in al_ip/PLL.v(84)
HDL-1007 : undeclared symbol 'PLL_open4', assumed default net type 'wire' in al_ip/PLL.v(84)
HDL-1007 : undeclared symbol 'PLL_open3', assumed default net type 'wire' in al_ip/PLL.v(84)
HDL-1007 : undeclared symbol 'PLL_open2', assumed default net type 'wire' in al_ip/PLL.v(84)
HDL-1007 : undeclared symbol 'PLL_open1', assumed default net type 'wire' in al_ip/PLL.v(84)
HDL-1007 : undeclared symbol 'PLL_open11', assumed default net type 'wire' in al_ip/PLL.v(86)
HDL-1007 : undeclared symbol 'PLL_open10', assumed default net type 'wire' in al_ip/PLL.v(86)
HDL-1007 : undeclared symbol 'PLL_open9', assumed default net type 'wire' in al_ip/PLL.v(86)
HDL-1007 : analyze verilog file al_ip/PLL_HDMI_AUDIO.v
HDL-1007 : undeclared symbol 'PLL_HDMI_AUDIO_open0', assumed default net type 'wire' in al_ip/PLL_HDMI_AUDIO.v(85)
HDL-1007 : undeclared symbol 'PLL_HDMI_AUDIO_open8', assumed default net type 'wire' in al_ip/PLL_HDMI_AUDIO.v(91)
HDL-1007 : undeclared symbol 'PLL_HDMI_AUDIO_open7', assumed default net type 'wire' in al_ip/PLL_HDMI_AUDIO.v(91)
HDL-1007 : undeclared symbol 'PLL_HDMI_AUDIO_open6', assumed default net type 'wire' in al_ip/PLL_HDMI_AUDIO.v(91)
HDL-1007 : undeclared symbol 'PLL_HDMI_AUDIO_open5', assumed default net type 'wire' in al_ip/PLL_HDMI_AUDIO.v(91)
HDL-1007 : undeclared symbol 'PLL_HDMI_AUDIO_open4', assumed default net type 'wire' in al_ip/PLL_HDMI_AUDIO.v(91)
HDL-1007 : undeclared symbol 'PLL_HDMI_AUDIO_open3', assumed default net type 'wire' in al_ip/PLL_HDMI_AUDIO.v(91)
HDL-1007 : undeclared symbol 'PLL_HDMI_AUDIO_open2', assumed default net type 'wire' in al_ip/PLL_HDMI_AUDIO.v(91)
HDL-1007 : undeclared symbol 'PLL_HDMI_AUDIO_open1', assumed default net type 'wire' in al_ip/PLL_HDMI_AUDIO.v(91)
HDL-1007 : undeclared symbol 'PLL_HDMI_AUDIO_open10', assumed default net type 'wire' in al_ip/PLL_HDMI_AUDIO.v(93)
HDL-1007 : undeclared symbol 'PLL_HDMI_AUDIO_open9', assumed default net type 'wire' in al_ip/PLL_HDMI_AUDIO.v(93)
HDL-1007 : analyze verilog file ../user_source/hdl_source/video_source_test.v
HDL-1007 : analyze verilog file ../user_source/hdl_source/key_remove_shakes.v
HDL-1007 : analyze verilog file ../user_source/hdl_source/I2S_receiver.v
HDL-1007 : analyze verilog file ../user_source/hdl_source/audio_arc_calculate.v
HDL-1007 : analyze verilog file ../user_source/hdl_source/hdmi_phy_warpper.v
HDL-1007 : analyze verilog file ../user_source/hdl_source/lane_lvds_10_1.v
HDL-1007 : analyze verilog file ../user_source/hdl_source/hdmi1.4b_transmitter_core/hdmi_1_4b_transmitter_core_wrapper.enc.v
HDL-1007 : undeclared symbol '**', assumed default net type '**' in ../user_source/hdl_source/hdmi1.4b_transmitter_core/hdmi_1_4b_transmitter_core_wrapper.enc.v(2614)
HDL-1007 : undeclared symbol '**', assumed default net type '**' in ../user_source/hdl_source/hdmi1.4b_transmitter_core/hdmi_1_4b_transmitter_core_wrapper.enc.v(2716)
HDL-1007 : undeclared symbol '**', assumed default net type '**' in ../user_source/hdl_source/hdmi1.4b_transmitter_core/hdmi_1_4b_transmitter_core_wrapper.enc.v(2724)
HDL-1007 : undeclared symbol '**', assumed default net type '**' in ../user_source/hdl_source/hdmi1.4b_transmitter_core/hdmi_1_4b_transmitter_core_wrapper.enc.v(4936)
HDL-1007 : undeclared symbol '**', assumed default net type '**' in ../user_source/hdl_source/hdmi1.4b_transmitter_core/hdmi_1_4b_transmitter_core_wrapper.enc.v(5989)
HDL-1007 : back to file '../user_source/hdl_source/hdmi1.4b_transmitter_core/hdmi_1_4b_transmitter_core_wrapper.enc.v' in ../user_source/hdl_source/hdmi1.4b_transmitter_core/hdmi_1_4b_transmitter_core_wrapper.enc.v(77)
HDL-1007 : analyze verilog file ../user_source/hdl_source/test/i2s_test_tone_gen_pll.v
HDL-1007 : analyze verilog file ../user_source/hdl_source/rom/i2s_rom_player_single_pll_fix64_rom_ip.v
RUN-1002 : start command "commit_param -step design"
RUN-1001 : Print Global Property
RUN-1001 : --------------------------------------------------------
RUN-1001 :   Parameters   |  Settings  |  Default Values  |  Note  
RUN-1001 : --------------------------------------------------------
RUN-1001 :   enable_seed  |    off     |       off        |        
RUN-1001 :     message    |  standard  |     standard     |        
RUN-1001 :   qor_monitor  |     on     |        on        |        
RUN-1001 :   syn_ip_flow  |    off     |       off        |        
RUN-1001 :     thread     |    auto    |       auto       |        
RUN-1001 : --------------------------------------------------------
RUN-1001 : Print Design Property
RUN-1001 : ----------------------------------------------------------------
RUN-1001 :       Parameters       |  Settings  |  Default Values  |  Note  
RUN-1001 : ----------------------------------------------------------------
RUN-1001 :   default_reg_initial  |    auto    |       auto       |        
RUN-1001 :    hdl_warning_level   |   normal   |      normal      |        
RUN-1001 : ----------------------------------------------------------------
HDL-1007 : analyze verilog file al_ip/AUDIO_SAMPLE_ROM.v
HDL-1007 : analyze verilog file al_ip/PLL.v
HDL-1007 : undeclared symbol 'PLL_open0', assumed default net type 'wire' in al_ip/PLL.v(78)
HDL-1007 : undeclared symbol 'PLL_open8', assumed default net type 'wire' in al_ip/PLL.v(84)
HDL-1007 : undeclared symbol 'PLL_open7', assumed default net type 'wire' in al_ip/PLL.v(84)
HDL-1007 : undeclared symbol 'PLL_open6', assumed default net type 'wire' in al_ip/PLL.v(84)
HDL-1007 : undeclared symbol 'PLL_open5', assumed default net type 'wire' in al_ip/PLL.v(84)
HDL-1007 : undeclared symbol 'PLL_open4', assumed default net type 'wire' in al_ip/PLL.v(84)
HDL-1007 : undeclared symbol 'PLL_open3', assumed default net type 'wire' in al_ip/PLL.v(84)
HDL-1007 : undeclared symbol 'PLL_open2', assumed default net type 'wire' in al_ip/PLL.v(84)
HDL-1007 : undeclared symbol 'PLL_open1', assumed default net type 'wire' in al_ip/PLL.v(84)
HDL-1007 : undeclared symbol 'PLL_open11', assumed default net type 'wire' in al_ip/PLL.v(86)
HDL-1007 : undeclared symbol 'PLL_open10', assumed default net type 'wire' in al_ip/PLL.v(86)
HDL-1007 : undeclared symbol 'PLL_open9', assumed default net type 'wire' in al_ip/PLL.v(86)
HDL-1007 : analyze verilog file al_ip/PLL_HDMI_AUDIO.v
HDL-1007 : undeclared symbol 'PLL_HDMI_AUDIO_open0', assumed default net type 'wire' in al_ip/PLL_HDMI_AUDIO.v(85)
HDL-1007 : undeclared symbol 'PLL_HDMI_AUDIO_open8', assumed default net type 'wire' in al_ip/PLL_HDMI_AUDIO.v(91)
HDL-1007 : undeclared symbol 'PLL_HDMI_AUDIO_open7', assumed default net type 'wire' in al_ip/PLL_HDMI_AUDIO.v(91)
HDL-1007 : undeclared symbol 'PLL_HDMI_AUDIO_open6', assumed default net type 'wire' in al_ip/PLL_HDMI_AUDIO.v(91)
HDL-1007 : undeclared symbol 'PLL_HDMI_AUDIO_open5', assumed default net type 'wire' in al_ip/PLL_HDMI_AUDIO.v(91)
HDL-1007 : undeclared symbol 'PLL_HDMI_AUDIO_open4', assumed default net type 'wire' in al_ip/PLL_HDMI_AUDIO.v(91)
HDL-1007 : undeclared symbol 'PLL_HDMI_AUDIO_open3', assumed default net type 'wire' in al_ip/PLL_HDMI_AUDIO.v(91)
HDL-1007 : undeclared symbol 'PLL_HDMI_AUDIO_open2', assumed default net type 'wire' in al_ip/PLL_HDMI_AUDIO.v(91)
HDL-1007 : undeclared symbol 'PLL_HDMI_AUDIO_open1', assumed default net type 'wire' in al_ip/PLL_HDMI_AUDIO.v(91)
HDL-1007 : undeclared symbol 'PLL_HDMI_AUDIO_open10', assumed default net type 'wire' in al_ip/PLL_HDMI_AUDIO.v(93)
HDL-1007 : undeclared symbol 'PLL_HDMI_AUDIO_open9', assumed default net type 'wire' in al_ip/PLL_HDMI_AUDIO.v(93)
HDL-1007 : analyze verilog file ../user_source/hdl_source/video_source_test.v
HDL-1007 : analyze verilog file ../user_source/hdl_source/key_remove_shakes.v
HDL-1007 : analyze verilog file ../user_source/hdl_source/I2S_receiver.v
HDL-1007 : analyze verilog file ../user_source/hdl_source/audio_arc_calculate.v
HDL-1007 : analyze verilog file ../user_source/hdl_source/hdmi_phy_warpper.v
HDL-1007 : analyze verilog file ../user_source/hdl_source/lane_lvds_10_1.v
HDL-1007 : analyze verilog file ../user_source/hdl_source/hdmi1.4b_transmitter_core/hdmi_1_4b_transmitter_core_wrapper.enc.v
HDL-1007 : undeclared symbol '**', assumed default net type '**' in ../user_source/hdl_source/hdmi1.4b_transmitter_core/hdmi_1_4b_transmitter_core_wrapper.enc.v(2614)
HDL-1007 : undeclared symbol '**', assumed default net type '**' in ../user_source/hdl_source/hdmi1.4b_transmitter_core/hdmi_1_4b_transmitter_core_wrapper.enc.v(2716)
HDL-1007 : undeclared symbol '**', assumed default net type '**' in ../user_source/hdl_source/hdmi1.4b_transmitter_core/hdmi_1_4b_transmitter_core_wrapper.enc.v(2724)
HDL-1007 : undeclared symbol '**', assumed default net type '**' in ../user_source/hdl_source/hdmi1.4b_transmitter_core/hdmi_1_4b_transmitter_core_wrapper.enc.v(4936)
HDL-1007 : undeclared symbol '**', assumed default net type '**' in ../user_source/hdl_source/hdmi1.4b_transmitter_core/hdmi_1_4b_transmitter_core_wrapper.enc.v(5989)
HDL-1007 : back to file '../user_source/hdl_source/hdmi1.4b_transmitter_core/hdmi_1_4b_transmitter_core_wrapper.enc.v' in ../user_source/hdl_source/hdmi1.4b_transmitter_core/hdmi_1_4b_transmitter_core_wrapper.enc.v(77)
HDL-1007 : analyze verilog file ../user_source/hdl_source/test/i2s_test_tone_gen_pll.v
HDL-1007 : analyze verilog file ../user_source/hdl_source/rom/i2s_rom_player_single_pll_fix64_rom_ip.v
HDL-1007 : analyze verilog file ../user_source/hdl_source/top_tf_hdmi_audio.v
RUN-1002 : start command "commit_param -step design"
RUN-1001 : Print Global Property
RUN-1001 : --------------------------------------------------------
RUN-1001 :   Parameters   |  Settings  |  Default Values  |  Note  
RUN-1001 : --------------------------------------------------------
RUN-1001 :   enable_seed  |    off     |       off        |        
RUN-1001 :     message    |  standard  |     standard     |        
RUN-1001 :   qor_monitor  |     on     |        on        |        
RUN-1001 :   syn_ip_flow  |    off     |       off        |        
RUN-1001 :     thread     |    auto    |       auto       |        
RUN-1001 : --------------------------------------------------------
RUN-1001 : Print Design Property
RUN-1001 : ----------------------------------------------------------------
RUN-1001 :       Parameters       |  Settings  |  Default Values  |  Note  
RUN-1001 : ----------------------------------------------------------------
RUN-1001 :   default_reg_initial  |    auto    |       auto       |        
RUN-1001 :    hdl_warning_level   |   normal   |      normal      |        
RUN-1001 : ----------------------------------------------------------------
HDL-1007 : analyze verilog file ../user_source/hdl_source/ip/afifo_16_32_256.v
HDL-1007 : analyze verilog file ../user_source/hdl_source/ip/afifo_32_16_256.v
HDL-1007 : analyze verilog file ../user_source/hdl_source/ip/sdram.v
HDL-1007 : analyze verilog file ../user_source/hdl_source/ip/sys_pll.v
HDL-1007 : undeclared symbol 'open', assumed default net type 'wire' in ../user_source/hdl_source/ip/sys_pll.v(77)
HDL-1007 : analyze verilog file ../user_source/hdl_source/ip/video_pll.v
HDL-1007 : undeclared symbol 'open', assumed default net type 'wire' in ../user_source/hdl_source/ip/video_pll.v(70)
HDL-1007 : analyze verilog file al_ip/AUDIO_SAMPLE_ROM.v
HDL-1007 : analyze verilog file al_ip/PLL.v
HDL-1007 : undeclared symbol 'PLL_open0', assumed default net type 'wire' in al_ip/PLL.v(78)
HDL-1007 : undeclared symbol 'PLL_open8', assumed default net type 'wire' in al_ip/PLL.v(84)
HDL-1007 : undeclared symbol 'PLL_open7', assumed default net type 'wire' in al_ip/PLL.v(84)
HDL-1007 : undeclared symbol 'PLL_open6', assumed default net type 'wire' in al_ip/PLL.v(84)
HDL-1007 : undeclared symbol 'PLL_open5', assumed default net type 'wire' in al_ip/PLL.v(84)
HDL-1007 : undeclared symbol 'PLL_open4', assumed default net type 'wire' in al_ip/PLL.v(84)
HDL-1007 : undeclared symbol 'PLL_open3', assumed default net type 'wire' in al_ip/PLL.v(84)
HDL-1007 : undeclared symbol 'PLL_open2', assumed default net type 'wire' in al_ip/PLL.v(84)
HDL-1007 : undeclared symbol 'PLL_open1', assumed default net type 'wire' in al_ip/PLL.v(84)
HDL-1007 : undeclared symbol 'PLL_open11', assumed default net type 'wire' in al_ip/PLL.v(86)
HDL-1007 : undeclared symbol 'PLL_open10', assumed default net type 'wire' in al_ip/PLL.v(86)
HDL-1007 : undeclared symbol 'PLL_open9', assumed default net type 'wire' in al_ip/PLL.v(86)
HDL-1007 : analyze verilog file al_ip/PLL_HDMI_AUDIO.v
HDL-1007 : undeclared symbol 'PLL_HDMI_AUDIO_open0', assumed default net type 'wire' in al_ip/PLL_HDMI_AUDIO.v(85)
HDL-1007 : undeclared symbol 'PLL_HDMI_AUDIO_open8', assumed default net type 'wire' in al_ip/PLL_HDMI_AUDIO.v(91)
HDL-1007 : undeclared symbol 'PLL_HDMI_AUDIO_open7', assumed default net type 'wire' in al_ip/PLL_HDMI_AUDIO.v(91)
HDL-1007 : undeclared symbol 'PLL_HDMI_AUDIO_open6', assumed default net type 'wire' in al_ip/PLL_HDMI_AUDIO.v(91)
HDL-1007 : undeclared symbol 'PLL_HDMI_AUDIO_open5', assumed default net type 'wire' in al_ip/PLL_HDMI_AUDIO.v(91)
HDL-1007 : undeclared symbol 'PLL_HDMI_AUDIO_open4', assumed default net type 'wire' in al_ip/PLL_HDMI_AUDIO.v(91)
HDL-1007 : undeclared symbol 'PLL_HDMI_AUDIO_open3', assumed default net type 'wire' in al_ip/PLL_HDMI_AUDIO.v(91)
HDL-1007 : undeclared symbol 'PLL_HDMI_AUDIO_open2', assumed default net type 'wire' in al_ip/PLL_HDMI_AUDIO.v(91)
HDL-1007 : undeclared symbol 'PLL_HDMI_AUDIO_open1', assumed default net type 'wire' in al_ip/PLL_HDMI_AUDIO.v(91)
HDL-1007 : undeclared symbol 'PLL_HDMI_AUDIO_open10', assumed default net type 'wire' in al_ip/PLL_HDMI_AUDIO.v(93)
HDL-1007 : undeclared symbol 'PLL_HDMI_AUDIO_open9', assumed default net type 'wire' in al_ip/PLL_HDMI_AUDIO.v(93)
HDL-1007 : analyze verilog file ../user_source/hdl_source/video_source_test.v
HDL-1007 : analyze verilog file ../user_source/hdl_source/key_remove_shakes.v
HDL-1007 : analyze verilog file ../user_source/hdl_source/I2S_receiver.v
HDL-1007 : analyze verilog file ../user_source/hdl_source/audio_arc_calculate.v
HDL-1007 : analyze verilog file ../user_source/hdl_source/hdmi_phy_warpper.v
HDL-1007 : analyze verilog file ../user_source/hdl_source/lane_lvds_10_1.v
HDL-1007 : analyze verilog file ../user_source/hdl_source/hdmi1.4b_transmitter_core/hdmi_1_4b_transmitter_core_wrapper.enc.v
HDL-1007 : undeclared symbol '**', assumed default net type '**' in ../user_source/hdl_source/hdmi1.4b_transmitter_core/hdmi_1_4b_transmitter_core_wrapper.enc.v(2614)
HDL-1007 : undeclared symbol '**', assumed default net type '**' in ../user_source/hdl_source/hdmi1.4b_transmitter_core/hdmi_1_4b_transmitter_core_wrapper.enc.v(2716)
HDL-1007 : undeclared symbol '**', assumed default net type '**' in ../user_source/hdl_source/hdmi1.4b_transmitter_core/hdmi_1_4b_transmitter_core_wrapper.enc.v(2724)
HDL-1007 : undeclared symbol '**', assumed default net type '**' in ../user_source/hdl_source/hdmi1.4b_transmitter_core/hdmi_1_4b_transmitter_core_wrapper.enc.v(4936)
HDL-1007 : undeclared symbol '**', assumed default net type '**' in ../user_source/hdl_source/hdmi1.4b_transmitter_core/hdmi_1_4b_transmitter_core_wrapper.enc.v(5989)
HDL-1007 : back to file '../user_source/hdl_source/hdmi1.4b_transmitter_core/hdmi_1_4b_transmitter_core_wrapper.enc.v' in ../user_source/hdl_source/hdmi1.4b_transmitter_core/hdmi_1_4b_transmitter_core_wrapper.enc.v(77)
HDL-1007 : analyze verilog file ../user_source/hdl_source/test/i2s_test_tone_gen_pll.v
HDL-1007 : analyze verilog file ../user_source/hdl_source/rom/i2s_rom_player_single_pll_fix64_rom_ip.v
HDL-1007 : analyze verilog file ../user_source/hdl_source/top_tf_hdmi_audio.v
HDL-8007 ERROR: cannot find port 'Clk' on this module in ../user_source/hdl_source/top_tf_hdmi_audio.v(252)
HDL-8007 ERROR: cannot find port 'Clk_sft' on this module in ../user_source/hdl_source/top_tf_hdmi_audio.v(253)
HDL-8007 ERROR: cannot find port 'Rst' on this module in ../user_source/hdl_source/top_tf_hdmi_audio.v(254)
HDL-8007 ERROR: cannot find port 'Sdr_init_done' on this module in ../user_source/hdl_source/top_tf_hdmi_audio.v(255)
HDL-8007 ERROR: cannot find port 'Sdr_init_ref_vld' on this module in ../user_source/hdl_source/top_tf_hdmi_audio.v(256)
HDL-8007 ERROR: cannot find port 'Sdr_busy' on this module in ../user_source/hdl_source/top_tf_hdmi_audio.v(257)
HDL-8007 ERROR: cannot find port 'App_wr_en' on this module in ../user_source/hdl_source/top_tf_hdmi_audio.v(258)
HDL-8007 ERROR: cannot find port 'App_wr_addr' on this module in ../user_source/hdl_source/top_tf_hdmi_audio.v(259)
HDL-8007 ERROR: cannot find port 'App_wr_dm' on this module in ../user_source/hdl_source/top_tf_hdmi_audio.v(260)
HDL-8007 ERROR: cannot find port 'App_wr_din' on this module in ../user_source/hdl_source/top_tf_hdmi_audio.v(261)
HDL-8007 Similar messages will be suppressed.
RUN-1002 : start command "commit_param -step design"
RUN-1001 : Print Global Property
RUN-1001 : --------------------------------------------------------
RUN-1001 :   Parameters   |  Settings  |  Default Values  |  Note  
RUN-1001 : --------------------------------------------------------
RUN-1001 :   enable_seed  |    off     |       off        |        
RUN-1001 :     message    |  standard  |     standard     |        
RUN-1001 :   qor_monitor  |     on     |        on        |        
RUN-1001 :   syn_ip_flow  |    off     |       off        |        
RUN-1001 :     thread     |    auto    |       auto       |        
RUN-1001 : --------------------------------------------------------
RUN-1001 : Print Design Property
RUN-1001 : ----------------------------------------------------------------
RUN-1001 :       Parameters       |  Settings  |  Default Values  |  Note  
RUN-1001 : ----------------------------------------------------------------
RUN-1001 :   default_reg_initial  |    auto    |       auto       |        
RUN-1001 :    hdl_warning_level   |   normal   |      normal      |        
RUN-1001 : ----------------------------------------------------------------
HDL-1007 : analyze verilog file ../user_source/hdl_source/ip/afifo_16_32_256.v
HDL-1007 : analyze verilog file ../user_source/hdl_source/ip/afifo_32_16_256.v
HDL-1007 : analyze verilog file ../user_source/hdl_source/ip/sdram.v
HDL-1007 : analyze verilog file ../user_source/hdl_source/ip/sys_pll.v
HDL-1007 : undeclared symbol 'open', assumed default net type 'wire' in ../user_source/hdl_source/ip/sys_pll.v(77)
HDL-1007 : analyze verilog file ../user_source/hdl_source/ip/video_pll.v
HDL-1007 : undeclared symbol 'open', assumed default net type 'wire' in ../user_source/hdl_source/ip/video_pll.v(70)
HDL-1007 : analyze verilog file al_ip/AUDIO_SAMPLE_ROM.v
HDL-1007 : analyze verilog file al_ip/PLL.v
HDL-1007 : undeclared symbol 'PLL_open0', assumed default net type 'wire' in al_ip/PLL.v(78)
HDL-1007 : undeclared symbol 'PLL_open8', assumed default net type 'wire' in al_ip/PLL.v(84)
HDL-1007 : undeclared symbol 'PLL_open7', assumed default net type 'wire' in al_ip/PLL.v(84)
HDL-1007 : undeclared symbol 'PLL_open6', assumed default net type 'wire' in al_ip/PLL.v(84)
HDL-1007 : undeclared symbol 'PLL_open5', assumed default net type 'wire' in al_ip/PLL.v(84)
HDL-1007 : undeclared symbol 'PLL_open4', assumed default net type 'wire' in al_ip/PLL.v(84)
HDL-1007 : undeclared symbol 'PLL_open3', assumed default net type 'wire' in al_ip/PLL.v(84)
HDL-1007 : undeclared symbol 'PLL_open2', assumed default net type 'wire' in al_ip/PLL.v(84)
HDL-1007 : undeclared symbol 'PLL_open1', assumed default net type 'wire' in al_ip/PLL.v(84)
HDL-1007 : undeclared symbol 'PLL_open11', assumed default net type 'wire' in al_ip/PLL.v(86)
HDL-1007 : undeclared symbol 'PLL_open10', assumed default net type 'wire' in al_ip/PLL.v(86)
HDL-1007 : undeclared symbol 'PLL_open9', assumed default net type 'wire' in al_ip/PLL.v(86)
HDL-1007 : analyze verilog file al_ip/PLL_HDMI_AUDIO.v
HDL-1007 : undeclared symbol 'PLL_HDMI_AUDIO_open0', assumed default net type 'wire' in al_ip/PLL_HDMI_AUDIO.v(85)
HDL-1007 : undeclared symbol 'PLL_HDMI_AUDIO_open8', assumed default net type 'wire' in al_ip/PLL_HDMI_AUDIO.v(91)
HDL-1007 : undeclared symbol 'PLL_HDMI_AUDIO_open7', assumed default net type 'wire' in al_ip/PLL_HDMI_AUDIO.v(91)
HDL-1007 : undeclared symbol 'PLL_HDMI_AUDIO_open6', assumed default net type 'wire' in al_ip/PLL_HDMI_AUDIO.v(91)
HDL-1007 : undeclared symbol 'PLL_HDMI_AUDIO_open5', assumed default net type 'wire' in al_ip/PLL_HDMI_AUDIO.v(91)
HDL-1007 : undeclared symbol 'PLL_HDMI_AUDIO_open4', assumed default net type 'wire' in al_ip/PLL_HDMI_AUDIO.v(91)
HDL-1007 : undeclared symbol 'PLL_HDMI_AUDIO_open3', assumed default net type 'wire' in al_ip/PLL_HDMI_AUDIO.v(91)
HDL-1007 : undeclared symbol 'PLL_HDMI_AUDIO_open2', assumed default net type 'wire' in al_ip/PLL_HDMI_AUDIO.v(91)
HDL-1007 : undeclared symbol 'PLL_HDMI_AUDIO_open1', assumed default net type 'wire' in al_ip/PLL_HDMI_AUDIO.v(91)
HDL-1007 : undeclared symbol 'PLL_HDMI_AUDIO_open10', assumed default net type 'wire' in al_ip/PLL_HDMI_AUDIO.v(93)
HDL-1007 : undeclared symbol 'PLL_HDMI_AUDIO_open9', assumed default net type 'wire' in al_ip/PLL_HDMI_AUDIO.v(93)
HDL-1007 : analyze verilog file ../user_source/hdl_source/video_source_test.v
HDL-1007 : analyze verilog file ../user_source/hdl_source/key_remove_shakes.v
HDL-1007 : analyze verilog file ../user_source/hdl_source/I2S_receiver.v
HDL-1007 : analyze verilog file ../user_source/hdl_source/audio_arc_calculate.v
HDL-1007 : analyze verilog file ../user_source/hdl_source/hdmi_phy_warpper.v
HDL-1007 : analyze verilog file ../user_source/hdl_source/lane_lvds_10_1.v
HDL-1007 : analyze verilog file ../user_source/hdl_source/hdmi1.4b_transmitter_core/hdmi_1_4b_transmitter_core_wrapper.enc.v
HDL-1007 : undeclared symbol '**', assumed default net type '**' in ../user_source/hdl_source/hdmi1.4b_transmitter_core/hdmi_1_4b_transmitter_core_wrapper.enc.v(2614)
HDL-1007 : undeclared symbol '**', assumed default net type '**' in ../user_source/hdl_source/hdmi1.4b_transmitter_core/hdmi_1_4b_transmitter_core_wrapper.enc.v(2716)
HDL-1007 : undeclared symbol '**', assumed default net type '**' in ../user_source/hdl_source/hdmi1.4b_transmitter_core/hdmi_1_4b_transmitter_core_wrapper.enc.v(2724)
HDL-1007 : undeclared symbol '**', assumed default net type '**' in ../user_source/hdl_source/hdmi1.4b_transmitter_core/hdmi_1_4b_transmitter_core_wrapper.enc.v(4936)
HDL-1007 : undeclared symbol '**', assumed default net type '**' in ../user_source/hdl_source/hdmi1.4b_transmitter_core/hdmi_1_4b_transmitter_core_wrapper.enc.v(5989)
HDL-1007 : back to file '../user_source/hdl_source/hdmi1.4b_transmitter_core/hdmi_1_4b_transmitter_core_wrapper.enc.v' in ../user_source/hdl_source/hdmi1.4b_transmitter_core/hdmi_1_4b_transmitter_core_wrapper.enc.v(77)
HDL-1007 : analyze verilog file ../user_source/hdl_source/test/i2s_test_tone_gen_pll.v
HDL-1007 : analyze verilog file ../user_source/hdl_source/rom/i2s_rom_player_single_pll_fix64_rom_ip.v
HDL-1007 : analyze verilog file ../user_source/hdl_source/top_tf_hdmi_audio.v
HDL-1007 : analyze verilog file ../user_source/hdl_source/SD/ax_debounce.v
HDL-1007 : analyze verilog file ../user_source/hdl_source/SD/bmp_read.v
HDL-1007 : analyze verilog file ../user_source/hdl_source/SD/color_bar.v
HDL-1007 : analyze included file ../user_source/hdl_source/SD/video_define.v in ../user_source/hdl_source/SD/color_bar.v(2)
HDL-1007 : back to file '../user_source/hdl_source/SD/color_bar.v' in ../user_source/hdl_source/SD/color_bar.v(2)
HDL-1007 : analyze verilog file ../user_source/hdl_source/SD/frame_fifo_read.v
HDL-1007 : analyze verilog file ../user_source/hdl_source/SD/frame_fifo_write.v
HDL-1007 : analyze verilog file ../user_source/hdl_source/SD/frame_read_write.v
HDL-1007 : analyze verilog file ../user_source/hdl_source/SD/sd_card_bmp.v
HDL-1007 : analyze verilog file ../user_source/hdl_source/SD/seg_decoder.v
HDL-1007 : analyze verilog file ../user_source/hdl_source/SD/seg_scan.v
HDL-1007 : analyze verilog file ../user_source/hdl_source/SD/video_delay.v
HDL-1007 : analyze verilog file ../user_source/hdl_source/SD/video_timing_data.v
HDL-8007 ERROR: cannot find port 'Clk' on this module in ../user_source/hdl_source/top_tf_hdmi_audio.v(252)
HDL-8007 ERROR: cannot find port 'Clk_sft' on this module in ../user_source/hdl_source/top_tf_hdmi_audio.v(253)
HDL-8007 ERROR: cannot find port 'Rst' on this module in ../user_source/hdl_source/top_tf_hdmi_audio.v(254)
HDL-8007 ERROR: cannot find port 'Sdr_init_done' on this module in ../user_source/hdl_source/top_tf_hdmi_audio.v(255)
HDL-8007 ERROR: cannot find port 'Sdr_init_ref_vld' on this module in ../user_source/hdl_source/top_tf_hdmi_audio.v(256)
HDL-8007 ERROR: cannot find port 'Sdr_busy' on this module in ../user_source/hdl_source/top_tf_hdmi_audio.v(257)
HDL-8007 ERROR: cannot find port 'App_wr_en' on this module in ../user_source/hdl_source/top_tf_hdmi_audio.v(258)
HDL-8007 ERROR: cannot find port 'App_wr_addr' on this module in ../user_source/hdl_source/top_tf_hdmi_audio.v(259)
HDL-8007 ERROR: cannot find port 'App_wr_dm' on this module in ../user_source/hdl_source/top_tf_hdmi_audio.v(260)
HDL-8007 ERROR: cannot find port 'App_wr_din' on this module in ../user_source/hdl_source/top_tf_hdmi_audio.v(261)
HDL-8007 Similar messages will be suppressed.
RUN-1002 : start command "commit_param -step design"
RUN-1001 : Print Global Property
RUN-1001 : --------------------------------------------------------
RUN-1001 :   Parameters   |  Settings  |  Default Values  |  Note  
RUN-1001 : --------------------------------------------------------
RUN-1001 :   enable_seed  |    off     |       off        |        
RUN-1001 :     message    |  standard  |     standard     |        
RUN-1001 :   qor_monitor  |     on     |        on        |        
RUN-1001 :   syn_ip_flow  |    off     |       off        |        
RUN-1001 :     thread     |    auto    |       auto       |        
RUN-1001 : --------------------------------------------------------
RUN-1001 : Print Design Property
RUN-1001 : ----------------------------------------------------------------
RUN-1001 :       Parameters       |  Settings  |  Default Values  |  Note  
RUN-1001 : ----------------------------------------------------------------
RUN-1001 :   default_reg_initial  |    auto    |       auto       |        
RUN-1001 :    hdl_warning_level   |   normal   |      normal      |        
RUN-1001 : ----------------------------------------------------------------
HDL-1007 : analyze verilog file ../user_source/hdl_source/ip/afifo_16_32_256.v
HDL-1007 : analyze verilog file ../user_source/hdl_source/ip/afifo_32_16_256.v
HDL-1007 : analyze verilog file ../user_source/hdl_source/ip/sdram.v
HDL-1007 : analyze verilog file ../user_source/hdl_source/ip/sys_pll.v
HDL-1007 : undeclared symbol 'open', assumed default net type 'wire' in ../user_source/hdl_source/ip/sys_pll.v(77)
HDL-1007 : analyze verilog file ../user_source/hdl_source/ip/video_pll.v
HDL-1007 : undeclared symbol 'open', assumed default net type 'wire' in ../user_source/hdl_source/ip/video_pll.v(70)
HDL-1007 : analyze verilog file al_ip/AUDIO_SAMPLE_ROM.v
HDL-1007 : analyze verilog file al_ip/PLL.v
HDL-1007 : undeclared symbol 'PLL_open0', assumed default net type 'wire' in al_ip/PLL.v(78)
HDL-1007 : undeclared symbol 'PLL_open8', assumed default net type 'wire' in al_ip/PLL.v(84)
HDL-1007 : undeclared symbol 'PLL_open7', assumed default net type 'wire' in al_ip/PLL.v(84)
HDL-1007 : undeclared symbol 'PLL_open6', assumed default net type 'wire' in al_ip/PLL.v(84)
HDL-1007 : undeclared symbol 'PLL_open5', assumed default net type 'wire' in al_ip/PLL.v(84)
HDL-1007 : undeclared symbol 'PLL_open4', assumed default net type 'wire' in al_ip/PLL.v(84)
HDL-1007 : undeclared symbol 'PLL_open3', assumed default net type 'wire' in al_ip/PLL.v(84)
HDL-1007 : undeclared symbol 'PLL_open2', assumed default net type 'wire' in al_ip/PLL.v(84)
HDL-1007 : undeclared symbol 'PLL_open1', assumed default net type 'wire' in al_ip/PLL.v(84)
HDL-1007 : undeclared symbol 'PLL_open11', assumed default net type 'wire' in al_ip/PLL.v(86)
HDL-1007 : undeclared symbol 'PLL_open10', assumed default net type 'wire' in al_ip/PLL.v(86)
HDL-1007 : undeclared symbol 'PLL_open9', assumed default net type 'wire' in al_ip/PLL.v(86)
HDL-1007 : analyze verilog file al_ip/PLL_HDMI_AUDIO.v
HDL-1007 : undeclared symbol 'PLL_HDMI_AUDIO_open0', assumed default net type 'wire' in al_ip/PLL_HDMI_AUDIO.v(85)
HDL-1007 : undeclared symbol 'PLL_HDMI_AUDIO_open8', assumed default net type 'wire' in al_ip/PLL_HDMI_AUDIO.v(91)
HDL-1007 : undeclared symbol 'PLL_HDMI_AUDIO_open7', assumed default net type 'wire' in al_ip/PLL_HDMI_AUDIO.v(91)
HDL-1007 : undeclared symbol 'PLL_HDMI_AUDIO_open6', assumed default net type 'wire' in al_ip/PLL_HDMI_AUDIO.v(91)
HDL-1007 : undeclared symbol 'PLL_HDMI_AUDIO_open5', assumed default net type 'wire' in al_ip/PLL_HDMI_AUDIO.v(91)
HDL-1007 : undeclared symbol 'PLL_HDMI_AUDIO_open4', assumed default net type 'wire' in al_ip/PLL_HDMI_AUDIO.v(91)
HDL-1007 : undeclared symbol 'PLL_HDMI_AUDIO_open3', assumed default net type 'wire' in al_ip/PLL_HDMI_AUDIO.v(91)
HDL-1007 : undeclared symbol 'PLL_HDMI_AUDIO_open2', assumed default net type 'wire' in al_ip/PLL_HDMI_AUDIO.v(91)
HDL-1007 : undeclared symbol 'PLL_HDMI_AUDIO_open1', assumed default net type 'wire' in al_ip/PLL_HDMI_AUDIO.v(91)
HDL-1007 : undeclared symbol 'PLL_HDMI_AUDIO_open10', assumed default net type 'wire' in al_ip/PLL_HDMI_AUDIO.v(93)
HDL-1007 : undeclared symbol 'PLL_HDMI_AUDIO_open9', assumed default net type 'wire' in al_ip/PLL_HDMI_AUDIO.v(93)
HDL-1007 : analyze verilog file ../user_source/hdl_source/video_source_test.v
HDL-1007 : analyze verilog file ../user_source/hdl_source/key_remove_shakes.v
HDL-1007 : analyze verilog file ../user_source/hdl_source/I2S_receiver.v
HDL-1007 : analyze verilog file ../user_source/hdl_source/audio_arc_calculate.v
HDL-1007 : analyze verilog file ../user_source/hdl_source/hdmi_phy_warpper.v
HDL-1007 : analyze verilog file ../user_source/hdl_source/lane_lvds_10_1.v
HDL-1007 : analyze verilog file ../user_source/hdl_source/hdmi1.4b_transmitter_core/hdmi_1_4b_transmitter_core_wrapper.enc.v
HDL-1007 : undeclared symbol '**', assumed default net type '**' in ../user_source/hdl_source/hdmi1.4b_transmitter_core/hdmi_1_4b_transmitter_core_wrapper.enc.v(2614)
HDL-1007 : undeclared symbol '**', assumed default net type '**' in ../user_source/hdl_source/hdmi1.4b_transmitter_core/hdmi_1_4b_transmitter_core_wrapper.enc.v(2716)
HDL-1007 : undeclared symbol '**', assumed default net type '**' in ../user_source/hdl_source/hdmi1.4b_transmitter_core/hdmi_1_4b_transmitter_core_wrapper.enc.v(2724)
HDL-1007 : undeclared symbol '**', assumed default net type '**' in ../user_source/hdl_source/hdmi1.4b_transmitter_core/hdmi_1_4b_transmitter_core_wrapper.enc.v(4936)
HDL-1007 : undeclared symbol '**', assumed default net type '**' in ../user_source/hdl_source/hdmi1.4b_transmitter_core/hdmi_1_4b_transmitter_core_wrapper.enc.v(5989)
HDL-1007 : back to file '../user_source/hdl_source/hdmi1.4b_transmitter_core/hdmi_1_4b_transmitter_core_wrapper.enc.v' in ../user_source/hdl_source/hdmi1.4b_transmitter_core/hdmi_1_4b_transmitter_core_wrapper.enc.v(77)
HDL-1007 : analyze verilog file ../user_source/hdl_source/test/i2s_test_tone_gen_pll.v
HDL-1007 : analyze verilog file ../user_source/hdl_source/rom/i2s_rom_player_single_pll_fix64_rom_ip.v
HDL-1007 : analyze verilog file ../user_source/hdl_source/top_tf_hdmi_audio.v
HDL-1007 : analyze verilog file ../user_source/hdl_source/SD/ax_debounce.v
HDL-1007 : analyze verilog file ../user_source/hdl_source/SD/bmp_read.v
HDL-1007 : analyze verilog file ../user_source/hdl_source/SD/color_bar.v
HDL-1007 : analyze included file ../user_source/hdl_source/SD/video_define.v in ../user_source/hdl_source/SD/color_bar.v(2)
HDL-1007 : back to file '../user_source/hdl_source/SD/color_bar.v' in ../user_source/hdl_source/SD/color_bar.v(2)
HDL-1007 : analyze verilog file ../user_source/hdl_source/SD/frame_fifo_read.v
HDL-1007 : analyze verilog file ../user_source/hdl_source/SD/frame_fifo_write.v
HDL-1007 : analyze verilog file ../user_source/hdl_source/SD/frame_read_write.v
HDL-1007 : analyze verilog file ../user_source/hdl_source/SD/sd_card_bmp.v
HDL-1007 : analyze verilog file ../user_source/hdl_source/SD/seg_decoder.v
HDL-1007 : analyze verilog file ../user_source/hdl_source/SD/seg_scan.v
HDL-1007 : analyze verilog file ../user_source/hdl_source/SD/video_delay.v
HDL-1007 : analyze verilog file ../user_source/hdl_source/SD/video_timing_data.v
HDL-1007 : analyze verilog file ../user_source/hdl_source/hdmi_audio_tone_i2s_64fs.v
HDL-8007 ERROR: cannot find port 'Clk' on this module in ../user_source/hdl_source/top_tf_hdmi_audio.v(252)
HDL-8007 ERROR: cannot find port 'Clk_sft' on this module in ../user_source/hdl_source/top_tf_hdmi_audio.v(253)
HDL-8007 ERROR: cannot find port 'Rst' on this module in ../user_source/hdl_source/top_tf_hdmi_audio.v(254)
HDL-8007 ERROR: cannot find port 'Sdr_init_done' on this module in ../user_source/hdl_source/top_tf_hdmi_audio.v(255)
HDL-8007 ERROR: cannot find port 'Sdr_init_ref_vld' on this module in ../user_source/hdl_source/top_tf_hdmi_audio.v(256)
HDL-8007 ERROR: cannot find port 'Sdr_busy' on this module in ../user_source/hdl_source/top_tf_hdmi_audio.v(257)
HDL-8007 ERROR: cannot find port 'App_wr_en' on this module in ../user_source/hdl_source/top_tf_hdmi_audio.v(258)
HDL-8007 ERROR: cannot find port 'App_wr_addr' on this module in ../user_source/hdl_source/top_tf_hdmi_audio.v(259)
HDL-8007 ERROR: cannot find port 'App_wr_dm' on this module in ../user_source/hdl_source/top_tf_hdmi_audio.v(260)
HDL-8007 ERROR: cannot find port 'App_wr_din' on this module in ../user_source/hdl_source/top_tf_hdmi_audio.v(261)
HDL-8007 Similar messages will be suppressed.
RUN-1002 : start command "commit_param -step design"
RUN-1001 : Print Global Property
RUN-1001 : --------------------------------------------------------
RUN-1001 :   Parameters   |  Settings  |  Default Values  |  Note  
RUN-1001 : --------------------------------------------------------
RUN-1001 :   enable_seed  |    off     |       off        |        
RUN-1001 :     message    |  standard  |     standard     |        
RUN-1001 :   qor_monitor  |     on     |        on        |        
RUN-1001 :   syn_ip_flow  |    off     |       off        |        
RUN-1001 :     thread     |    auto    |       auto       |        
RUN-1001 : --------------------------------------------------------
RUN-1001 : Print Design Property
RUN-1001 : ----------------------------------------------------------------
RUN-1001 :       Parameters       |  Settings  |  Default Values  |  Note  
RUN-1001 : ----------------------------------------------------------------
RUN-1001 :   default_reg_initial  |    auto    |       auto       |        
RUN-1001 :    hdl_warning_level   |   normal   |      normal      |        
RUN-1001 : ----------------------------------------------------------------
HDL-1007 : analyze verilog file ../user_source/hdl_source/ip/afifo_16_32_256.v
HDL-1007 : analyze verilog file ../user_source/hdl_source/ip/afifo_32_16_256.v
HDL-1007 : analyze verilog file ../user_source/hdl_source/ip/sdram.v
HDL-1007 : analyze verilog file ../user_source/hdl_source/ip/sys_pll.v
HDL-1007 : undeclared symbol 'open', assumed default net type 'wire' in ../user_source/hdl_source/ip/sys_pll.v(77)
HDL-1007 : analyze verilog file ../user_source/hdl_source/ip/video_pll.v
HDL-1007 : undeclared symbol 'open', assumed default net type 'wire' in ../user_source/hdl_source/ip/video_pll.v(70)
HDL-1007 : analyze verilog file al_ip/AUDIO_SAMPLE_ROM.v
HDL-1007 : analyze verilog file al_ip/PLL.v
HDL-1007 : undeclared symbol 'PLL_open0', assumed default net type 'wire' in al_ip/PLL.v(78)
HDL-1007 : undeclared symbol 'PLL_open8', assumed default net type 'wire' in al_ip/PLL.v(84)
HDL-1007 : undeclared symbol 'PLL_open7', assumed default net type 'wire' in al_ip/PLL.v(84)
HDL-1007 : undeclared symbol 'PLL_open6', assumed default net type 'wire' in al_ip/PLL.v(84)
HDL-1007 : undeclared symbol 'PLL_open5', assumed default net type 'wire' in al_ip/PLL.v(84)
HDL-1007 : undeclared symbol 'PLL_open4', assumed default net type 'wire' in al_ip/PLL.v(84)
HDL-1007 : undeclared symbol 'PLL_open3', assumed default net type 'wire' in al_ip/PLL.v(84)
HDL-1007 : undeclared symbol 'PLL_open2', assumed default net type 'wire' in al_ip/PLL.v(84)
HDL-1007 : undeclared symbol 'PLL_open1', assumed default net type 'wire' in al_ip/PLL.v(84)
HDL-1007 : undeclared symbol 'PLL_open11', assumed default net type 'wire' in al_ip/PLL.v(86)
HDL-1007 : undeclared symbol 'PLL_open10', assumed default net type 'wire' in al_ip/PLL.v(86)
HDL-1007 : undeclared symbol 'PLL_open9', assumed default net type 'wire' in al_ip/PLL.v(86)
HDL-1007 : analyze verilog file al_ip/PLL_HDMI_AUDIO.v
HDL-1007 : undeclared symbol 'PLL_HDMI_AUDIO_open0', assumed default net type 'wire' in al_ip/PLL_HDMI_AUDIO.v(85)
HDL-1007 : undeclared symbol 'PLL_HDMI_AUDIO_open8', assumed default net type 'wire' in al_ip/PLL_HDMI_AUDIO.v(91)
HDL-1007 : undeclared symbol 'PLL_HDMI_AUDIO_open7', assumed default net type 'wire' in al_ip/PLL_HDMI_AUDIO.v(91)
HDL-1007 : undeclared symbol 'PLL_HDMI_AUDIO_open6', assumed default net type 'wire' in al_ip/PLL_HDMI_AUDIO.v(91)
HDL-1007 : undeclared symbol 'PLL_HDMI_AUDIO_open5', assumed default net type 'wire' in al_ip/PLL_HDMI_AUDIO.v(91)
HDL-1007 : undeclared symbol 'PLL_HDMI_AUDIO_open4', assumed default net type 'wire' in al_ip/PLL_HDMI_AUDIO.v(91)
HDL-1007 : undeclared symbol 'PLL_HDMI_AUDIO_open3', assumed default net type 'wire' in al_ip/PLL_HDMI_AUDIO.v(91)
HDL-1007 : undeclared symbol 'PLL_HDMI_AUDIO_open2', assumed default net type 'wire' in al_ip/PLL_HDMI_AUDIO.v(91)
HDL-1007 : undeclared symbol 'PLL_HDMI_AUDIO_open1', assumed default net type 'wire' in al_ip/PLL_HDMI_AUDIO.v(91)
HDL-1007 : undeclared symbol 'PLL_HDMI_AUDIO_open10', assumed default net type 'wire' in al_ip/PLL_HDMI_AUDIO.v(93)
HDL-1007 : undeclared symbol 'PLL_HDMI_AUDIO_open9', assumed default net type 'wire' in al_ip/PLL_HDMI_AUDIO.v(93)
HDL-1007 : analyze verilog file ../user_source/hdl_source/video_source_test.v
HDL-1007 : analyze verilog file ../user_source/hdl_source/key_remove_shakes.v
HDL-1007 : analyze verilog file ../user_source/hdl_source/I2S_receiver.v
HDL-1007 : analyze verilog file ../user_source/hdl_source/audio_arc_calculate.v
HDL-1007 : analyze verilog file ../user_source/hdl_source/hdmi_phy_warpper.v
HDL-1007 : analyze verilog file ../user_source/hdl_source/lane_lvds_10_1.v
HDL-1007 : analyze verilog file ../user_source/hdl_source/hdmi1.4b_transmitter_core/hdmi_1_4b_transmitter_core_wrapper.enc.v
HDL-1007 : undeclared symbol '**', assumed default net type '**' in ../user_source/hdl_source/hdmi1.4b_transmitter_core/hdmi_1_4b_transmitter_core_wrapper.enc.v(2614)
HDL-1007 : undeclared symbol '**', assumed default net type '**' in ../user_source/hdl_source/hdmi1.4b_transmitter_core/hdmi_1_4b_transmitter_core_wrapper.enc.v(2716)
HDL-1007 : undeclared symbol '**', assumed default net type '**' in ../user_source/hdl_source/hdmi1.4b_transmitter_core/hdmi_1_4b_transmitter_core_wrapper.enc.v(2724)
HDL-1007 : undeclared symbol '**', assumed default net type '**' in ../user_source/hdl_source/hdmi1.4b_transmitter_core/hdmi_1_4b_transmitter_core_wrapper.enc.v(4936)
HDL-1007 : undeclared symbol '**', assumed default net type '**' in ../user_source/hdl_source/hdmi1.4b_transmitter_core/hdmi_1_4b_transmitter_core_wrapper.enc.v(5989)
HDL-1007 : back to file '../user_source/hdl_source/hdmi1.4b_transmitter_core/hdmi_1_4b_transmitter_core_wrapper.enc.v' in ../user_source/hdl_source/hdmi1.4b_transmitter_core/hdmi_1_4b_transmitter_core_wrapper.enc.v(77)
HDL-1007 : analyze verilog file ../user_source/hdl_source/test/i2s_test_tone_gen_pll.v
HDL-1007 : analyze verilog file ../user_source/hdl_source/rom/i2s_rom_player_single_pll_fix64_rom_ip.v
HDL-1007 : analyze verilog file ../user_source/hdl_source/top_tf_hdmi_audio.v
HDL-1007 : analyze verilog file ../user_source/hdl_source/SD/ax_debounce.v
HDL-1007 : analyze verilog file ../user_source/hdl_source/SD/bmp_read.v
HDL-1007 : analyze verilog file ../user_source/hdl_source/SD/color_bar.v
HDL-1007 : analyze included file ../user_source/hdl_source/SD/video_define.v in ../user_source/hdl_source/SD/color_bar.v(2)
HDL-1007 : back to file '../user_source/hdl_source/SD/color_bar.v' in ../user_source/hdl_source/SD/color_bar.v(2)
HDL-1007 : analyze verilog file ../user_source/hdl_source/SD/frame_fifo_read.v
HDL-1007 : analyze verilog file ../user_source/hdl_source/SD/frame_fifo_write.v
HDL-1007 : analyze verilog file ../user_source/hdl_source/SD/frame_read_write.v
HDL-1007 : analyze verilog file ../user_source/hdl_source/SD/sd_card_bmp.v
HDL-1007 : analyze verilog file ../user_source/hdl_source/SD/seg_decoder.v
HDL-1007 : analyze verilog file ../user_source/hdl_source/SD/seg_scan.v
HDL-1007 : analyze verilog file ../user_source/hdl_source/SD/video_delay.v
HDL-1007 : analyze verilog file ../user_source/hdl_source/SD/video_timing_data.v
HDL-1007 : analyze verilog file ../user_source/hdl_source/hdmi_audio_tone_i2s_64fs.v
HDL-1007 : analyze verilog file ../user_source/hdl_source/startup_pulse.v
HDL-1007 : analyze verilog file ../user_source/hdl_source/video_rgb_to_axis_640x480.v
HDL-8007 ERROR: cannot find port 'Clk' on this module in ../user_source/hdl_source/top_tf_hdmi_audio.v(252)
HDL-8007 ERROR: cannot find port 'Clk_sft' on this module in ../user_source/hdl_source/top_tf_hdmi_audio.v(253)
HDL-8007 ERROR: cannot find port 'Rst' on this module in ../user_source/hdl_source/top_tf_hdmi_audio.v(254)
HDL-8007 ERROR: cannot find port 'Sdr_init_done' on this module in ../user_source/hdl_source/top_tf_hdmi_audio.v(255)
HDL-8007 ERROR: cannot find port 'Sdr_init_ref_vld' on this module in ../user_source/hdl_source/top_tf_hdmi_audio.v(256)
HDL-8007 ERROR: cannot find port 'Sdr_busy' on this module in ../user_source/hdl_source/top_tf_hdmi_audio.v(257)
HDL-8007 ERROR: cannot find port 'App_wr_en' on this module in ../user_source/hdl_source/top_tf_hdmi_audio.v(258)
HDL-8007 ERROR: cannot find port 'App_wr_addr' on this module in ../user_source/hdl_source/top_tf_hdmi_audio.v(259)
HDL-8007 ERROR: cannot find port 'App_wr_dm' on this module in ../user_source/hdl_source/top_tf_hdmi_audio.v(260)
HDL-8007 ERROR: cannot find port 'App_wr_din' on this module in ../user_source/hdl_source/top_tf_hdmi_audio.v(261)
HDL-8007 Similar messages will be suppressed.
RUN-1002 : start command "commit_param -step design"
RUN-1001 : Print Global Property
RUN-1001 : --------------------------------------------------------
RUN-1001 :   Parameters   |  Settings  |  Default Values  |  Note  
RUN-1001 : --------------------------------------------------------
RUN-1001 :   enable_seed  |    off     |       off        |        
RUN-1001 :     message    |  standard  |     standard     |        
RUN-1001 :   qor_monitor  |     on     |        on        |        
RUN-1001 :   syn_ip_flow  |    off     |       off        |        
RUN-1001 :     thread     |    auto    |       auto       |        
RUN-1001 : --------------------------------------------------------
RUN-1001 : Print Design Property
RUN-1001 : ----------------------------------------------------------------
RUN-1001 :       Parameters       |  Settings  |  Default Values  |  Note  
RUN-1001 : ----------------------------------------------------------------
RUN-1001 :   default_reg_initial  |    auto    |       auto       |        
RUN-1001 :    hdl_warning_level   |   normal   |      normal      |        
RUN-1001 : ----------------------------------------------------------------
HDL-1007 : analyze verilog file ../user_source/hdl_source/ip/afifo_16_32_256.v
HDL-1007 : analyze verilog file ../user_source/hdl_source/ip/afifo_32_16_256.v
HDL-1007 : analyze verilog file ../user_source/hdl_source/ip/sdram.v
HDL-1007 : analyze verilog file ../user_source/hdl_source/ip/sys_pll.v
HDL-1007 : undeclared symbol 'open', assumed default net type 'wire' in ../user_source/hdl_source/ip/sys_pll.v(77)
HDL-1007 : analyze verilog file ../user_source/hdl_source/ip/video_pll.v
HDL-1007 : undeclared symbol 'open', assumed default net type 'wire' in ../user_source/hdl_source/ip/video_pll.v(70)
HDL-1007 : analyze verilog file al_ip/AUDIO_SAMPLE_ROM.v
HDL-1007 : analyze verilog file al_ip/PLL.v
HDL-1007 : undeclared symbol 'PLL_open0', assumed default net type 'wire' in al_ip/PLL.v(78)
HDL-1007 : undeclared symbol 'PLL_open8', assumed default net type 'wire' in al_ip/PLL.v(84)
HDL-1007 : undeclared symbol 'PLL_open7', assumed default net type 'wire' in al_ip/PLL.v(84)
HDL-1007 : undeclared symbol 'PLL_open6', assumed default net type 'wire' in al_ip/PLL.v(84)
HDL-1007 : undeclared symbol 'PLL_open5', assumed default net type 'wire' in al_ip/PLL.v(84)
HDL-1007 : undeclared symbol 'PLL_open4', assumed default net type 'wire' in al_ip/PLL.v(84)
HDL-1007 : undeclared symbol 'PLL_open3', assumed default net type 'wire' in al_ip/PLL.v(84)
HDL-1007 : undeclared symbol 'PLL_open2', assumed default net type 'wire' in al_ip/PLL.v(84)
HDL-1007 : undeclared symbol 'PLL_open1', assumed default net type 'wire' in al_ip/PLL.v(84)
HDL-1007 : undeclared symbol 'PLL_open11', assumed default net type 'wire' in al_ip/PLL.v(86)
HDL-1007 : undeclared symbol 'PLL_open10', assumed default net type 'wire' in al_ip/PLL.v(86)
HDL-1007 : undeclared symbol 'PLL_open9', assumed default net type 'wire' in al_ip/PLL.v(86)
HDL-1007 : analyze verilog file al_ip/PLL_HDMI_AUDIO.v
HDL-1007 : undeclared symbol 'PLL_HDMI_AUDIO_open0', assumed default net type 'wire' in al_ip/PLL_HDMI_AUDIO.v(85)
HDL-1007 : undeclared symbol 'PLL_HDMI_AUDIO_open8', assumed default net type 'wire' in al_ip/PLL_HDMI_AUDIO.v(91)
HDL-1007 : undeclared symbol 'PLL_HDMI_AUDIO_open7', assumed default net type 'wire' in al_ip/PLL_HDMI_AUDIO.v(91)
HDL-1007 : undeclared symbol 'PLL_HDMI_AUDIO_open6', assumed default net type 'wire' in al_ip/PLL_HDMI_AUDIO.v(91)
HDL-1007 : undeclared symbol 'PLL_HDMI_AUDIO_open5', assumed default net type 'wire' in al_ip/PLL_HDMI_AUDIO.v(91)
HDL-1007 : undeclared symbol 'PLL_HDMI_AUDIO_open4', assumed default net type 'wire' in al_ip/PLL_HDMI_AUDIO.v(91)
HDL-1007 : undeclared symbol 'PLL_HDMI_AUDIO_open3', assumed default net type 'wire' in al_ip/PLL_HDMI_AUDIO.v(91)
HDL-1007 : undeclared symbol 'PLL_HDMI_AUDIO_open2', assumed default net type 'wire' in al_ip/PLL_HDMI_AUDIO.v(91)
HDL-1007 : undeclared symbol 'PLL_HDMI_AUDIO_open1', assumed default net type 'wire' in al_ip/PLL_HDMI_AUDIO.v(91)
HDL-1007 : undeclared symbol 'PLL_HDMI_AUDIO_open10', assumed default net type 'wire' in al_ip/PLL_HDMI_AUDIO.v(93)
HDL-1007 : undeclared symbol 'PLL_HDMI_AUDIO_open9', assumed default net type 'wire' in al_ip/PLL_HDMI_AUDIO.v(93)
HDL-1007 : analyze verilog file ../user_source/hdl_source/video_source_test.v
HDL-1007 : analyze verilog file ../user_source/hdl_source/key_remove_shakes.v
HDL-1007 : analyze verilog file ../user_source/hdl_source/I2S_receiver.v
HDL-1007 : analyze verilog file ../user_source/hdl_source/audio_arc_calculate.v
HDL-1007 : analyze verilog file ../user_source/hdl_source/hdmi_phy_warpper.v
HDL-1007 : analyze verilog file ../user_source/hdl_source/lane_lvds_10_1.v
HDL-1007 : analyze verilog file ../user_source/hdl_source/hdmi1.4b_transmitter_core/hdmi_1_4b_transmitter_core_wrapper.enc.v
HDL-1007 : undeclared symbol '**', assumed default net type '**' in ../user_source/hdl_source/hdmi1.4b_transmitter_core/hdmi_1_4b_transmitter_core_wrapper.enc.v(2614)
HDL-1007 : undeclared symbol '**', assumed default net type '**' in ../user_source/hdl_source/hdmi1.4b_transmitter_core/hdmi_1_4b_transmitter_core_wrapper.enc.v(2716)
HDL-1007 : undeclared symbol '**', assumed default net type '**' in ../user_source/hdl_source/hdmi1.4b_transmitter_core/hdmi_1_4b_transmitter_core_wrapper.enc.v(2724)
HDL-1007 : undeclared symbol '**', assumed default net type '**' in ../user_source/hdl_source/hdmi1.4b_transmitter_core/hdmi_1_4b_transmitter_core_wrapper.enc.v(4936)
HDL-1007 : undeclared symbol '**', assumed default net type '**' in ../user_source/hdl_source/hdmi1.4b_transmitter_core/hdmi_1_4b_transmitter_core_wrapper.enc.v(5989)
HDL-1007 : back to file '../user_source/hdl_source/hdmi1.4b_transmitter_core/hdmi_1_4b_transmitter_core_wrapper.enc.v' in ../user_source/hdl_source/hdmi1.4b_transmitter_core/hdmi_1_4b_transmitter_core_wrapper.enc.v(77)
HDL-1007 : analyze verilog file ../user_source/hdl_source/test/i2s_test_tone_gen_pll.v
HDL-1007 : analyze verilog file ../user_source/hdl_source/rom/i2s_rom_player_single_pll_fix64_rom_ip.v
HDL-1007 : analyze verilog file ../user_source/hdl_source/top_tf_hdmi_audio.v
HDL-1007 : analyze verilog file ../user_source/hdl_source/SD/ax_debounce.v
HDL-1007 : analyze verilog file ../user_source/hdl_source/SD/bmp_read.v
HDL-1007 : analyze verilog file ../user_source/hdl_source/SD/color_bar.v
HDL-1007 : analyze included file ../user_source/hdl_source/SD/video_define.v in ../user_source/hdl_source/SD/color_bar.v(2)
HDL-1007 : back to file '../user_source/hdl_source/SD/color_bar.v' in ../user_source/hdl_source/SD/color_bar.v(2)
HDL-1007 : analyze verilog file ../user_source/hdl_source/SD/frame_fifo_read.v
HDL-1007 : analyze verilog file ../user_source/hdl_source/SD/frame_fifo_write.v
HDL-1007 : analyze verilog file ../user_source/hdl_source/SD/frame_read_write.v
HDL-1007 : analyze verilog file ../user_source/hdl_source/SD/sd_card_bmp.v
HDL-1007 : analyze verilog file ../user_source/hdl_source/SD/seg_decoder.v
HDL-1007 : analyze verilog file ../user_source/hdl_source/SD/seg_scan.v
HDL-1007 : analyze verilog file ../user_source/hdl_source/SD/video_delay.v
HDL-1007 : analyze verilog file ../user_source/hdl_source/SD/video_timing_data.v
HDL-1007 : analyze verilog file ../user_source/hdl_source/hdmi_audio_tone_i2s_64fs.v
HDL-1007 : analyze verilog file ../user_source/hdl_source/startup_pulse.v
HDL-1007 : analyze verilog file ../user_source/hdl_source/video_rgb_to_axis_640x480.v
HDL-1007 : analyze verilog file ../user_source/hdl_source/SD/sd_card_cmd.v
HDL-1007 : analyze verilog file ../user_source/hdl_source/SD/sd_card_sec_read_write.v
HDL-1007 : analyze verilog file ../user_source/hdl_source/SD/sd_card_top.v
HDL-1007 : analyze verilog file ../user_source/hdl_source/SD/spi_master.v
HDL-8007 ERROR: cannot find port 'Clk' on this module in ../user_source/hdl_source/top_tf_hdmi_audio.v(252)
HDL-8007 ERROR: cannot find port 'Clk_sft' on this module in ../user_source/hdl_source/top_tf_hdmi_audio.v(253)
HDL-8007 ERROR: cannot find port 'Rst' on this module in ../user_source/hdl_source/top_tf_hdmi_audio.v(254)
HDL-8007 ERROR: cannot find port 'Sdr_init_done' on this module in ../user_source/hdl_source/top_tf_hdmi_audio.v(255)
HDL-8007 ERROR: cannot find port 'Sdr_init_ref_vld' on this module in ../user_source/hdl_source/top_tf_hdmi_audio.v(256)
HDL-8007 ERROR: cannot find port 'Sdr_busy' on this module in ../user_source/hdl_source/top_tf_hdmi_audio.v(257)
HDL-8007 ERROR: cannot find port 'App_wr_en' on this module in ../user_source/hdl_source/top_tf_hdmi_audio.v(258)
HDL-8007 ERROR: cannot find port 'App_wr_addr' on this module in ../user_source/hdl_source/top_tf_hdmi_audio.v(259)
HDL-8007 ERROR: cannot find port 'App_wr_dm' on this module in ../user_source/hdl_source/top_tf_hdmi_audio.v(260)
HDL-8007 ERROR: cannot find port 'App_wr_din' on this module in ../user_source/hdl_source/top_tf_hdmi_audio.v(261)
HDL-8007 Similar messages will be suppressed.
GUI-8003 ERROR: ../user_source/hdl_source/ip/afifo_16_32_256.v is missing!
GUI-8003 ERROR: ../user_source/hdl_source/ip/afifo_32_16_256.v is missing!
GUI-8003 ERROR: ../user_source/hdl_source/ip/sys_pll.v is missing!
GUI-8003 ERROR: ../user_source/hdl_source/ip/video_pll.v is missing!
RUN-1002 : start command "commit_param -step design"
RUN-1001 : Print Global Property
RUN-1001 : --------------------------------------------------------
RUN-1001 :   Parameters   |  Settings  |  Default Values  |  Note  
RUN-1001 : --------------------------------------------------------
RUN-1001 :   enable_seed  |    off     |       off        |        
RUN-1001 :     message    |  standard  |     standard     |        
RUN-1001 :   qor_monitor  |     on     |        on        |        
RUN-1001 :   syn_ip_flow  |    off     |       off        |        
RUN-1001 :     thread     |    auto    |       auto       |        
RUN-1001 : --------------------------------------------------------
RUN-1001 : Print Design Property
RUN-1001 : ----------------------------------------------------------------
RUN-1001 :       Parameters       |  Settings  |  Default Values  |  Note  
RUN-1001 : ----------------------------------------------------------------
RUN-1001 :   default_reg_initial  |    auto    |       auto       |        
RUN-1001 :    hdl_warning_level   |   normal   |      normal      |        
RUN-1001 : ----------------------------------------------------------------
GUI-6001 WARNING: File C:/Users/zbrmyyds/Desktop/anlu/FPGA_Prj/I2S/transmitor/APUG092_HDMI1.4b_Transmitter_V1.4/src/user_source/hdl_source/ip/video_pll.vhd does not exist!
GUI-6001 WARNING: File C:/Users/zbrmyyds/Desktop/anlu/FPGA_Prj/I2S/transmitor/APUG092_HDMI1.4b_Transmitter_V1.4/src/user_source/hdl_source/ip/video_pll.v does not exist!
GUI-6001 WARNING: File C:/Users/zbrmyyds/Desktop/anlu/FPGA_Prj/I2S/transmitor/APUG092_HDMI1.4b_Transmitter_V1.4/src/user_source/hdl_source/ip/sys_pll.vhd does not exist!
GUI-6001 WARNING: File C:/Users/zbrmyyds/Desktop/anlu/FPGA_Prj/I2S/transmitor/APUG092_HDMI1.4b_Transmitter_V1.4/src/user_source/hdl_source/ip/sys_pll.v does not exist!
HDL-1007 : analyze verilog file al_ip/AUDIO_SAMPLE_ROM.v
HDL-1007 : analyze verilog file al_ip/PLL.v
HDL-1007 : undeclared symbol 'PLL_open0', assumed default net type 'wire' in al_ip/PLL.v(78)
HDL-1007 : undeclared symbol 'PLL_open8', assumed default net type 'wire' in al_ip/PLL.v(84)
HDL-1007 : undeclared symbol 'PLL_open7', assumed default net type 'wire' in al_ip/PLL.v(84)
HDL-1007 : undeclared symbol 'PLL_open6', assumed default net type 'wire' in al_ip/PLL.v(84)
HDL-1007 : undeclared symbol 'PLL_open5', assumed default net type 'wire' in al_ip/PLL.v(84)
HDL-1007 : undeclared symbol 'PLL_open4', assumed default net type 'wire' in al_ip/PLL.v(84)
HDL-1007 : undeclared symbol 'PLL_open3', assumed default net type 'wire' in al_ip/PLL.v(84)
HDL-1007 : undeclared symbol 'PLL_open2', assumed default net type 'wire' in al_ip/PLL.v(84)
HDL-1007 : undeclared symbol 'PLL_open1', assumed default net type 'wire' in al_ip/PLL.v(84)
HDL-1007 : undeclared symbol 'PLL_open11', assumed default net type 'wire' in al_ip/PLL.v(86)
HDL-1007 : undeclared symbol 'PLL_open10', assumed default net type 'wire' in al_ip/PLL.v(86)
HDL-1007 : undeclared symbol 'PLL_open9', assumed default net type 'wire' in al_ip/PLL.v(86)
HDL-1007 : analyze verilog file al_ip/PLL_HDMI_AUDIO.v
HDL-1007 : undeclared symbol 'PLL_HDMI_AUDIO_open0', assumed default net type 'wire' in al_ip/PLL_HDMI_AUDIO.v(85)
HDL-1007 : undeclared symbol 'PLL_HDMI_AUDIO_open8', assumed default net type 'wire' in al_ip/PLL_HDMI_AUDIO.v(91)
HDL-1007 : undeclared symbol 'PLL_HDMI_AUDIO_open7', assumed default net type 'wire' in al_ip/PLL_HDMI_AUDIO.v(91)
HDL-1007 : undeclared symbol 'PLL_HDMI_AUDIO_open6', assumed default net type 'wire' in al_ip/PLL_HDMI_AUDIO.v(91)
HDL-1007 : undeclared symbol 'PLL_HDMI_AUDIO_open5', assumed default net type 'wire' in al_ip/PLL_HDMI_AUDIO.v(91)
HDL-1007 : undeclared symbol 'PLL_HDMI_AUDIO_open4', assumed default net type 'wire' in al_ip/PLL_HDMI_AUDIO.v(91)
HDL-1007 : undeclared symbol 'PLL_HDMI_AUDIO_open3', assumed default net type 'wire' in al_ip/PLL_HDMI_AUDIO.v(91)
HDL-1007 : undeclared symbol 'PLL_HDMI_AUDIO_open2', assumed default net type 'wire' in al_ip/PLL_HDMI_AUDIO.v(91)
HDL-1007 : undeclared symbol 'PLL_HDMI_AUDIO_open1', assumed default net type 'wire' in al_ip/PLL_HDMI_AUDIO.v(91)
HDL-1007 : undeclared symbol 'PLL_HDMI_AUDIO_open10', assumed default net type 'wire' in al_ip/PLL_HDMI_AUDIO.v(93)
HDL-1007 : undeclared symbol 'PLL_HDMI_AUDIO_open9', assumed default net type 'wire' in al_ip/PLL_HDMI_AUDIO.v(93)
HDL-1007 : analyze verilog file ../user_source/hdl_source/video_source_test.v
HDL-1007 : analyze verilog file ../user_source/hdl_source/key_remove_shakes.v
GUI-6001 WARNING: File C:/Users/zbrmyyds/Desktop/anlu/FPGA_Prj/I2S/transmitor/APUG092_HDMI1.4b_Transmitter_V1.4/src/user_source/hdl_source/ip/sdram.vhd does not exist!
HDL-1007 : analyze verilog file ../user_source/hdl_source/I2S_receiver.v
HDL-1007 : analyze verilog file ../user_source/hdl_source/audio_arc_calculate.v
HDL-1007 : analyze verilog file ../user_source/hdl_source/hdmi_phy_warpper.v
HDL-1007 : analyze verilog file ../user_source/hdl_source/lane_lvds_10_1.v
HDL-1007 : analyze verilog file ../user_source/hdl_source/hdmi1.4b_transmitter_core/hdmi_1_4b_transmitter_core_wrapper.enc.v
GUI-6001 WARNING: File C:/Users/zbrmyyds/Desktop/anlu/FPGA_Prj/I2S/transmitor/APUG092_HDMI1.4b_Transmitter_V1.4/src/user_source/hdl_source/ip/sdram.v does not exist!
GUI-6001 WARNING: File C:/Users/zbrmyyds/Desktop/anlu/FPGA_Prj/I2S/transmitor/APUG092_HDMI1.4b_Transmitter_V1.4/src/user_source/hdl_source/ip/afifo_32_16_256.v does not exist!
HDL-1007 : undeclared symbol '**', assumed default net type '**' in ../user_source/hdl_source/hdmi1.4b_transmitter_core/hdmi_1_4b_transmitter_core_wrapper.enc.v(2614)
HDL-1007 : undeclared symbol '**', assumed default net type '**' in ../user_source/hdl_source/hdmi1.4b_transmitter_core/hdmi_1_4b_transmitter_core_wrapper.enc.v(2716)
HDL-1007 : undeclared symbol '**', assumed default net type '**' in ../user_source/hdl_source/hdmi1.4b_transmitter_core/hdmi_1_4b_transmitter_core_wrapper.enc.v(2724)
GUI-6001 WARNING: File C:/Users/zbrmyyds/Desktop/anlu/FPGA_Prj/I2S/transmitor/APUG092_HDMI1.4b_Transmitter_V1.4/src/user_source/hdl_source/ip/afifo_16_32_256.v does not exist!
HDL-1007 : undeclared symbol '**', assumed default net type '**' in ../user_source/hdl_source/hdmi1.4b_transmitter_core/hdmi_1_4b_transmitter_core_wrapper.enc.v(4936)
GUI-8002 ERROR: Failed to open file: ../user_source/hdl_source/ip/afifo_16_32_256.ipc. 系统找不到指定的路径。.
HDL-1007 : undeclared symbol '**', assumed default net type '**' in ../user_source/hdl_source/hdmi1.4b_transmitter_core/hdmi_1_4b_transmitter_core_wrapper.enc.v(5989)
HDL-1007 : back to file '../user_source/hdl_source/hdmi1.4b_transmitter_core/hdmi_1_4b_transmitter_core_wrapper.enc.v' in ../user_source/hdl_source/hdmi1.4b_transmitter_core/hdmi_1_4b_transmitter_core_wrapper.enc.v(77)
HDL-1007 : analyze verilog file ../user_source/hdl_source/test/i2s_test_tone_gen_pll.v
HDL-1007 : analyze verilog file ../user_source/hdl_source/rom/i2s_rom_player_single_pll_fix64_rom_ip.v
HDL-1007 : analyze verilog file ../user_source/hdl_source/top_tf_hdmi_audio.v
GUI-8002 ERROR: Failed to open file: ../user_source/hdl_source/ip/afifo_32_16_256.ipc. 系统找不到指定的路径。.
HDL-1007 : analyze verilog file ../user_source/hdl_source/SD/ax_debounce.v
HDL-1007 : analyze verilog file ../user_source/hdl_source/SD/bmp_read.v
HDL-1007 : analyze verilog file ../user_source/hdl_source/SD/color_bar.v
HDL-1007 : analyze included file ../user_source/hdl_source/SD/video_define.v in ../user_source/hdl_source/SD/color_bar.v(2)
HDL-1007 : back to file '../user_source/hdl_source/SD/color_bar.v' in ../user_source/hdl_source/SD/color_bar.v(2)
HDL-1007 : analyze verilog file ../user_source/hdl_source/SD/frame_fifo_read.v
HDL-1007 : analyze verilog file ../user_source/hdl_source/SD/frame_fifo_write.v
HDL-1007 : analyze verilog file ../user_source/hdl_source/SD/frame_read_write.v
HDL-1007 : analyze verilog file ../user_source/hdl_source/SD/sd_card_bmp.v
GUI-8002 ERROR: Failed to open file: ../user_source/hdl_source/ip/sys_pll.ipc. 系统找不到指定的路径。.
HDL-1007 : analyze verilog file ../user_source/hdl_source/SD/seg_decoder.v
HDL-1007 : analyze verilog file ../user_source/hdl_source/SD/seg_scan.v
HDL-1007 : analyze verilog file ../user_source/hdl_source/SD/video_delay.v
HDL-1007 : analyze verilog file ../user_source/hdl_source/SD/video_timing_data.v
HDL-1007 : analyze verilog file ../user_source/hdl_source/hdmi_audio_tone_i2s_64fs.v
HDL-1007 : analyze verilog file ../user_source/hdl_source/startup_pulse.v
HDL-1007 : analyze verilog file ../user_source/hdl_source/video_rgb_to_axis_640x480.v
HDL-1007 : analyze verilog file ../user_source/hdl_source/SD/sd_card_cmd.v
HDL-1007 : analyze verilog file ../user_source/hdl_source/SD/sd_card_sec_read_write.v
HDL-1007 : analyze verilog file ../user_source/hdl_source/SD/sd_card_top.v
HDL-1007 : analyze verilog file ../user_source/hdl_source/SD/spi_master.v
GUI-8002 ERROR: Failed to open file: ../user_source/hdl_source/ip/video_pll.ipc. 系统找不到指定的路径。.
GUI-6001 WARNING: File C:/Users/zbrmyyds/Desktop/anlu/FPGA_Prj/I2S/transmitor/APUG092_HDMI1.4b_Transmitter_V1.4/src/user_source/hdl_source/ip/afifo_16_32_256.ipc does not exist!
GUI-6001 WARNING: File C:/Users/zbrmyyds/Desktop/anlu/FPGA_Prj/I2S/transmitor/APUG092_HDMI1.4b_Transmitter_V1.4/src/user_source/hdl_source/ip/afifo_32_16_256.ipc does not exist!
GUI-6001 WARNING: File C:/Users/zbrmyyds/Desktop/anlu/FPGA_Prj/I2S/transmitor/APUG092_HDMI1.4b_Transmitter_V1.4/src/user_source/hdl_source/ip/sdram.ipc does not exist!
GUI-6001 WARNING: File C:/Users/zbrmyyds/Desktop/anlu/FPGA_Prj/I2S/transmitor/APUG092_HDMI1.4b_Transmitter_V1.4/src/user_source/hdl_source/ip/sys_pll.ipc does not exist!
GUI-6001 WARNING: File C:/Users/zbrmyyds/Desktop/anlu/FPGA_Prj/I2S/transmitor/APUG092_HDMI1.4b_Transmitter_V1.4/src/user_source/hdl_source/ip/video_pll.ipc does not exist!
GUI-8002 ERROR: Failed to open file: ../user_source/hdl_source/ip/afifo_16_32_256.ipc. 系统找不到指定的路径。.
GUI-8002 ERROR: Failed to open file: ../user_source/hdl_source/ip/afifo_32_16_256.ipc. 系统找不到指定的路径。.
GUI-8002 ERROR: Failed to open file: ../user_source/hdl_source/ip/sys_pll.ipc. 系统找不到指定的路径。.
GUI-8002 ERROR: Failed to open file: ../user_source/hdl_source/ip/video_pll.ipc. 系统找不到指定的路径。.
GUI-8002 ERROR: Failed to open file: ../user_source/hdl_source/ip/afifo_16_32_256.ipc. 系统找不到指定的路径。.
GUI-8002 ERROR: Failed to open file: ../user_source/hdl_source/ip/afifo_16_32_256.ipc. 系统找不到指定的路径。.
GUI-8002 ERROR: Failed to open file: ../user_source/hdl_source/ip/afifo_16_32_256.ipc. 系统找不到指定的路径。.
GUI-8002 ERROR: Failed to open file: ../user_source/hdl_source/ip/afifo_32_16_256.ipc. 系统找不到指定的路径。.
GUI-8002 ERROR: Failed to open file: ../user_source/hdl_source/ip/afifo_32_16_256.ipc. 系统找不到指定的路径。.
GUI-8002 ERROR: Failed to open file: ../user_source/hdl_source/ip/afifo_32_16_256.ipc. 系统找不到指定的路径。.
GUI-8002 Similar messages will be suppressed.
GUI-6001 WARNING: File C:/Users/zbrmyyds/Desktop/anlu/FPGA_Prj/I2S/transmitor/APUG092_HDMI1.4b_Transmitter_V1.4/src/user_source/hdl_source/ip/sdram.v does not exist!
GUI-8003 ERROR: ../user_source/hdl_source/ip/afifo_16_32_256.v is missing!
GUI-8003 ERROR: ../user_source/hdl_source/ip/afifo_32_16_256.v is missing!
GUI-8003 ERROR: ../user_source/hdl_source/ip/sys_pll.v is missing!
GUI-8003 ERROR: ../user_source/hdl_source/ip/video_pll.v is missing!
RUN-1002 : start command "commit_param -step design"
RUN-1001 : Print Global Property
RUN-1001 : --------------------------------------------------------
RUN-1001 :   Parameters   |  Settings  |  Default Values  |  Note  
RUN-1001 : --------------------------------------------------------
RUN-1001 :   enable_seed  |    off     |       off        |        
RUN-1001 :     message    |  standard  |     standard     |        
RUN-1001 :   qor_monitor  |     on     |        on        |        
RUN-1001 :   syn_ip_flow  |    off     |       off        |        
RUN-1001 :     thread     |    auto    |       auto       |        
RUN-1001 : --------------------------------------------------------
RUN-1001 : Print Design Property
RUN-1001 : ----------------------------------------------------------------
RUN-1001 :       Parameters       |  Settings  |  Default Values  |  Note  
RUN-1001 : ----------------------------------------------------------------
RUN-1001 :   default_reg_initial  |    auto    |       auto       |        
RUN-1001 :    hdl_warning_level   |   normal   |      normal      |        
RUN-1001 : ----------------------------------------------------------------
GUI-8002 ERROR: Failed to open file: ../user_source/hdl_source/ip/afifo_16_32_256.ipc. 系统找不到指定的路径。.
GUI-8002 ERROR: Failed to open file: ../user_source/hdl_source/ip/afifo_32_16_256.ipc. 系统找不到指定的路径。.
GUI-8002 ERROR: Failed to open file: ../user_source/hdl_source/ip/sys_pll.ipc. 系统找不到指定的路径。.
GUI-8002 ERROR: Failed to open file: ../user_source/hdl_source/ip/video_pll.ipc. 系统找不到指定的路径。.
HDL-1007 : analyze verilog file al_ip/AUDIO_SAMPLE_ROM.v
HDL-1007 : analyze verilog file al_ip/PLL.v
HDL-1007 : undeclared symbol 'PLL_open0', assumed default net type 'wire' in al_ip/PLL.v(78)
HDL-1007 : undeclared symbol 'PLL_open8', assumed default net type 'wire' in al_ip/PLL.v(84)
HDL-1007 : undeclared symbol 'PLL_open7', assumed default net type 'wire' in al_ip/PLL.v(84)
HDL-1007 : undeclared symbol 'PLL_open6', assumed default net type 'wire' in al_ip/PLL.v(84)
HDL-1007 : undeclared symbol 'PLL_open5', assumed default net type 'wire' in al_ip/PLL.v(84)
HDL-1007 : undeclared symbol 'PLL_open4', assumed default net type 'wire' in al_ip/PLL.v(84)
HDL-1007 : undeclared symbol 'PLL_open3', assumed default net type 'wire' in al_ip/PLL.v(84)
HDL-1007 : undeclared symbol 'PLL_open2', assumed default net type 'wire' in al_ip/PLL.v(84)
HDL-1007 : undeclared symbol 'PLL_open1', assumed default net type 'wire' in al_ip/PLL.v(84)
HDL-1007 : undeclared symbol 'PLL_open11', assumed default net type 'wire' in al_ip/PLL.v(86)
HDL-1007 : undeclared symbol 'PLL_open10', assumed default net type 'wire' in al_ip/PLL.v(86)
HDL-1007 : undeclared symbol 'PLL_open9', assumed default net type 'wire' in al_ip/PLL.v(86)
HDL-1007 : analyze verilog file al_ip/PLL_HDMI_AUDIO.v
HDL-1007 : undeclared symbol 'PLL_HDMI_AUDIO_open0', assumed default net type 'wire' in al_ip/PLL_HDMI_AUDIO.v(85)
HDL-1007 : undeclared symbol 'PLL_HDMI_AUDIO_open8', assumed default net type 'wire' in al_ip/PLL_HDMI_AUDIO.v(91)
HDL-1007 : undeclared symbol 'PLL_HDMI_AUDIO_open7', assumed default net type 'wire' in al_ip/PLL_HDMI_AUDIO.v(91)
HDL-1007 : undeclared symbol 'PLL_HDMI_AUDIO_open6', assumed default net type 'wire' in al_ip/PLL_HDMI_AUDIO.v(91)
HDL-1007 : undeclared symbol 'PLL_HDMI_AUDIO_open5', assumed default net type 'wire' in al_ip/PLL_HDMI_AUDIO.v(91)
HDL-1007 : undeclared symbol 'PLL_HDMI_AUDIO_open4', assumed default net type 'wire' in al_ip/PLL_HDMI_AUDIO.v(91)
HDL-1007 : undeclared symbol 'PLL_HDMI_AUDIO_open3', assumed default net type 'wire' in al_ip/PLL_HDMI_AUDIO.v(91)
HDL-1007 : undeclared symbol 'PLL_HDMI_AUDIO_open2', assumed default net type 'wire' in al_ip/PLL_HDMI_AUDIO.v(91)
HDL-1007 : undeclared symbol 'PLL_HDMI_AUDIO_open1', assumed default net type 'wire' in al_ip/PLL_HDMI_AUDIO.v(91)
HDL-1007 : undeclared symbol 'PLL_HDMI_AUDIO_open10', assumed default net type 'wire' in al_ip/PLL_HDMI_AUDIO.v(93)
HDL-1007 : undeclared symbol 'PLL_HDMI_AUDIO_open9', assumed default net type 'wire' in al_ip/PLL_HDMI_AUDIO.v(93)
HDL-1007 : analyze verilog file ../user_source/hdl_source/video_source_test.v
HDL-1007 : analyze verilog file ../user_source/hdl_source/key_remove_shakes.v
HDL-1007 : analyze verilog file ../user_source/hdl_source/I2S_receiver.v
HDL-1007 : analyze verilog file ../user_source/hdl_source/audio_arc_calculate.v
HDL-1007 : analyze verilog file ../user_source/hdl_source/hdmi_phy_warpper.v
HDL-1007 : analyze verilog file ../user_source/hdl_source/lane_lvds_10_1.v
HDL-1007 : analyze verilog file ../user_source/hdl_source/hdmi1.4b_transmitter_core/hdmi_1_4b_transmitter_core_wrapper.enc.v
HDL-1007 : undeclared symbol '**', assumed default net type '**' in ../user_source/hdl_source/hdmi1.4b_transmitter_core/hdmi_1_4b_transmitter_core_wrapper.enc.v(2614)
HDL-1007 : undeclared symbol '**', assumed default net type '**' in ../user_source/hdl_source/hdmi1.4b_transmitter_core/hdmi_1_4b_transmitter_core_wrapper.enc.v(2716)
HDL-1007 : undeclared symbol '**', assumed default net type '**' in ../user_source/hdl_source/hdmi1.4b_transmitter_core/hdmi_1_4b_transmitter_core_wrapper.enc.v(2724)
HDL-1007 : undeclared symbol '**', assumed default net type '**' in ../user_source/hdl_source/hdmi1.4b_transmitter_core/hdmi_1_4b_transmitter_core_wrapper.enc.v(4936)
HDL-1007 : undeclared symbol '**', assumed default net type '**' in ../user_source/hdl_source/hdmi1.4b_transmitter_core/hdmi_1_4b_transmitter_core_wrapper.enc.v(5989)
HDL-1007 : back to file '../user_source/hdl_source/hdmi1.4b_transmitter_core/hdmi_1_4b_transmitter_core_wrapper.enc.v' in ../user_source/hdl_source/hdmi1.4b_transmitter_core/hdmi_1_4b_transmitter_core_wrapper.enc.v(77)
HDL-1007 : analyze verilog file ../user_source/hdl_source/test/i2s_test_tone_gen_pll.v
HDL-1007 : analyze verilog file ../user_source/hdl_source/rom/i2s_rom_player_single_pll_fix64_rom_ip.v
HDL-1007 : analyze verilog file ../user_source/hdl_source/top_tf_hdmi_audio.v
HDL-1007 : analyze verilog file ../user_source/hdl_source/SD/ax_debounce.v
HDL-1007 : analyze verilog file ../user_source/hdl_source/SD/bmp_read.v
HDL-1007 : analyze verilog file ../user_source/hdl_source/SD/color_bar.v
HDL-1007 : analyze included file ../user_source/hdl_source/SD/video_define.v in ../user_source/hdl_source/SD/color_bar.v(2)
HDL-1007 : back to file '../user_source/hdl_source/SD/color_bar.v' in ../user_source/hdl_source/SD/color_bar.v(2)
HDL-1007 : analyze verilog file ../user_source/hdl_source/SD/frame_fifo_read.v
HDL-1007 : analyze verilog file ../user_source/hdl_source/SD/frame_fifo_write.v
HDL-1007 : analyze verilog file ../user_source/hdl_source/SD/frame_read_write.v
HDL-1007 : analyze verilog file ../user_source/hdl_source/SD/sd_card_bmp.v
HDL-1007 : analyze verilog file ../user_source/hdl_source/SD/seg_decoder.v
HDL-1007 : analyze verilog file ../user_source/hdl_source/SD/seg_scan.v
HDL-1007 : analyze verilog file ../user_source/hdl_source/SD/video_delay.v
HDL-1007 : analyze verilog file ../user_source/hdl_source/SD/video_timing_data.v
HDL-1007 : analyze verilog file ../user_source/hdl_source/hdmi_audio_tone_i2s_64fs.v
HDL-1007 : analyze verilog file ../user_source/hdl_source/startup_pulse.v
HDL-1007 : analyze verilog file ../user_source/hdl_source/video_rgb_to_axis_640x480.v
HDL-1007 : analyze verilog file ../user_source/hdl_source/SD/sd_card_cmd.v
HDL-1007 : analyze verilog file ../user_source/hdl_source/SD/sd_card_sec_read_write.v
HDL-1007 : analyze verilog file ../user_source/hdl_source/SD/sd_card_top.v
HDL-1007 : analyze verilog file ../user_source/hdl_source/SD/spi_master.v
GUI-8002 ERROR: Failed to open file: ../user_source/hdl_source/ip/afifo_16_32_256.ipc. 系统找不到指定的路径。.
GUI-8002 ERROR: Failed to open file: ../user_source/hdl_source/ip/afifo_32_16_256.ipc. 系统找不到指定的路径。.
GUI-8002 ERROR: Failed to open file: ../user_source/hdl_source/ip/sys_pll.ipc. 系统找不到指定的路径。.
GUI-8002 ERROR: Failed to open file: ../user_source/hdl_source/ip/video_pll.ipc. 系统找不到指定的路径。.
GUI-8003 ERROR: ../user_source/hdl_source/ip/afifo_16_32_256.v is missing!
GUI-8003 ERROR: ../user_source/hdl_source/ip/afifo_32_16_256.v is missing!
GUI-8003 ERROR: ../user_source/hdl_source/ip/sys_pll.v is missing!
GUI-8003 ERROR: ../user_source/hdl_source/ip/video_pll.v is missing!
RUN-1002 : start command "commit_param -step design"
RUN-1001 : Print Global Property
RUN-1001 : --------------------------------------------------------
RUN-1001 :   Parameters   |  Settings  |  Default Values  |  Note  
RUN-1001 : --------------------------------------------------------
RUN-1001 :   enable_seed  |    off     |       off        |        
RUN-1001 :     message    |  standard  |     standard     |        
RUN-1001 :   qor_monitor  |     on     |        on        |        
RUN-1001 :   syn_ip_flow  |    off     |       off        |        
RUN-1001 :     thread     |    auto    |       auto       |        
RUN-1001 : --------------------------------------------------------
RUN-1001 : Print Design Property
RUN-1001 : ----------------------------------------------------------------
RUN-1001 :       Parameters       |  Settings  |  Default Values  |  Note  
RUN-1001 : ----------------------------------------------------------------
RUN-1001 :   default_reg_initial  |    auto    |       auto       |        
RUN-1001 :    hdl_warning_level   |   normal   |      normal      |        
RUN-1001 : ----------------------------------------------------------------
HDL-8007 ERROR: cannot open include file './src/sdram/enc_file/global_def.v' in ../user_source/hdl_source/SD/sdram.v(1)
HDL-1007 : analyze verilog file al_ip/AUDIO_SAMPLE_ROM.v
HDL-1007 : analyze verilog file al_ip/PLL.v
HDL-1007 : undeclared symbol 'PLL_open0', assumed default net type 'wire' in al_ip/PLL.v(78)
HDL-1007 : undeclared symbol 'PLL_open8', assumed default net type 'wire' in al_ip/PLL.v(84)
HDL-1007 : undeclared symbol 'PLL_open7', assumed default net type 'wire' in al_ip/PLL.v(84)
HDL-1007 : undeclared symbol 'PLL_open6', assumed default net type 'wire' in al_ip/PLL.v(84)
HDL-1007 : undeclared symbol 'PLL_open5', assumed default net type 'wire' in al_ip/PLL.v(84)
HDL-1007 : undeclared symbol 'PLL_open4', assumed default net type 'wire' in al_ip/PLL.v(84)
HDL-1007 : undeclared symbol 'PLL_open3', assumed default net type 'wire' in al_ip/PLL.v(84)
HDL-1007 : undeclared symbol 'PLL_open2', assumed default net type 'wire' in al_ip/PLL.v(84)
HDL-1007 : undeclared symbol 'PLL_open1', assumed default net type 'wire' in al_ip/PLL.v(84)
HDL-1007 : undeclared symbol 'PLL_open11', assumed default net type 'wire' in al_ip/PLL.v(86)
HDL-1007 : undeclared symbol 'PLL_open10', assumed default net type 'wire' in al_ip/PLL.v(86)
HDL-1007 : undeclared symbol 'PLL_open9', assumed default net type 'wire' in al_ip/PLL.v(86)
HDL-1007 : analyze verilog file al_ip/PLL_HDMI_AUDIO.v
HDL-1007 : undeclared symbol 'PLL_HDMI_AUDIO_open0', assumed default net type 'wire' in al_ip/PLL_HDMI_AUDIO.v(85)
HDL-1007 : undeclared symbol 'PLL_HDMI_AUDIO_open8', assumed default net type 'wire' in al_ip/PLL_HDMI_AUDIO.v(91)
HDL-1007 : undeclared symbol 'PLL_HDMI_AUDIO_open7', assumed default net type 'wire' in al_ip/PLL_HDMI_AUDIO.v(91)
HDL-1007 : undeclared symbol 'PLL_HDMI_AUDIO_open6', assumed default net type 'wire' in al_ip/PLL_HDMI_AUDIO.v(91)
HDL-1007 : undeclared symbol 'PLL_HDMI_AUDIO_open5', assumed default net type 'wire' in al_ip/PLL_HDMI_AUDIO.v(91)
HDL-1007 : undeclared symbol 'PLL_HDMI_AUDIO_open4', assumed default net type 'wire' in al_ip/PLL_HDMI_AUDIO.v(91)
HDL-1007 : undeclared symbol 'PLL_HDMI_AUDIO_open3', assumed default net type 'wire' in al_ip/PLL_HDMI_AUDIO.v(91)
HDL-1007 : undeclared symbol 'PLL_HDMI_AUDIO_open2', assumed default net type 'wire' in al_ip/PLL_HDMI_AUDIO.v(91)
HDL-1007 : undeclared symbol 'PLL_HDMI_AUDIO_open1', assumed default net type 'wire' in al_ip/PLL_HDMI_AUDIO.v(91)
HDL-1007 : undeclared symbol 'PLL_HDMI_AUDIO_open10', assumed default net type 'wire' in al_ip/PLL_HDMI_AUDIO.v(93)
HDL-1007 : undeclared symbol 'PLL_HDMI_AUDIO_open9', assumed default net type 'wire' in al_ip/PLL_HDMI_AUDIO.v(93)
HDL-1007 : analyze verilog file ../user_source/hdl_source/video_source_test.v
HDL-1007 : analyze verilog file ../user_source/hdl_source/key_remove_shakes.v
HDL-1007 : analyze verilog file ../user_source/hdl_source/I2S_receiver.v
HDL-1007 : analyze verilog file ../user_source/hdl_source/audio_arc_calculate.v
HDL-1007 : analyze verilog file ../user_source/hdl_source/hdmi_phy_warpper.v
HDL-1007 : analyze verilog file ../user_source/hdl_source/lane_lvds_10_1.v
HDL-1007 : analyze verilog file ../user_source/hdl_source/hdmi1.4b_transmitter_core/hdmi_1_4b_transmitter_core_wrapper.enc.v
HDL-1007 : undeclared symbol '**', assumed default net type '**' in ../user_source/hdl_source/hdmi1.4b_transmitter_core/hdmi_1_4b_transmitter_core_wrapper.enc.v(2614)
HDL-1007 : undeclared symbol '**', assumed default net type '**' in ../user_source/hdl_source/hdmi1.4b_transmitter_core/hdmi_1_4b_transmitter_core_wrapper.enc.v(2716)
HDL-1007 : undeclared symbol '**', assumed default net type '**' in ../user_source/hdl_source/hdmi1.4b_transmitter_core/hdmi_1_4b_transmitter_core_wrapper.enc.v(2724)
HDL-1007 : undeclared symbol '**', assumed default net type '**' in ../user_source/hdl_source/hdmi1.4b_transmitter_core/hdmi_1_4b_transmitter_core_wrapper.enc.v(4936)
HDL-1007 : undeclared symbol '**', assumed default net type '**' in ../user_source/hdl_source/hdmi1.4b_transmitter_core/hdmi_1_4b_transmitter_core_wrapper.enc.v(5989)
GUI-8002 ERROR: Failed to open file: ../user_source/hdl_source/ip/afifo_16_32_256.ipc. 系统找不到指定的路径。.
HDL-1007 : back to file '../user_source/hdl_source/hdmi1.4b_transmitter_core/hdmi_1_4b_transmitter_core_wrapper.enc.v' in ../user_source/hdl_source/hdmi1.4b_transmitter_core/hdmi_1_4b_transmitter_core_wrapper.enc.v(77)
HDL-1007 : analyze verilog file ../user_source/hdl_source/test/i2s_test_tone_gen_pll.v
HDL-1007 : analyze verilog file ../user_source/hdl_source/rom/i2s_rom_player_single_pll_fix64_rom_ip.v
HDL-1007 : analyze verilog file ../user_source/hdl_source/top_tf_hdmi_audio.v
HDL-1007 : analyze verilog file ../user_source/hdl_source/SD/ax_debounce.v
HDL-1007 : analyze verilog file ../user_source/hdl_source/SD/bmp_read.v
HDL-1007 : analyze verilog file ../user_source/hdl_source/SD/color_bar.v
HDL-1007 : analyze included file ../user_source/hdl_source/SD/video_define.v in ../user_source/hdl_source/SD/color_bar.v(2)
HDL-1007 : back to file '../user_source/hdl_source/SD/color_bar.v' in ../user_source/hdl_source/SD/color_bar.v(2)
HDL-1007 : analyze verilog file ../user_source/hdl_source/SD/frame_fifo_read.v
HDL-1007 : analyze verilog file ../user_source/hdl_source/SD/frame_fifo_write.v
HDL-1007 : analyze verilog file ../user_source/hdl_source/SD/frame_read_write.v
HDL-1007 : analyze verilog file ../user_source/hdl_source/SD/sd_card_bmp.v
HDL-1007 : analyze verilog file ../user_source/hdl_source/SD/seg_decoder.v
HDL-1007 : analyze verilog file ../user_source/hdl_source/SD/seg_scan.v
HDL-1007 : analyze verilog file ../user_source/hdl_source/SD/video_delay.v
HDL-1007 : analyze verilog file ../user_source/hdl_source/SD/video_timing_data.v
HDL-1007 : analyze verilog file ../user_source/hdl_source/hdmi_audio_tone_i2s_64fs.v
HDL-1007 : analyze verilog file ../user_source/hdl_source/startup_pulse.v
HDL-1007 : analyze verilog file ../user_source/hdl_source/video_rgb_to_axis_640x480.v
HDL-1007 : analyze verilog file ../user_source/hdl_source/SD/sd_card_cmd.v
GUI-8002 ERROR: Failed to open file: ../user_source/hdl_source/ip/afifo_32_16_256.ipc. 系统找不到指定的路径。.
HDL-1007 : analyze verilog file ../user_source/hdl_source/SD/sd_card_sec_read_write.v
HDL-1007 : analyze verilog file ../user_source/hdl_source/SD/sd_card_top.v
HDL-1007 : analyze verilog file ../user_source/hdl_source/SD/spi_master.v
HDL-1007 : analyze verilog file ../user_source/hdl_source/SD/sdram.v
HDL-8007 ERROR: cannot open include file './src/sdram/enc_file/global_def.v' in ../user_source/hdl_source/SD/sdram.v(10)
HDL-8007 ERROR: use of undefined macro 'ADDR_WIDTH' in ../user_source/hdl_source/SD/sdram.v(33)
HDL-8007 ERROR: use of undefined macro 'DM_WIDTH' in ../user_source/hdl_source/SD/sdram.v(34)
HDL-8007 ERROR: use of undefined macro 'DATA_WIDTH' in ../user_source/hdl_source/SD/sdram.v(35)
HDL-8007 ERROR: use of undefined macro 'BA_WIDTH' in ../user_source/hdl_source/SD/sdram.v(50)
HDL-8007 ERROR: use of undefined macro 'ROW_WIDTH' in ../user_source/hdl_source/SD/sdram.v(51)
HDL-1007 : undeclared symbol 'SDR_CKE', assumed default net type 'wire' in ../user_source/hdl_source/SD/sdram.v(89)
HDL-8007 ERROR: ignore module module due to previous errors in ../user_source/hdl_source/SD/sdram.v(12)
GUI-8002 ERROR: Failed to open file: ../user_source/hdl_source/ip/sys_pll.ipc. 系统找不到指定的路径。.
HDL-5007 WARNING: The file ../user_source/hdl_source/SD/sdram.v will not be compiled since it is not included by any other files. Set it as 'global include' if it should be compiled.
GUI-8002 ERROR: Failed to open file: ../user_source/hdl_source/ip/video_pll.ipc. 系统找不到指定的路径。.
GUI-8002 ERROR: Failed to open file: ../user_source/hdl_source/ip/afifo_16_32_256.ipc. 系统找不到指定的路径。.
GUI-8002 ERROR: Failed to open file: ../user_source/hdl_source/ip/afifo_32_16_256.ipc. 系统找不到指定的路径。.
GUI-8002 ERROR: Failed to open file: ../user_source/hdl_source/ip/sys_pll.ipc. 系统找不到指定的路径。.
GUI-8002 ERROR: Failed to open file: ../user_source/hdl_source/ip/video_pll.ipc. 系统找不到指定的路径。.
RUN-1002 : start command "commit_param -step design"
RUN-1001 : Print Global Property
RUN-1001 : --------------------------------------------------------
RUN-1001 :   Parameters   |  Settings  |  Default Values  |  Note  
RUN-1001 : --------------------------------------------------------
RUN-1001 :   enable_seed  |    off     |       off        |        
RUN-1001 :     message    |  standard  |     standard     |        
RUN-1001 :   qor_monitor  |     on     |        on        |        
RUN-1001 :   syn_ip_flow  |    off     |       off        |        
RUN-1001 :     thread     |    auto    |       auto       |        
RUN-1001 : --------------------------------------------------------
RUN-1001 : Print Design Property
RUN-1001 : ----------------------------------------------------------------
RUN-1001 :       Parameters       |  Settings  |  Default Values  |  Note  
RUN-1001 : ----------------------------------------------------------------
RUN-1001 :   default_reg_initial  |    auto    |       auto       |        
RUN-1001 :    hdl_warning_level   |   normal   |      normal      |        
RUN-1001 : ----------------------------------------------------------------
HDL-8007 ERROR: cannot open include file './src/sdram/enc_file/global_def.v' in ../user_source/hdl_source/SD/sdram.v(1)
HDL-1007 : analyze verilog file ../user_source/hdl_source/ip/afifo_16_32_256.v
HDL-1007 : analyze verilog file ../user_source/hdl_source/ip/afifo_32_16_256.v
HDL-1007 : analyze verilog file ../user_source/hdl_source/ip/sys_pll.v
HDL-1007 : undeclared symbol 'open', assumed default net type 'wire' in ../user_source/hdl_source/ip/sys_pll.v(77)
HDL-1007 : analyze verilog file ../user_source/hdl_source/ip/video_pll.v
HDL-1007 : undeclared symbol 'open', assumed default net type 'wire' in ../user_source/hdl_source/ip/video_pll.v(70)
HDL-1007 : analyze verilog file al_ip/AUDIO_SAMPLE_ROM.v
HDL-1007 : analyze verilog file al_ip/PLL.v
HDL-1007 : undeclared symbol 'PLL_open0', assumed default net type 'wire' in al_ip/PLL.v(78)
HDL-1007 : undeclared symbol 'PLL_open8', assumed default net type 'wire' in al_ip/PLL.v(84)
HDL-1007 : undeclared symbol 'PLL_open7', assumed default net type 'wire' in al_ip/PLL.v(84)
HDL-1007 : undeclared symbol 'PLL_open6', assumed default net type 'wire' in al_ip/PLL.v(84)
HDL-1007 : undeclared symbol 'PLL_open5', assumed default net type 'wire' in al_ip/PLL.v(84)
HDL-1007 : undeclared symbol 'PLL_open4', assumed default net type 'wire' in al_ip/PLL.v(84)
HDL-1007 : undeclared symbol 'PLL_open3', assumed default net type 'wire' in al_ip/PLL.v(84)
HDL-1007 : undeclared symbol 'PLL_open2', assumed default net type 'wire' in al_ip/PLL.v(84)
HDL-1007 : undeclared symbol 'PLL_open1', assumed default net type 'wire' in al_ip/PLL.v(84)
HDL-1007 : undeclared symbol 'PLL_open11', assumed default net type 'wire' in al_ip/PLL.v(86)
HDL-1007 : undeclared symbol 'PLL_open10', assumed default net type 'wire' in al_ip/PLL.v(86)
HDL-1007 : undeclared symbol 'PLL_open9', assumed default net type 'wire' in al_ip/PLL.v(86)
HDL-1007 : analyze verilog file al_ip/PLL_HDMI_AUDIO.v
HDL-1007 : undeclared symbol 'PLL_HDMI_AUDIO_open0', assumed default net type 'wire' in al_ip/PLL_HDMI_AUDIO.v(85)
HDL-1007 : undeclared symbol 'PLL_HDMI_AUDIO_open8', assumed default net type 'wire' in al_ip/PLL_HDMI_AUDIO.v(91)
HDL-1007 : undeclared symbol 'PLL_HDMI_AUDIO_open7', assumed default net type 'wire' in al_ip/PLL_HDMI_AUDIO.v(91)
HDL-1007 : undeclared symbol 'PLL_HDMI_AUDIO_open6', assumed default net type 'wire' in al_ip/PLL_HDMI_AUDIO.v(91)
HDL-1007 : undeclared symbol 'PLL_HDMI_AUDIO_open5', assumed default net type 'wire' in al_ip/PLL_HDMI_AUDIO.v(91)
HDL-1007 : undeclared symbol 'PLL_HDMI_AUDIO_open4', assumed default net type 'wire' in al_ip/PLL_HDMI_AUDIO.v(91)
HDL-1007 : undeclared symbol 'PLL_HDMI_AUDIO_open3', assumed default net type 'wire' in al_ip/PLL_HDMI_AUDIO.v(91)
HDL-1007 : undeclared symbol 'PLL_HDMI_AUDIO_open2', assumed default net type 'wire' in al_ip/PLL_HDMI_AUDIO.v(91)
HDL-1007 : undeclared symbol 'PLL_HDMI_AUDIO_open1', assumed default net type 'wire' in al_ip/PLL_HDMI_AUDIO.v(91)
HDL-1007 : undeclared symbol 'PLL_HDMI_AUDIO_open10', assumed default net type 'wire' in al_ip/PLL_HDMI_AUDIO.v(93)
HDL-1007 : undeclared symbol 'PLL_HDMI_AUDIO_open9', assumed default net type 'wire' in al_ip/PLL_HDMI_AUDIO.v(93)
HDL-1007 : analyze verilog file ../user_source/hdl_source/video_source_test.v
HDL-1007 : analyze verilog file ../user_source/hdl_source/key_remove_shakes.v
HDL-1007 : analyze verilog file ../user_source/hdl_source/I2S_receiver.v
HDL-1007 : analyze verilog file ../user_source/hdl_source/audio_arc_calculate.v
HDL-1007 : analyze verilog file ../user_source/hdl_source/hdmi_phy_warpper.v
HDL-1007 : analyze verilog file ../user_source/hdl_source/lane_lvds_10_1.v
HDL-1007 : analyze verilog file ../user_source/hdl_source/hdmi1.4b_transmitter_core/hdmi_1_4b_transmitter_core_wrapper.enc.v
HDL-1007 : undeclared symbol '**', assumed default net type '**' in ../user_source/hdl_source/hdmi1.4b_transmitter_core/hdmi_1_4b_transmitter_core_wrapper.enc.v(2614)
HDL-1007 : undeclared symbol '**', assumed default net type '**' in ../user_source/hdl_source/hdmi1.4b_transmitter_core/hdmi_1_4b_transmitter_core_wrapper.enc.v(2716)
HDL-1007 : undeclared symbol '**', assumed default net type '**' in ../user_source/hdl_source/hdmi1.4b_transmitter_core/hdmi_1_4b_transmitter_core_wrapper.enc.v(2724)
HDL-1007 : undeclared symbol '**', assumed default net type '**' in ../user_source/hdl_source/hdmi1.4b_transmitter_core/hdmi_1_4b_transmitter_core_wrapper.enc.v(4936)
HDL-1007 : undeclared symbol '**', assumed default net type '**' in ../user_source/hdl_source/hdmi1.4b_transmitter_core/hdmi_1_4b_transmitter_core_wrapper.enc.v(5989)
HDL-1007 : back to file '../user_source/hdl_source/hdmi1.4b_transmitter_core/hdmi_1_4b_transmitter_core_wrapper.enc.v' in ../user_source/hdl_source/hdmi1.4b_transmitter_core/hdmi_1_4b_transmitter_core_wrapper.enc.v(77)
HDL-1007 : analyze verilog file ../user_source/hdl_source/test/i2s_test_tone_gen_pll.v
HDL-1007 : analyze verilog file ../user_source/hdl_source/rom/i2s_rom_player_single_pll_fix64_rom_ip.v
HDL-1007 : analyze verilog file ../user_source/hdl_source/top_tf_hdmi_audio.v
HDL-1007 : analyze verilog file ../user_source/hdl_source/SD/ax_debounce.v
HDL-1007 : analyze verilog file ../user_source/hdl_source/SD/bmp_read.v
HDL-1007 : analyze verilog file ../user_source/hdl_source/SD/color_bar.v
HDL-1007 : analyze included file ../user_source/hdl_source/SD/video_define.v in ../user_source/hdl_source/SD/color_bar.v(2)
HDL-1007 : back to file '../user_source/hdl_source/SD/color_bar.v' in ../user_source/hdl_source/SD/color_bar.v(2)
HDL-1007 : analyze verilog file ../user_source/hdl_source/SD/frame_fifo_read.v
HDL-1007 : analyze verilog file ../user_source/hdl_source/SD/frame_fifo_write.v
HDL-1007 : analyze verilog file ../user_source/hdl_source/SD/frame_read_write.v
HDL-1007 : analyze verilog file ../user_source/hdl_source/SD/sd_card_bmp.v
HDL-1007 : analyze verilog file ../user_source/hdl_source/SD/seg_decoder.v
HDL-1007 : analyze verilog file ../user_source/hdl_source/SD/seg_scan.v
HDL-1007 : analyze verilog file ../user_source/hdl_source/SD/video_delay.v
HDL-1007 : analyze verilog file ../user_source/hdl_source/SD/video_timing_data.v
HDL-1007 : analyze verilog file ../user_source/hdl_source/hdmi_audio_tone_i2s_64fs.v
HDL-1007 : analyze verilog file ../user_source/hdl_source/startup_pulse.v
HDL-1007 : analyze verilog file ../user_source/hdl_source/video_rgb_to_axis_640x480.v
HDL-1007 : analyze verilog file ../user_source/hdl_source/SD/sd_card_cmd.v
HDL-1007 : analyze verilog file ../user_source/hdl_source/SD/sd_card_sec_read_write.v
HDL-1007 : analyze verilog file ../user_source/hdl_source/SD/sd_card_top.v
HDL-1007 : analyze verilog file ../user_source/hdl_source/SD/spi_master.v
HDL-1007 : analyze verilog file ../user_source/hdl_source/SD/sdram.v
HDL-8007 ERROR: cannot open include file './src/sdram/enc_file/global_def.v' in ../user_source/hdl_source/SD/sdram.v(10)
HDL-8007 ERROR: use of undefined macro 'ADDR_WIDTH' in ../user_source/hdl_source/SD/sdram.v(33)
HDL-8007 ERROR: use of undefined macro 'DM_WIDTH' in ../user_source/hdl_source/SD/sdram.v(34)
HDL-8007 ERROR: use of undefined macro 'DATA_WIDTH' in ../user_source/hdl_source/SD/sdram.v(35)
HDL-8007 ERROR: use of undefined macro 'BA_WIDTH' in ../user_source/hdl_source/SD/sdram.v(50)
HDL-8007 ERROR: use of undefined macro 'ROW_WIDTH' in ../user_source/hdl_source/SD/sdram.v(51)
HDL-1007 : undeclared symbol 'SDR_CKE', assumed default net type 'wire' in ../user_source/hdl_source/SD/sdram.v(89)
HDL-8007 ERROR: ignore module module due to previous errors in ../user_source/hdl_source/SD/sdram.v(12)
HDL-5007 WARNING: The file ../user_source/hdl_source/SD/sdram.v will not be compiled since it is not included by any other files. Set it as 'global include' if it should be compiled.
GUI-5001 WARNING: Failed to add the file: C:/Users/zbrmyyds/Desktop/anlu/FPGA_Prj/I2S/transmitor/APUG092_HDMI1.4b_Transmitter_V1.4/src/user_source/hdl_source/IP/afifo_16_32_256.ipc
GUI-5001 WARNING: Failed to add the file: C:/Users/zbrmyyds/Desktop/anlu/FPGA_Prj/I2S/transmitor/APUG092_HDMI1.4b_Transmitter_V1.4/src/user_source/hdl_source/IP/afifo_32_16_256.ipc
GUI-5001 WARNING: Failed to add the file: C:/Users/zbrmyyds/Desktop/anlu/FPGA_Prj/I2S/transmitor/APUG092_HDMI1.4b_Transmitter_V1.4/src/user_source/hdl_source/IP/sys_pll.ipc
GUI-5001 WARNING: Failed to add the file: C:/Users/zbrmyyds/Desktop/anlu/FPGA_Prj/I2S/transmitor/APUG092_HDMI1.4b_Transmitter_V1.4/src/user_source/hdl_source/IP/video_pll.ipc
RUN-1002 : start command "commit_param -step design"
RUN-1001 : Print Global Property
RUN-1001 : --------------------------------------------------------
RUN-1001 :   Parameters   |  Settings  |  Default Values  |  Note  
RUN-1001 : --------------------------------------------------------
RUN-1001 :   enable_seed  |    off     |       off        |        
RUN-1001 :     message    |  standard  |     standard     |        
RUN-1001 :   qor_monitor  |     on     |        on        |        
RUN-1001 :   syn_ip_flow  |    off     |       off        |        
RUN-1001 :     thread     |    auto    |       auto       |        
RUN-1001 : --------------------------------------------------------
RUN-1001 : Print Design Property
RUN-1001 : ----------------------------------------------------------------
RUN-1001 :       Parameters       |  Settings  |  Default Values  |  Note  
RUN-1001 : ----------------------------------------------------------------
RUN-1001 :   default_reg_initial  |    auto    |       auto       |        
RUN-1001 :    hdl_warning_level   |   normal   |      normal      |        
RUN-1001 : ----------------------------------------------------------------
HDL-8007 ERROR: cannot open include file './src/sdram/enc_file/global_def.v' in ../user_source/hdl_source/SD/sdram.v(1)
HDL-1007 : analyze verilog file ../user_source/hdl_source/IP/sdram.v
HDL-1007 : analyze verilog file ../user_source/hdl_source/ip/afifo_16_32_256.v
HDL-1007 : analyze verilog file ../user_source/hdl_source/ip/afifo_32_16_256.v
HDL-1007 : analyze verilog file ../user_source/hdl_source/ip/sys_pll.v
HDL-1007 : undeclared symbol 'open', assumed default net type 'wire' in ../user_source/hdl_source/ip/sys_pll.v(77)
HDL-1007 : analyze verilog file ../user_source/hdl_source/ip/video_pll.v
HDL-1007 : undeclared symbol 'open', assumed default net type 'wire' in ../user_source/hdl_source/ip/video_pll.v(70)
HDL-1007 : analyze verilog file al_ip/AUDIO_SAMPLE_ROM.v
HDL-1007 : analyze verilog file al_ip/PLL.v
HDL-1007 : undeclared symbol 'PLL_open0', assumed default net type 'wire' in al_ip/PLL.v(78)
HDL-1007 : undeclared symbol 'PLL_open8', assumed default net type 'wire' in al_ip/PLL.v(84)
HDL-1007 : undeclared symbol 'PLL_open7', assumed default net type 'wire' in al_ip/PLL.v(84)
HDL-1007 : undeclared symbol 'PLL_open6', assumed default net type 'wire' in al_ip/PLL.v(84)
HDL-1007 : undeclared symbol 'PLL_open5', assumed default net type 'wire' in al_ip/PLL.v(84)
HDL-1007 : undeclared symbol 'PLL_open4', assumed default net type 'wire' in al_ip/PLL.v(84)
HDL-1007 : undeclared symbol 'PLL_open3', assumed default net type 'wire' in al_ip/PLL.v(84)
HDL-1007 : undeclared symbol 'PLL_open2', assumed default net type 'wire' in al_ip/PLL.v(84)
HDL-1007 : undeclared symbol 'PLL_open1', assumed default net type 'wire' in al_ip/PLL.v(84)
HDL-1007 : undeclared symbol 'PLL_open11', assumed default net type 'wire' in al_ip/PLL.v(86)
HDL-1007 : undeclared symbol 'PLL_open10', assumed default net type 'wire' in al_ip/PLL.v(86)
HDL-1007 : undeclared symbol 'PLL_open9', assumed default net type 'wire' in al_ip/PLL.v(86)
HDL-1007 : analyze verilog file al_ip/PLL_HDMI_AUDIO.v
HDL-1007 : undeclared symbol 'PLL_HDMI_AUDIO_open0', assumed default net type 'wire' in al_ip/PLL_HDMI_AUDIO.v(85)
HDL-1007 : undeclared symbol 'PLL_HDMI_AUDIO_open8', assumed default net type 'wire' in al_ip/PLL_HDMI_AUDIO.v(91)
HDL-1007 : undeclared symbol 'PLL_HDMI_AUDIO_open7', assumed default net type 'wire' in al_ip/PLL_HDMI_AUDIO.v(91)
HDL-1007 : undeclared symbol 'PLL_HDMI_AUDIO_open6', assumed default net type 'wire' in al_ip/PLL_HDMI_AUDIO.v(91)
HDL-1007 : undeclared symbol 'PLL_HDMI_AUDIO_open5', assumed default net type 'wire' in al_ip/PLL_HDMI_AUDIO.v(91)
HDL-1007 : undeclared symbol 'PLL_HDMI_AUDIO_open4', assumed default net type 'wire' in al_ip/PLL_HDMI_AUDIO.v(91)
HDL-1007 : undeclared symbol 'PLL_HDMI_AUDIO_open3', assumed default net type 'wire' in al_ip/PLL_HDMI_AUDIO.v(91)
HDL-1007 : undeclared symbol 'PLL_HDMI_AUDIO_open2', assumed default net type 'wire' in al_ip/PLL_HDMI_AUDIO.v(91)
HDL-1007 : undeclared symbol 'PLL_HDMI_AUDIO_open1', assumed default net type 'wire' in al_ip/PLL_HDMI_AUDIO.v(91)
HDL-1007 : undeclared symbol 'PLL_HDMI_AUDIO_open10', assumed default net type 'wire' in al_ip/PLL_HDMI_AUDIO.v(93)
HDL-1007 : undeclared symbol 'PLL_HDMI_AUDIO_open9', assumed default net type 'wire' in al_ip/PLL_HDMI_AUDIO.v(93)
HDL-1007 : analyze verilog file ../user_source/hdl_source/video_source_test.v
HDL-1007 : analyze verilog file ../user_source/hdl_source/key_remove_shakes.v
HDL-1007 : analyze verilog file ../user_source/hdl_source/I2S_receiver.v
HDL-1007 : analyze verilog file ../user_source/hdl_source/audio_arc_calculate.v
HDL-1007 : analyze verilog file ../user_source/hdl_source/hdmi_phy_warpper.v
HDL-1007 : analyze verilog file ../user_source/hdl_source/lane_lvds_10_1.v
HDL-1007 : analyze verilog file ../user_source/hdl_source/hdmi1.4b_transmitter_core/hdmi_1_4b_transmitter_core_wrapper.enc.v
HDL-1007 : undeclared symbol '**', assumed default net type '**' in ../user_source/hdl_source/hdmi1.4b_transmitter_core/hdmi_1_4b_transmitter_core_wrapper.enc.v(2614)
HDL-1007 : undeclared symbol '**', assumed default net type '**' in ../user_source/hdl_source/hdmi1.4b_transmitter_core/hdmi_1_4b_transmitter_core_wrapper.enc.v(2716)
HDL-1007 : undeclared symbol '**', assumed default net type '**' in ../user_source/hdl_source/hdmi1.4b_transmitter_core/hdmi_1_4b_transmitter_core_wrapper.enc.v(2724)
HDL-1007 : undeclared symbol '**', assumed default net type '**' in ../user_source/hdl_source/hdmi1.4b_transmitter_core/hdmi_1_4b_transmitter_core_wrapper.enc.v(4936)
HDL-1007 : undeclared symbol '**', assumed default net type '**' in ../user_source/hdl_source/hdmi1.4b_transmitter_core/hdmi_1_4b_transmitter_core_wrapper.enc.v(5989)
HDL-1007 : back to file '../user_source/hdl_source/hdmi1.4b_transmitter_core/hdmi_1_4b_transmitter_core_wrapper.enc.v' in ../user_source/hdl_source/hdmi1.4b_transmitter_core/hdmi_1_4b_transmitter_core_wrapper.enc.v(77)
HDL-1007 : analyze verilog file ../user_source/hdl_source/test/i2s_test_tone_gen_pll.v
HDL-1007 : analyze verilog file ../user_source/hdl_source/rom/i2s_rom_player_single_pll_fix64_rom_ip.v
HDL-1007 : analyze verilog file ../user_source/hdl_source/top_tf_hdmi_audio.v
HDL-1007 : analyze verilog file ../user_source/hdl_source/SD/ax_debounce.v
HDL-1007 : analyze verilog file ../user_source/hdl_source/SD/bmp_read.v
HDL-1007 : analyze verilog file ../user_source/hdl_source/SD/color_bar.v
HDL-1007 : analyze included file ../user_source/hdl_source/SD/video_define.v in ../user_source/hdl_source/SD/color_bar.v(2)
HDL-1007 : back to file '../user_source/hdl_source/SD/color_bar.v' in ../user_source/hdl_source/SD/color_bar.v(2)
HDL-1007 : analyze verilog file ../user_source/hdl_source/SD/frame_fifo_read.v
HDL-1007 : analyze verilog file ../user_source/hdl_source/SD/frame_fifo_write.v
HDL-1007 : analyze verilog file ../user_source/hdl_source/SD/frame_read_write.v
HDL-1007 : analyze verilog file ../user_source/hdl_source/SD/sd_card_bmp.v
HDL-1007 : analyze verilog file ../user_source/hdl_source/SD/seg_decoder.v
HDL-1007 : analyze verilog file ../user_source/hdl_source/SD/seg_scan.v
HDL-1007 : analyze verilog file ../user_source/hdl_source/SD/video_delay.v
HDL-1007 : analyze verilog file ../user_source/hdl_source/SD/video_timing_data.v
HDL-1007 : analyze verilog file ../user_source/hdl_source/hdmi_audio_tone_i2s_64fs.v
HDL-1007 : analyze verilog file ../user_source/hdl_source/startup_pulse.v
HDL-1007 : analyze verilog file ../user_source/hdl_source/video_rgb_to_axis_640x480.v
HDL-1007 : analyze verilog file ../user_source/hdl_source/SD/sd_card_cmd.v
HDL-1007 : analyze verilog file ../user_source/hdl_source/SD/sd_card_sec_read_write.v
HDL-1007 : analyze verilog file ../user_source/hdl_source/SD/sd_card_top.v
HDL-1007 : analyze verilog file ../user_source/hdl_source/SD/spi_master.v
HDL-1007 : analyze verilog file ../user_source/hdl_source/SD/sdram.v
HDL-8007 ERROR: cannot open include file './src/sdram/enc_file/global_def.v' in ../user_source/hdl_source/SD/sdram.v(10)
HDL-8007 ERROR: use of undefined macro 'ADDR_WIDTH' in ../user_source/hdl_source/SD/sdram.v(33)
HDL-8007 ERROR: use of undefined macro 'DM_WIDTH' in ../user_source/hdl_source/SD/sdram.v(34)
HDL-8007 ERROR: use of undefined macro 'DATA_WIDTH' in ../user_source/hdl_source/SD/sdram.v(35)
HDL-8007 ERROR: use of undefined macro 'BA_WIDTH' in ../user_source/hdl_source/SD/sdram.v(50)
HDL-8007 ERROR: use of undefined macro 'ROW_WIDTH' in ../user_source/hdl_source/SD/sdram.v(51)
HDL-1007 : undeclared symbol 'SDR_CKE', assumed default net type 'wire' in ../user_source/hdl_source/SD/sdram.v(89)
HDL-8007 ERROR: ignore module module due to previous errors in ../user_source/hdl_source/SD/sdram.v(12)
HDL-8007 ERROR: cannot find port 'Clk' on this module in ../user_source/hdl_source/top_tf_hdmi_audio.v(252)
HDL-8007 ERROR: cannot find port 'Clk_sft' on this module in ../user_source/hdl_source/top_tf_hdmi_audio.v(253)
HDL-8007 ERROR: cannot find port 'Rst' on this module in ../user_source/hdl_source/top_tf_hdmi_audio.v(254)
HDL-8007 ERROR: cannot find port 'Sdr_init_done' on this module in ../user_source/hdl_source/top_tf_hdmi_audio.v(255)
HDL-8007 ERROR: cannot find port 'Sdr_init_ref_vld' on this module in ../user_source/hdl_source/top_tf_hdmi_audio.v(256)
HDL-8007 ERROR: cannot find port 'Sdr_busy' on this module in ../user_source/hdl_source/top_tf_hdmi_audio.v(257)
HDL-8007 ERROR: cannot find port 'App_wr_en' on this module in ../user_source/hdl_source/top_tf_hdmi_audio.v(258)
HDL-8007 ERROR: cannot find port 'App_wr_addr' on this module in ../user_source/hdl_source/top_tf_hdmi_audio.v(259)
HDL-8007 ERROR: cannot find port 'App_wr_dm' on this module in ../user_source/hdl_source/top_tf_hdmi_audio.v(260)
HDL-8007 Similar messages will be suppressed.
HDL-5007 WARNING: The file ../user_source/hdl_source/SD/sdram.v will not be compiled since it is not included by any other files. Set it as 'global include' if it should be compiled.
RUN-1002 : start command "commit_param -step design"
RUN-1001 : Print Global Property
RUN-1001 : --------------------------------------------------------
RUN-1001 :   Parameters   |  Settings  |  Default Values  |  Note  
RUN-1001 : --------------------------------------------------------
RUN-1001 :   enable_seed  |    off     |       off        |        
RUN-1001 :     message    |  standard  |     standard     |        
RUN-1001 :   qor_monitor  |     on     |        on        |        
RUN-1001 :   syn_ip_flow  |    off     |       off        |        
RUN-1001 :     thread     |    auto    |       auto       |        
RUN-1001 : --------------------------------------------------------
RUN-1001 : Print Design Property
RUN-1001 : ----------------------------------------------------------------
RUN-1001 :       Parameters       |  Settings  |  Default Values  |  Note  
RUN-1001 : ----------------------------------------------------------------
RUN-1001 :   default_reg_initial  |    auto    |       auto       |        
RUN-1001 :    hdl_warning_level   |   normal   |      normal      |        
RUN-1001 : ----------------------------------------------------------------
HDL-8007 ERROR: cannot open include file './src/sdram/enc_file/global_def.v' in ../user_source/hdl_source/SD/sdram.v(1)
HDL-1007 : analyze verilog file ../user_source/hdl_source/ip/afifo_16_32_256.v
HDL-1007 : analyze verilog file ../user_source/hdl_source/ip/afifo_32_16_256.v
HDL-1007 : analyze verilog file ../user_source/hdl_source/ip/sys_pll.v
HDL-1007 : undeclared symbol 'open', assumed default net type 'wire' in ../user_source/hdl_source/ip/sys_pll.v(77)
HDL-1007 : analyze verilog file ../user_source/hdl_source/ip/video_pll.v
HDL-1007 : undeclared symbol 'open', assumed default net type 'wire' in ../user_source/hdl_source/ip/video_pll.v(70)
HDL-1007 : analyze verilog file al_ip/AUDIO_SAMPLE_ROM.v
HDL-1007 : analyze verilog file al_ip/PLL.v
HDL-1007 : undeclared symbol 'PLL_open0', assumed default net type 'wire' in al_ip/PLL.v(78)
HDL-1007 : undeclared symbol 'PLL_open8', assumed default net type 'wire' in al_ip/PLL.v(84)
HDL-1007 : undeclared symbol 'PLL_open7', assumed default net type 'wire' in al_ip/PLL.v(84)
HDL-1007 : undeclared symbol 'PLL_open6', assumed default net type 'wire' in al_ip/PLL.v(84)
HDL-1007 : undeclared symbol 'PLL_open5', assumed default net type 'wire' in al_ip/PLL.v(84)
HDL-1007 : undeclared symbol 'PLL_open4', assumed default net type 'wire' in al_ip/PLL.v(84)
HDL-1007 : undeclared symbol 'PLL_open3', assumed default net type 'wire' in al_ip/PLL.v(84)
HDL-1007 : undeclared symbol 'PLL_open2', assumed default net type 'wire' in al_ip/PLL.v(84)
HDL-1007 : undeclared symbol 'PLL_open1', assumed default net type 'wire' in al_ip/PLL.v(84)
HDL-1007 : undeclared symbol 'PLL_open11', assumed default net type 'wire' in al_ip/PLL.v(86)
HDL-1007 : undeclared symbol 'PLL_open10', assumed default net type 'wire' in al_ip/PLL.v(86)
HDL-1007 : undeclared symbol 'PLL_open9', assumed default net type 'wire' in al_ip/PLL.v(86)
HDL-1007 : analyze verilog file al_ip/PLL_HDMI_AUDIO.v
HDL-1007 : undeclared symbol 'PLL_HDMI_AUDIO_open0', assumed default net type 'wire' in al_ip/PLL_HDMI_AUDIO.v(85)
HDL-1007 : undeclared symbol 'PLL_HDMI_AUDIO_open8', assumed default net type 'wire' in al_ip/PLL_HDMI_AUDIO.v(91)
HDL-1007 : undeclared symbol 'PLL_HDMI_AUDIO_open7', assumed default net type 'wire' in al_ip/PLL_HDMI_AUDIO.v(91)
HDL-1007 : undeclared symbol 'PLL_HDMI_AUDIO_open6', assumed default net type 'wire' in al_ip/PLL_HDMI_AUDIO.v(91)
HDL-1007 : undeclared symbol 'PLL_HDMI_AUDIO_open5', assumed default net type 'wire' in al_ip/PLL_HDMI_AUDIO.v(91)
HDL-1007 : undeclared symbol 'PLL_HDMI_AUDIO_open4', assumed default net type 'wire' in al_ip/PLL_HDMI_AUDIO.v(91)
HDL-1007 : undeclared symbol 'PLL_HDMI_AUDIO_open3', assumed default net type 'wire' in al_ip/PLL_HDMI_AUDIO.v(91)
HDL-1007 : undeclared symbol 'PLL_HDMI_AUDIO_open2', assumed default net type 'wire' in al_ip/PLL_HDMI_AUDIO.v(91)
HDL-1007 : undeclared symbol 'PLL_HDMI_AUDIO_open1', assumed default net type 'wire' in al_ip/PLL_HDMI_AUDIO.v(91)
HDL-1007 : undeclared symbol 'PLL_HDMI_AUDIO_open10', assumed default net type 'wire' in al_ip/PLL_HDMI_AUDIO.v(93)
HDL-1007 : undeclared symbol 'PLL_HDMI_AUDIO_open9', assumed default net type 'wire' in al_ip/PLL_HDMI_AUDIO.v(93)
HDL-1007 : analyze verilog file ../user_source/hdl_source/video_source_test.v
HDL-1007 : analyze verilog file ../user_source/hdl_source/key_remove_shakes.v
HDL-1007 : analyze verilog file ../user_source/hdl_source/I2S_receiver.v
HDL-1007 : analyze verilog file ../user_source/hdl_source/audio_arc_calculate.v
HDL-1007 : analyze verilog file ../user_source/hdl_source/hdmi_phy_warpper.v
HDL-1007 : analyze verilog file ../user_source/hdl_source/lane_lvds_10_1.v
HDL-1007 : analyze verilog file ../user_source/hdl_source/hdmi1.4b_transmitter_core/hdmi_1_4b_transmitter_core_wrapper.enc.v
HDL-1007 : undeclared symbol '**', assumed default net type '**' in ../user_source/hdl_source/hdmi1.4b_transmitter_core/hdmi_1_4b_transmitter_core_wrapper.enc.v(2614)
HDL-1007 : undeclared symbol '**', assumed default net type '**' in ../user_source/hdl_source/hdmi1.4b_transmitter_core/hdmi_1_4b_transmitter_core_wrapper.enc.v(2716)
HDL-1007 : undeclared symbol '**', assumed default net type '**' in ../user_source/hdl_source/hdmi1.4b_transmitter_core/hdmi_1_4b_transmitter_core_wrapper.enc.v(2724)
HDL-1007 : undeclared symbol '**', assumed default net type '**' in ../user_source/hdl_source/hdmi1.4b_transmitter_core/hdmi_1_4b_transmitter_core_wrapper.enc.v(4936)
HDL-1007 : undeclared symbol '**', assumed default net type '**' in ../user_source/hdl_source/hdmi1.4b_transmitter_core/hdmi_1_4b_transmitter_core_wrapper.enc.v(5989)
HDL-1007 : back to file '../user_source/hdl_source/hdmi1.4b_transmitter_core/hdmi_1_4b_transmitter_core_wrapper.enc.v' in ../user_source/hdl_source/hdmi1.4b_transmitter_core/hdmi_1_4b_transmitter_core_wrapper.enc.v(77)
HDL-1007 : analyze verilog file ../user_source/hdl_source/test/i2s_test_tone_gen_pll.v
HDL-1007 : analyze verilog file ../user_source/hdl_source/rom/i2s_rom_player_single_pll_fix64_rom_ip.v
HDL-1007 : analyze verilog file ../user_source/hdl_source/top_tf_hdmi_audio.v
HDL-1007 : analyze verilog file ../user_source/hdl_source/SD/ax_debounce.v
HDL-1007 : analyze verilog file ../user_source/hdl_source/SD/bmp_read.v
HDL-1007 : analyze verilog file ../user_source/hdl_source/SD/color_bar.v
HDL-1007 : analyze included file ../user_source/hdl_source/SD/video_define.v in ../user_source/hdl_source/SD/color_bar.v(2)
HDL-1007 : back to file '../user_source/hdl_source/SD/color_bar.v' in ../user_source/hdl_source/SD/color_bar.v(2)
HDL-1007 : analyze verilog file ../user_source/hdl_source/SD/frame_fifo_read.v
HDL-1007 : analyze verilog file ../user_source/hdl_source/SD/frame_fifo_write.v
HDL-1007 : analyze verilog file ../user_source/hdl_source/SD/frame_read_write.v
HDL-1007 : analyze verilog file ../user_source/hdl_source/SD/sd_card_bmp.v
HDL-1007 : analyze verilog file ../user_source/hdl_source/SD/seg_decoder.v
HDL-1007 : analyze verilog file ../user_source/hdl_source/SD/seg_scan.v
HDL-1007 : analyze verilog file ../user_source/hdl_source/SD/video_delay.v
HDL-1007 : analyze verilog file ../user_source/hdl_source/SD/video_timing_data.v
HDL-1007 : analyze verilog file ../user_source/hdl_source/hdmi_audio_tone_i2s_64fs.v
HDL-1007 : analyze verilog file ../user_source/hdl_source/startup_pulse.v
HDL-1007 : analyze verilog file ../user_source/hdl_source/video_rgb_to_axis_640x480.v
HDL-1007 : analyze verilog file ../user_source/hdl_source/SD/sd_card_cmd.v
HDL-1007 : analyze verilog file ../user_source/hdl_source/SD/sd_card_sec_read_write.v
HDL-1007 : analyze verilog file ../user_source/hdl_source/SD/sd_card_top.v
HDL-1007 : analyze verilog file ../user_source/hdl_source/SD/spi_master.v
HDL-1007 : analyze verilog file ../user_source/hdl_source/SD/sdram.v
HDL-8007 ERROR: cannot open include file './src/sdram/enc_file/global_def.v' in ../user_source/hdl_source/SD/sdram.v(10)
HDL-8007 ERROR: use of undefined macro 'ADDR_WIDTH' in ../user_source/hdl_source/SD/sdram.v(33)
HDL-8007 ERROR: use of undefined macro 'DM_WIDTH' in ../user_source/hdl_source/SD/sdram.v(34)
HDL-8007 ERROR: use of undefined macro 'DATA_WIDTH' in ../user_source/hdl_source/SD/sdram.v(35)
HDL-8007 ERROR: use of undefined macro 'BA_WIDTH' in ../user_source/hdl_source/SD/sdram.v(50)
HDL-8007 ERROR: use of undefined macro 'ROW_WIDTH' in ../user_source/hdl_source/SD/sdram.v(51)
HDL-1007 : undeclared symbol 'SDR_CKE', assumed default net type 'wire' in ../user_source/hdl_source/SD/sdram.v(89)
HDL-8007 ERROR: ignore module module due to previous errors in ../user_source/hdl_source/SD/sdram.v(12)
HDL-5007 WARNING: The file ../user_source/hdl_source/SD/sdram.v will not be compiled since it is not included by any other files. Set it as 'global include' if it should be compiled.
PRJ-8403 ERROR: File(C:/Users/zbrmyyds/Desktop/anlu/FPGA_Prj/I2S/transmitor/APUG092_HDMI1.4b_Transmitter_V1.4/src/user_source/hdl_source/SD/sdram.v) is already in fileSet(design_1).
GUI-5001 WARNING: Failed to add the file: C:/Users/zbrmyyds/Desktop/anlu/FPGA_Prj/I2S/transmitor/APUG092_HDMI1.4b_Transmitter_V1.4/src/user_source/hdl_source/SD/sdram.v
RUN-1002 : start command "commit_param -step design"
RUN-1001 : Print Global Property
RUN-1001 : --------------------------------------------------------
RUN-1001 :   Parameters   |  Settings  |  Default Values  |  Note  
RUN-1001 : --------------------------------------------------------
RUN-1001 :   enable_seed  |    off     |       off        |        
RUN-1001 :     message    |  standard  |     standard     |        
RUN-1001 :   qor_monitor  |     on     |        on        |        
RUN-1001 :   syn_ip_flow  |    off     |       off        |        
RUN-1001 :     thread     |    auto    |       auto       |        
RUN-1001 : --------------------------------------------------------
RUN-1001 : Print Design Property
RUN-1001 : ----------------------------------------------------------------
RUN-1001 :       Parameters       |  Settings  |  Default Values  |  Note  
RUN-1001 : ----------------------------------------------------------------
RUN-1001 :   default_reg_initial  |    auto    |       auto       |        
RUN-1001 :    hdl_warning_level   |   normal   |      normal      |        
RUN-1001 : ----------------------------------------------------------------
HDL-8007 ERROR: cannot open include file './src/sdram/enc_file/global_def.v' in ../user_source/hdl_source/SD/sdram.v(1)
HDL-8007 ERROR: cannot open include file './src/sdram/enc_file/global_def.v' in ../user_source/hdl_source/include/sdr_init_ref.enc.v(1)
HDL-1007 : analyze verilog file ../user_source/hdl_source/ip/afifo_16_32_256.v
HDL-1007 : analyze verilog file ../user_source/hdl_source/ip/afifo_32_16_256.v
HDL-1007 : analyze verilog file ../user_source/hdl_source/ip/sys_pll.v
HDL-1007 : undeclared symbol 'open', assumed default net type 'wire' in ../user_source/hdl_source/ip/sys_pll.v(77)
HDL-1007 : analyze verilog file ../user_source/hdl_source/ip/video_pll.v
HDL-1007 : undeclared symbol 'open', assumed default net type 'wire' in ../user_source/hdl_source/ip/video_pll.v(70)
HDL-1007 : analyze verilog file al_ip/AUDIO_SAMPLE_ROM.v
HDL-1007 : analyze verilog file al_ip/PLL.v
HDL-1007 : undeclared symbol 'PLL_open0', assumed default net type 'wire' in al_ip/PLL.v(78)
HDL-1007 : undeclared symbol 'PLL_open8', assumed default net type 'wire' in al_ip/PLL.v(84)
HDL-1007 : undeclared symbol 'PLL_open7', assumed default net type 'wire' in al_ip/PLL.v(84)
HDL-1007 : undeclared symbol 'PLL_open6', assumed default net type 'wire' in al_ip/PLL.v(84)
HDL-1007 : undeclared symbol 'PLL_open5', assumed default net type 'wire' in al_ip/PLL.v(84)
HDL-1007 : undeclared symbol 'PLL_open4', assumed default net type 'wire' in al_ip/PLL.v(84)
HDL-1007 : undeclared symbol 'PLL_open3', assumed default net type 'wire' in al_ip/PLL.v(84)
HDL-1007 : undeclared symbol 'PLL_open2', assumed default net type 'wire' in al_ip/PLL.v(84)
HDL-1007 : undeclared symbol 'PLL_open1', assumed default net type 'wire' in al_ip/PLL.v(84)
HDL-1007 : undeclared symbol 'PLL_open11', assumed default net type 'wire' in al_ip/PLL.v(86)
HDL-1007 : undeclared symbol 'PLL_open10', assumed default net type 'wire' in al_ip/PLL.v(86)
HDL-1007 : undeclared symbol 'PLL_open9', assumed default net type 'wire' in al_ip/PLL.v(86)
HDL-1007 : analyze verilog file al_ip/PLL_HDMI_AUDIO.v
HDL-1007 : undeclared symbol 'PLL_HDMI_AUDIO_open0', assumed default net type 'wire' in al_ip/PLL_HDMI_AUDIO.v(85)
HDL-1007 : undeclared symbol 'PLL_HDMI_AUDIO_open8', assumed default net type 'wire' in al_ip/PLL_HDMI_AUDIO.v(91)
HDL-1007 : undeclared symbol 'PLL_HDMI_AUDIO_open7', assumed default net type 'wire' in al_ip/PLL_HDMI_AUDIO.v(91)
HDL-1007 : undeclared symbol 'PLL_HDMI_AUDIO_open6', assumed default net type 'wire' in al_ip/PLL_HDMI_AUDIO.v(91)
HDL-1007 : undeclared symbol 'PLL_HDMI_AUDIO_open5', assumed default net type 'wire' in al_ip/PLL_HDMI_AUDIO.v(91)
HDL-1007 : undeclared symbol 'PLL_HDMI_AUDIO_open4', assumed default net type 'wire' in al_ip/PLL_HDMI_AUDIO.v(91)
HDL-1007 : undeclared symbol 'PLL_HDMI_AUDIO_open3', assumed default net type 'wire' in al_ip/PLL_HDMI_AUDIO.v(91)
HDL-1007 : undeclared symbol 'PLL_HDMI_AUDIO_open2', assumed default net type 'wire' in al_ip/PLL_HDMI_AUDIO.v(91)
HDL-1007 : undeclared symbol 'PLL_HDMI_AUDIO_open1', assumed default net type 'wire' in al_ip/PLL_HDMI_AUDIO.v(91)
HDL-1007 : undeclared symbol 'PLL_HDMI_AUDIO_open10', assumed default net type 'wire' in al_ip/PLL_HDMI_AUDIO.v(93)
HDL-1007 : undeclared symbol 'PLL_HDMI_AUDIO_open9', assumed default net type 'wire' in al_ip/PLL_HDMI_AUDIO.v(93)
HDL-1007 : analyze verilog file ../user_source/hdl_source/video_source_test.v
HDL-1007 : analyze verilog file ../user_source/hdl_source/key_remove_shakes.v
HDL-1007 : analyze verilog file ../user_source/hdl_source/I2S_receiver.v
HDL-1007 : analyze verilog file ../user_source/hdl_source/audio_arc_calculate.v
HDL-1007 : analyze verilog file ../user_source/hdl_source/hdmi_phy_warpper.v
HDL-1007 : analyze verilog file ../user_source/hdl_source/lane_lvds_10_1.v
HDL-1007 : analyze verilog file ../user_source/hdl_source/hdmi1.4b_transmitter_core/hdmi_1_4b_transmitter_core_wrapper.enc.v
HDL-1007 : undeclared symbol '**', assumed default net type '**' in ../user_source/hdl_source/hdmi1.4b_transmitter_core/hdmi_1_4b_transmitter_core_wrapper.enc.v(2614)
HDL-1007 : undeclared symbol '**', assumed default net type '**' in ../user_source/hdl_source/hdmi1.4b_transmitter_core/hdmi_1_4b_transmitter_core_wrapper.enc.v(2716)
HDL-1007 : undeclared symbol '**', assumed default net type '**' in ../user_source/hdl_source/hdmi1.4b_transmitter_core/hdmi_1_4b_transmitter_core_wrapper.enc.v(2724)
HDL-1007 : undeclared symbol '**', assumed default net type '**' in ../user_source/hdl_source/hdmi1.4b_transmitter_core/hdmi_1_4b_transmitter_core_wrapper.enc.v(4936)
HDL-1007 : undeclared symbol '**', assumed default net type '**' in ../user_source/hdl_source/hdmi1.4b_transmitter_core/hdmi_1_4b_transmitter_core_wrapper.enc.v(5989)
HDL-1007 : back to file '../user_source/hdl_source/hdmi1.4b_transmitter_core/hdmi_1_4b_transmitter_core_wrapper.enc.v' in ../user_source/hdl_source/hdmi1.4b_transmitter_core/hdmi_1_4b_transmitter_core_wrapper.enc.v(77)
HDL-1007 : analyze verilog file ../user_source/hdl_source/test/i2s_test_tone_gen_pll.v
HDL-1007 : analyze verilog file ../user_source/hdl_source/rom/i2s_rom_player_single_pll_fix64_rom_ip.v
HDL-1007 : analyze verilog file ../user_source/hdl_source/top_tf_hdmi_audio.v
HDL-1007 : analyze verilog file ../user_source/hdl_source/SD/ax_debounce.v
HDL-1007 : analyze verilog file ../user_source/hdl_source/SD/bmp_read.v
HDL-1007 : analyze verilog file ../user_source/hdl_source/SD/color_bar.v
HDL-1007 : analyze included file ../user_source/hdl_source/SD/video_define.v in ../user_source/hdl_source/SD/color_bar.v(2)
HDL-1007 : back to file '../user_source/hdl_source/SD/color_bar.v' in ../user_source/hdl_source/SD/color_bar.v(2)
HDL-1007 : analyze verilog file ../user_source/hdl_source/SD/frame_fifo_read.v
HDL-1007 : analyze verilog file ../user_source/hdl_source/SD/frame_fifo_write.v
HDL-1007 : analyze verilog file ../user_source/hdl_source/SD/frame_read_write.v
HDL-1007 : analyze verilog file ../user_source/hdl_source/SD/sd_card_bmp.v
HDL-1007 : analyze verilog file ../user_source/hdl_source/SD/seg_decoder.v
HDL-1007 : analyze verilog file ../user_source/hdl_source/SD/seg_scan.v
HDL-1007 : analyze verilog file ../user_source/hdl_source/SD/video_delay.v
HDL-1007 : analyze verilog file ../user_source/hdl_source/SD/video_timing_data.v
HDL-1007 : analyze verilog file ../user_source/hdl_source/hdmi_audio_tone_i2s_64fs.v
HDL-1007 : analyze verilog file ../user_source/hdl_source/startup_pulse.v
HDL-1007 : analyze verilog file ../user_source/hdl_source/video_rgb_to_axis_640x480.v
HDL-1007 : analyze verilog file ../user_source/hdl_source/SD/sd_card_cmd.v
HDL-1007 : analyze verilog file ../user_source/hdl_source/SD/sd_card_sec_read_write.v
HDL-1007 : analyze verilog file ../user_source/hdl_source/SD/sd_card_top.v
HDL-1007 : analyze verilog file ../user_source/hdl_source/SD/spi_master.v
HDL-1007 : analyze verilog file ../user_source/hdl_source/SD/sdram.v
HDL-8007 ERROR: cannot open include file './src/sdram/enc_file/global_def.v' in ../user_source/hdl_source/SD/sdram.v(10)
HDL-8007 ERROR: use of undefined macro 'ADDR_WIDTH' in ../user_source/hdl_source/SD/sdram.v(33)
HDL-8007 ERROR: use of undefined macro 'DM_WIDTH' in ../user_source/hdl_source/SD/sdram.v(34)
HDL-8007 ERROR: use of undefined macro 'DATA_WIDTH' in ../user_source/hdl_source/SD/sdram.v(35)
HDL-8007 ERROR: use of undefined macro 'BA_WIDTH' in ../user_source/hdl_source/SD/sdram.v(50)
HDL-8007 ERROR: use of undefined macro 'ROW_WIDTH' in ../user_source/hdl_source/SD/sdram.v(51)
HDL-1007 : undeclared symbol 'SDR_CKE', assumed default net type 'wire' in ../user_source/hdl_source/SD/sdram.v(89)
HDL-8007 ERROR: ignore module module due to previous errors in ../user_source/hdl_source/SD/sdram.v(12)
HDL-5007 WARNING: The file ../user_source/hdl_source/SD/sdram.v will not be compiled since it is not included by any other files. Set it as 'global include' if it should be compiled.
RUN-1002 : start command "commit_param -step design"
RUN-1001 : Print Global Property
RUN-1001 : --------------------------------------------------------
RUN-1001 :   Parameters   |  Settings  |  Default Values  |  Note  
RUN-1001 : --------------------------------------------------------
RUN-1001 :   enable_seed  |    off     |       off        |        
RUN-1001 :     message    |  standard  |     standard     |        
RUN-1001 :   qor_monitor  |     on     |        on        |        
RUN-1001 :   syn_ip_flow  |    off     |       off        |        
RUN-1001 :     thread     |    auto    |       auto       |        
RUN-1001 : --------------------------------------------------------
RUN-1001 : Print Design Property
RUN-1001 : ----------------------------------------------------------------
RUN-1001 :       Parameters       |  Settings  |  Default Values  |  Note  
RUN-1001 : ----------------------------------------------------------------
RUN-1001 :   default_reg_initial  |    auto    |       auto       |        
RUN-1001 :    hdl_warning_level   |   normal   |      normal      |        
RUN-1001 : ----------------------------------------------------------------
HDL-8007 ERROR: cannot open include file './src/sdram/enc_file/global_def.v' in ../user_source/hdl_source/include/sdr_init_ref.enc.v(1)
HDL-1007 : analyze verilog file ../user_source/hdl_source/ip/afifo_16_32_256.v
HDL-1007 : analyze verilog file ../user_source/hdl_source/ip/afifo_32_16_256.v
HDL-1007 : analyze verilog file ../user_source/hdl_source/ip/sys_pll.v
HDL-1007 : undeclared symbol 'open', assumed default net type 'wire' in ../user_source/hdl_source/ip/sys_pll.v(77)
HDL-1007 : analyze verilog file ../user_source/hdl_source/ip/video_pll.v
HDL-1007 : undeclared symbol 'open', assumed default net type 'wire' in ../user_source/hdl_source/ip/video_pll.v(70)
HDL-1007 : analyze verilog file al_ip/AUDIO_SAMPLE_ROM.v
HDL-1007 : analyze verilog file al_ip/PLL.v
HDL-1007 : undeclared symbol 'PLL_open0', assumed default net type 'wire' in al_ip/PLL.v(78)
HDL-1007 : undeclared symbol 'PLL_open8', assumed default net type 'wire' in al_ip/PLL.v(84)
HDL-1007 : undeclared symbol 'PLL_open7', assumed default net type 'wire' in al_ip/PLL.v(84)
HDL-1007 : undeclared symbol 'PLL_open6', assumed default net type 'wire' in al_ip/PLL.v(84)
HDL-1007 : undeclared symbol 'PLL_open5', assumed default net type 'wire' in al_ip/PLL.v(84)
HDL-1007 : undeclared symbol 'PLL_open4', assumed default net type 'wire' in al_ip/PLL.v(84)
HDL-1007 : undeclared symbol 'PLL_open3', assumed default net type 'wire' in al_ip/PLL.v(84)
HDL-1007 : undeclared symbol 'PLL_open2', assumed default net type 'wire' in al_ip/PLL.v(84)
HDL-1007 : undeclared symbol 'PLL_open1', assumed default net type 'wire' in al_ip/PLL.v(84)
HDL-1007 : undeclared symbol 'PLL_open11', assumed default net type 'wire' in al_ip/PLL.v(86)
HDL-1007 : undeclared symbol 'PLL_open10', assumed default net type 'wire' in al_ip/PLL.v(86)
HDL-1007 : undeclared symbol 'PLL_open9', assumed default net type 'wire' in al_ip/PLL.v(86)
HDL-1007 : analyze verilog file al_ip/PLL_HDMI_AUDIO.v
HDL-1007 : undeclared symbol 'PLL_HDMI_AUDIO_open0', assumed default net type 'wire' in al_ip/PLL_HDMI_AUDIO.v(85)
HDL-1007 : undeclared symbol 'PLL_HDMI_AUDIO_open8', assumed default net type 'wire' in al_ip/PLL_HDMI_AUDIO.v(91)
HDL-1007 : undeclared symbol 'PLL_HDMI_AUDIO_open7', assumed default net type 'wire' in al_ip/PLL_HDMI_AUDIO.v(91)
HDL-1007 : undeclared symbol 'PLL_HDMI_AUDIO_open6', assumed default net type 'wire' in al_ip/PLL_HDMI_AUDIO.v(91)
HDL-1007 : undeclared symbol 'PLL_HDMI_AUDIO_open5', assumed default net type 'wire' in al_ip/PLL_HDMI_AUDIO.v(91)
HDL-1007 : undeclared symbol 'PLL_HDMI_AUDIO_open4', assumed default net type 'wire' in al_ip/PLL_HDMI_AUDIO.v(91)
HDL-1007 : undeclared symbol 'PLL_HDMI_AUDIO_open3', assumed default net type 'wire' in al_ip/PLL_HDMI_AUDIO.v(91)
HDL-1007 : undeclared symbol 'PLL_HDMI_AUDIO_open2', assumed default net type 'wire' in al_ip/PLL_HDMI_AUDIO.v(91)
HDL-1007 : undeclared symbol 'PLL_HDMI_AUDIO_open1', assumed default net type 'wire' in al_ip/PLL_HDMI_AUDIO.v(91)
HDL-1007 : undeclared symbol 'PLL_HDMI_AUDIO_open10', assumed default net type 'wire' in al_ip/PLL_HDMI_AUDIO.v(93)
HDL-1007 : undeclared symbol 'PLL_HDMI_AUDIO_open9', assumed default net type 'wire' in al_ip/PLL_HDMI_AUDIO.v(93)
HDL-1007 : analyze verilog file ../user_source/hdl_source/video_source_test.v
HDL-1007 : analyze verilog file ../user_source/hdl_source/key_remove_shakes.v
HDL-1007 : analyze verilog file ../user_source/hdl_source/I2S_receiver.v
HDL-1007 : analyze verilog file ../user_source/hdl_source/audio_arc_calculate.v
HDL-1007 : analyze verilog file ../user_source/hdl_source/hdmi_phy_warpper.v
HDL-1007 : analyze verilog file ../user_source/hdl_source/lane_lvds_10_1.v
HDL-1007 : analyze verilog file ../user_source/hdl_source/hdmi1.4b_transmitter_core/hdmi_1_4b_transmitter_core_wrapper.enc.v
HDL-1007 : undeclared symbol '**', assumed default net type '**' in ../user_source/hdl_source/hdmi1.4b_transmitter_core/hdmi_1_4b_transmitter_core_wrapper.enc.v(2614)
HDL-1007 : undeclared symbol '**', assumed default net type '**' in ../user_source/hdl_source/hdmi1.4b_transmitter_core/hdmi_1_4b_transmitter_core_wrapper.enc.v(2716)
HDL-1007 : undeclared symbol '**', assumed default net type '**' in ../user_source/hdl_source/hdmi1.4b_transmitter_core/hdmi_1_4b_transmitter_core_wrapper.enc.v(2724)
HDL-1007 : undeclared symbol '**', assumed default net type '**' in ../user_source/hdl_source/hdmi1.4b_transmitter_core/hdmi_1_4b_transmitter_core_wrapper.enc.v(4936)
HDL-1007 : undeclared symbol '**', assumed default net type '**' in ../user_source/hdl_source/hdmi1.4b_transmitter_core/hdmi_1_4b_transmitter_core_wrapper.enc.v(5989)
HDL-1007 : back to file '../user_source/hdl_source/hdmi1.4b_transmitter_core/hdmi_1_4b_transmitter_core_wrapper.enc.v' in ../user_source/hdl_source/hdmi1.4b_transmitter_core/hdmi_1_4b_transmitter_core_wrapper.enc.v(77)
HDL-1007 : analyze verilog file ../user_source/hdl_source/test/i2s_test_tone_gen_pll.v
HDL-1007 : analyze verilog file ../user_source/hdl_source/rom/i2s_rom_player_single_pll_fix64_rom_ip.v
HDL-1007 : analyze verilog file ../user_source/hdl_source/top_tf_hdmi_audio.v
HDL-1007 : analyze verilog file ../user_source/hdl_source/SD/ax_debounce.v
HDL-1007 : analyze verilog file ../user_source/hdl_source/SD/bmp_read.v
HDL-1007 : analyze verilog file ../user_source/hdl_source/SD/color_bar.v
HDL-1007 : analyze included file ../user_source/hdl_source/SD/video_define.v in ../user_source/hdl_source/SD/color_bar.v(2)
HDL-1007 : back to file '../user_source/hdl_source/SD/color_bar.v' in ../user_source/hdl_source/SD/color_bar.v(2)
HDL-1007 : analyze verilog file ../user_source/hdl_source/SD/frame_fifo_read.v
HDL-1007 : analyze verilog file ../user_source/hdl_source/SD/frame_fifo_write.v
HDL-1007 : analyze verilog file ../user_source/hdl_source/SD/frame_read_write.v
HDL-1007 : analyze verilog file ../user_source/hdl_source/SD/sd_card_bmp.v
HDL-1007 : analyze verilog file ../user_source/hdl_source/SD/seg_decoder.v
HDL-1007 : analyze verilog file ../user_source/hdl_source/SD/seg_scan.v
HDL-1007 : analyze verilog file ../user_source/hdl_source/SD/video_delay.v
HDL-1007 : analyze verilog file ../user_source/hdl_source/SD/video_timing_data.v
HDL-1007 : analyze verilog file ../user_source/hdl_source/hdmi_audio_tone_i2s_64fs.v
HDL-1007 : analyze verilog file ../user_source/hdl_source/startup_pulse.v
HDL-1007 : analyze verilog file ../user_source/hdl_source/video_rgb_to_axis_640x480.v
HDL-1007 : analyze verilog file ../user_source/hdl_source/SD/sd_card_cmd.v
HDL-1007 : analyze verilog file ../user_source/hdl_source/SD/sd_card_sec_read_write.v
HDL-1007 : analyze verilog file ../user_source/hdl_source/SD/sd_card_top.v
HDL-1007 : analyze verilog file ../user_source/hdl_source/SD/spi_master.v
HDL-1007 : analyze verilog file ../user_source/hdl_source/SD/sdram.v
HDL-1007 : analyze included file ../user_source/hdl_source/include/global_def.v in ../user_source/hdl_source/SD/sdram.v(10)
HDL-1007 : back to file '../user_source/hdl_source/SD/sdram.v' in ../user_source/hdl_source/SD/sdram.v(10)
HDL-1007 : undeclared symbol 'SDR_CKE', assumed default net type 'wire' in ../user_source/hdl_source/SD/sdram.v(89)
HDL-1007 : analyze verilog file ../user_source/hdl_source/include/sdr_as_ram.enc.v
HDL-1007 : analyze included file ../user_source/hdl_source/include/global_def.v in ../user_source/hdl_source/include/sdr_as_ram.enc.v(10)
HDL-1007 : back to file '../user_source/hdl_source/include/sdr_as_ram.enc.v' in ../user_source/hdl_source/include/sdr_as_ram.enc.v(10)
HDL-1007 : back to file '../user_source/hdl_source/include/sdr_as_ram.enc.v' in ../user_source/hdl_source/include/sdr_as_ram.enc.v(45)
HDL-1007 : analyze verilog file ../user_source/hdl_source/include/sdr_init_ref.enc.v
HDL-8007 ERROR: cannot open include file './src/sdram/enc_file/global_def.v' in ../user_source/hdl_source/include/sdr_init_ref.enc.v(11)
HDL-1007 : undeclared symbol '**', assumed default net type '**' in ../user_source/hdl_source/include/sdr_init_ref.enc.v(57)
HDL-1007 : back to file '../user_source/hdl_source/include/sdr_init_ref.enc.v' in ../user_source/hdl_source/include/sdr_init_ref.enc.v(149)
HDL-5007 WARNING: concatenation with an unsized literal will be treated as 32 bits in ../user_source/hdl_source/include/sdr_init_ref.enc.v(47)
HDL-8007 ERROR: ignore module module due to previous errors in ../user_source/hdl_source/include/sdr_init_ref.enc.v(13)
HDL-5007 WARNING: The file ../user_source/hdl_source/include/sdr_init_ref.enc.v will not be compiled since it is not included by any other files. Set it as 'global include' if it should be compiled.
RUN-1002 : start command "commit_param -step design"
RUN-1001 : Print Global Property
RUN-1001 : --------------------------------------------------------
RUN-1001 :   Parameters   |  Settings  |  Default Values  |  Note  
RUN-1001 : --------------------------------------------------------
RUN-1001 :   enable_seed  |    off     |       off        |        
RUN-1001 :     message    |  standard  |     standard     |        
RUN-1001 :   qor_monitor  |     on     |        on        |        
RUN-1001 :   syn_ip_flow  |    off     |       off        |        
RUN-1001 :     thread     |    auto    |       auto       |        
RUN-1001 : --------------------------------------------------------
RUN-1001 : Print Design Property
RUN-1001 : ----------------------------------------------------------------
RUN-1001 :       Parameters       |  Settings  |  Default Values  |  Note  
RUN-1001 : ----------------------------------------------------------------
RUN-1001 :   default_reg_initial  |    auto    |       auto       |        
RUN-1001 :    hdl_warning_level   |   normal   |      normal      |        
RUN-1001 : ----------------------------------------------------------------
HDL-1007 : analyze verilog file ../user_source/hdl_source/ip/afifo_16_32_256.v
HDL-1007 : analyze verilog file ../user_source/hdl_source/ip/afifo_32_16_256.v
HDL-1007 : analyze verilog file ../user_source/hdl_source/ip/sys_pll.v
HDL-1007 : undeclared symbol 'open', assumed default net type 'wire' in ../user_source/hdl_source/ip/sys_pll.v(77)
HDL-1007 : analyze verilog file ../user_source/hdl_source/ip/video_pll.v
HDL-1007 : undeclared symbol 'open', assumed default net type 'wire' in ../user_source/hdl_source/ip/video_pll.v(70)
HDL-1007 : analyze verilog file al_ip/AUDIO_SAMPLE_ROM.v
HDL-1007 : analyze verilog file al_ip/PLL.v
HDL-1007 : undeclared symbol 'PLL_open0', assumed default net type 'wire' in al_ip/PLL.v(78)
HDL-1007 : undeclared symbol 'PLL_open8', assumed default net type 'wire' in al_ip/PLL.v(84)
HDL-1007 : undeclared symbol 'PLL_open7', assumed default net type 'wire' in al_ip/PLL.v(84)
HDL-1007 : undeclared symbol 'PLL_open6', assumed default net type 'wire' in al_ip/PLL.v(84)
HDL-1007 : undeclared symbol 'PLL_open5', assumed default net type 'wire' in al_ip/PLL.v(84)
HDL-1007 : undeclared symbol 'PLL_open4', assumed default net type 'wire' in al_ip/PLL.v(84)
HDL-1007 : undeclared symbol 'PLL_open3', assumed default net type 'wire' in al_ip/PLL.v(84)
HDL-1007 : undeclared symbol 'PLL_open2', assumed default net type 'wire' in al_ip/PLL.v(84)
HDL-1007 : undeclared symbol 'PLL_open1', assumed default net type 'wire' in al_ip/PLL.v(84)
HDL-1007 : undeclared symbol 'PLL_open11', assumed default net type 'wire' in al_ip/PLL.v(86)
HDL-1007 : undeclared symbol 'PLL_open10', assumed default net type 'wire' in al_ip/PLL.v(86)
HDL-1007 : undeclared symbol 'PLL_open9', assumed default net type 'wire' in al_ip/PLL.v(86)
HDL-1007 : analyze verilog file al_ip/PLL_HDMI_AUDIO.v
HDL-1007 : undeclared symbol 'PLL_HDMI_AUDIO_open0', assumed default net type 'wire' in al_ip/PLL_HDMI_AUDIO.v(85)
HDL-1007 : undeclared symbol 'PLL_HDMI_AUDIO_open8', assumed default net type 'wire' in al_ip/PLL_HDMI_AUDIO.v(91)
HDL-1007 : undeclared symbol 'PLL_HDMI_AUDIO_open7', assumed default net type 'wire' in al_ip/PLL_HDMI_AUDIO.v(91)
HDL-1007 : undeclared symbol 'PLL_HDMI_AUDIO_open6', assumed default net type 'wire' in al_ip/PLL_HDMI_AUDIO.v(91)
HDL-1007 : undeclared symbol 'PLL_HDMI_AUDIO_open5', assumed default net type 'wire' in al_ip/PLL_HDMI_AUDIO.v(91)
HDL-1007 : undeclared symbol 'PLL_HDMI_AUDIO_open4', assumed default net type 'wire' in al_ip/PLL_HDMI_AUDIO.v(91)
HDL-1007 : undeclared symbol 'PLL_HDMI_AUDIO_open3', assumed default net type 'wire' in al_ip/PLL_HDMI_AUDIO.v(91)
HDL-1007 : undeclared symbol 'PLL_HDMI_AUDIO_open2', assumed default net type 'wire' in al_ip/PLL_HDMI_AUDIO.v(91)
HDL-1007 : undeclared symbol 'PLL_HDMI_AUDIO_open1', assumed default net type 'wire' in al_ip/PLL_HDMI_AUDIO.v(91)
HDL-1007 : undeclared symbol 'PLL_HDMI_AUDIO_open10', assumed default net type 'wire' in al_ip/PLL_HDMI_AUDIO.v(93)
HDL-1007 : undeclared symbol 'PLL_HDMI_AUDIO_open9', assumed default net type 'wire' in al_ip/PLL_HDMI_AUDIO.v(93)
HDL-1007 : analyze verilog file ../user_source/hdl_source/video_source_test.v
HDL-1007 : analyze verilog file ../user_source/hdl_source/key_remove_shakes.v
HDL-1007 : analyze verilog file ../user_source/hdl_source/I2S_receiver.v
HDL-1007 : analyze verilog file ../user_source/hdl_source/audio_arc_calculate.v
HDL-1007 : analyze verilog file ../user_source/hdl_source/hdmi_phy_warpper.v
HDL-1007 : analyze verilog file ../user_source/hdl_source/lane_lvds_10_1.v
HDL-1007 : analyze verilog file ../user_source/hdl_source/hdmi1.4b_transmitter_core/hdmi_1_4b_transmitter_core_wrapper.enc.v
HDL-1007 : undeclared symbol '**', assumed default net type '**' in ../user_source/hdl_source/hdmi1.4b_transmitter_core/hdmi_1_4b_transmitter_core_wrapper.enc.v(2614)
HDL-1007 : undeclared symbol '**', assumed default net type '**' in ../user_source/hdl_source/hdmi1.4b_transmitter_core/hdmi_1_4b_transmitter_core_wrapper.enc.v(2716)
HDL-1007 : undeclared symbol '**', assumed default net type '**' in ../user_source/hdl_source/hdmi1.4b_transmitter_core/hdmi_1_4b_transmitter_core_wrapper.enc.v(2724)
HDL-1007 : undeclared symbol '**', assumed default net type '**' in ../user_source/hdl_source/hdmi1.4b_transmitter_core/hdmi_1_4b_transmitter_core_wrapper.enc.v(4936)
HDL-1007 : undeclared symbol '**', assumed default net type '**' in ../user_source/hdl_source/hdmi1.4b_transmitter_core/hdmi_1_4b_transmitter_core_wrapper.enc.v(5989)
HDL-1007 : back to file '../user_source/hdl_source/hdmi1.4b_transmitter_core/hdmi_1_4b_transmitter_core_wrapper.enc.v' in ../user_source/hdl_source/hdmi1.4b_transmitter_core/hdmi_1_4b_transmitter_core_wrapper.enc.v(77)
HDL-1007 : analyze verilog file ../user_source/hdl_source/test/i2s_test_tone_gen_pll.v
HDL-1007 : analyze verilog file ../user_source/hdl_source/rom/i2s_rom_player_single_pll_fix64_rom_ip.v
HDL-1007 : analyze verilog file ../user_source/hdl_source/top_tf_hdmi_audio.v
HDL-1007 : analyze verilog file ../user_source/hdl_source/SD/ax_debounce.v
HDL-1007 : analyze verilog file ../user_source/hdl_source/SD/bmp_read.v
HDL-1007 : analyze verilog file ../user_source/hdl_source/SD/color_bar.v
HDL-1007 : analyze included file ../user_source/hdl_source/SD/video_define.v in ../user_source/hdl_source/SD/color_bar.v(2)
HDL-1007 : back to file '../user_source/hdl_source/SD/color_bar.v' in ../user_source/hdl_source/SD/color_bar.v(2)
HDL-1007 : analyze verilog file ../user_source/hdl_source/SD/frame_fifo_read.v
HDL-1007 : analyze verilog file ../user_source/hdl_source/SD/frame_fifo_write.v
HDL-1007 : analyze verilog file ../user_source/hdl_source/SD/frame_read_write.v
HDL-1007 : analyze verilog file ../user_source/hdl_source/SD/sd_card_bmp.v
HDL-1007 : analyze verilog file ../user_source/hdl_source/SD/seg_decoder.v
HDL-1007 : analyze verilog file ../user_source/hdl_source/SD/seg_scan.v
HDL-1007 : analyze verilog file ../user_source/hdl_source/SD/video_delay.v
HDL-1007 : analyze verilog file ../user_source/hdl_source/SD/video_timing_data.v
HDL-1007 : analyze verilog file ../user_source/hdl_source/hdmi_audio_tone_i2s_64fs.v
HDL-1007 : analyze verilog file ../user_source/hdl_source/startup_pulse.v
HDL-1007 : analyze verilog file ../user_source/hdl_source/video_rgb_to_axis_640x480.v
HDL-1007 : analyze verilog file ../user_source/hdl_source/SD/sd_card_cmd.v
HDL-1007 : analyze verilog file ../user_source/hdl_source/SD/sd_card_sec_read_write.v
HDL-1007 : analyze verilog file ../user_source/hdl_source/SD/sd_card_top.v
HDL-1007 : analyze verilog file ../user_source/hdl_source/SD/spi_master.v
HDL-1007 : analyze verilog file ../user_source/hdl_source/SD/sdram.v
HDL-1007 : analyze included file ../user_source/hdl_source/include/global_def.v in ../user_source/hdl_source/SD/sdram.v(10)
HDL-1007 : back to file '../user_source/hdl_source/SD/sdram.v' in ../user_source/hdl_source/SD/sdram.v(10)
HDL-1007 : undeclared symbol 'SDR_CKE', assumed default net type 'wire' in ../user_source/hdl_source/SD/sdram.v(89)
HDL-1007 : analyze verilog file ../user_source/hdl_source/include/sdr_as_ram.enc.v
HDL-1007 : analyze included file ../user_source/hdl_source/include/global_def.v in ../user_source/hdl_source/include/sdr_as_ram.enc.v(10)
HDL-1007 : back to file '../user_source/hdl_source/include/sdr_as_ram.enc.v' in ../user_source/hdl_source/include/sdr_as_ram.enc.v(10)
HDL-1007 : back to file '../user_source/hdl_source/include/sdr_as_ram.enc.v' in ../user_source/hdl_source/include/sdr_as_ram.enc.v(45)
HDL-1007 : analyze verilog file ../user_source/hdl_source/include/sdr_init_ref.enc.v
HDL-1007 : analyze included file ../user_source/hdl_source/include/global_def.v in ../user_source/hdl_source/include/sdr_init_ref.enc.v(11)
HDL-1007 : back to file '../user_source/hdl_source/include/sdr_init_ref.enc.v' in ../user_source/hdl_source/include/sdr_init_ref.enc.v(11)
HDL-1007 : undeclared symbol '**', assumed default net type '**' in ../user_source/hdl_source/include/sdr_init_ref.enc.v(57)
HDL-1007 : back to file '../user_source/hdl_source/include/sdr_init_ref.enc.v' in ../user_source/hdl_source/include/sdr_init_ref.enc.v(149)
HDL-5007 WARNING: concatenation with an unsized literal will be treated as 32 bits in ../user_source/hdl_source/include/sdr_init_ref.enc.v(47)
HDL-1007 : analyze verilog file ../user_source/hdl_source/include/sdr_wrrd.enc.v
HDL-5007 WARNING: concatenation with an unsized literal will be treated as 32 bits in ../user_source/hdl_source/include/sdr_wrrd.enc.v(283)
HDL-1007 : back to file '../user_source/hdl_source/include/sdr_wrrd.enc.v' in ../user_source/hdl_source/include/sdr_wrrd.enc.v(19)
PRJ-1412 : reset_run syn_1 phy_1.
PRJ-1409 : launch_runs syn_1 phy_1  -jobs 6.
PRJ-5303 WARNING: Run syn_1 failed.
RUN-1002 : start command "save_best_bits"
PRJ-1412 : reset_run syn_1 phy_1.
PRJ-1409 : launch_runs syn_1 phy_1  -jobs 6.
PRJ-1410 : Run syn_1 success.
RUN-1002 : start command "save_best_bits"
PRJ-1424 : The implemented result of phy_1 is saved as best result.
PRJ-1410 : Run phy_1 success.
RUN-1002 : start command "import_db C:/Users/zbrmyyds/Desktop/anlu/FPGA_Prj/I2S/transmitor/APUG092_HDMI1.4b_Transmitter_V1.4/src/td_project/HDMI1.4b_Transmitter_v1.0_Runs/phy_1/HDMI1.4b_Transmitter_v1.0_pr.db"
RUN-1001 : Importing database generated by Tang Dynasty, V6.2.168116.
RUN-1001 : Database version number 46207
RUN-1001 : Import flow parameters
RUN-1001 : Import netlist
PHY-1001 : Generate detailed routing grids ...
PHY-1001 : End build routing graph; 0.482909s wall, 0.484375s user + 0.093750s system = 0.578125s CPU (119.7%)

PHY-1001 : Build lut bridge;  0.046736s wall, 0.046875s user + 0.015625s system = 0.062500s CPU (133.7%)

PHY-1001 : Generate nets ...
PHY-1001 : net clk_dup_1 will be routed on clock mesh
PHY-1001 : net U3/u2_ram/SDRAM_CLK will be routed on clock mesh
PHY-1001 : net U3/u2_ram/u1_init_ref/Sdr_clk will be routed on clock mesh
PHY-1001 : clock net sd_card_bmp_m0/clk will be merged with clock sys_pll_m0/clk0_buf
PHY-1001 : net u_hdmi_audio_tone_i2s_64fs/I_mclk will be routed on clock mesh
PHY-1001 : clock net u_I2S_receiver/I_clk will be merged with clock video_pll_m0/clk0_buf
PHY-1001 : clock net u_audio_pll/clk0_out will be merged with clock u_audio_pll/clk0_buf
PHY-1001 : net u_hdmi2phy_wrapper/u0_lane_lvds_8_1/I_serial_clk will be routed on clock mesh
PHY-1001 : eco open net = 0
PHY-1001 : 99 feed throughs used by 75 nets
RUN-1001 : Import phy database
RUN-1001 : Import timing constraints
RUN-1001 : Import IO constraints
RUN-1001 : Import Inst constraints
RUN-1001 : Import ChipWatcher
RUN-1001 : Import design success TD_VERSION=6.2.168116 , DB_VERSION=46207
RUN-1003 : finish command "import_db C:/Users/zbrmyyds/Desktop/anlu/FPGA_Prj/I2S/transmitor/APUG092_HDMI1.4b_Transmitter_V1.4/src/td_project/HDMI1.4b_Transmitter_v1.0_Runs/phy_1/HDMI1.4b_Transmitter_v1.0_pr.db" in  1.827923s wall, 1.921875s user + 0.234375s system = 2.156250s CPU (118.0%)

RUN-1004 : used memory is 702 MB, reserved memory is 632 MB, peak memory is 767 MB
