============================================================
   Tang Dynasty, V6.2.168116
   Copyright (c) 2012-2025 Anlogic Inc.
   Executable = D:/Tools/Anlogic/TD_6.2/bin/td.exe
   Built at =   16:32:07 Jun 12 2025
   Run by =     zbrmyyds
   Run Date =   Thu Apr  9 10:34:08 2026

   Run on =     LAPTOP-ER898QR8
============================================================
RUN-1002 : start command "commit_param -step design"
RUN-1001 : Print Global Property
RUN-1001 : --------------------------------------------------------
RUN-1001 :   Parameters   |  Settings  |  Default Values  |  Note  
RUN-1001 : --------------------------------------------------------
RUN-1001 :   enable_seed  |    off     |       off        |        
RUN-1001 :     message    |  standard  |     standard     |        
RUN-1001 :   qor_monitor  |     on     |        on        |        
RUN-1001 :   syn_ip_flow  |    off     |       off        |        
RUN-1001 :     thread     |    auto    |       auto       |        
RUN-1001 : --------------------------------------------------------
RUN-1001 : Print Design Property
RUN-1001 : ----------------------------------------------------------------
RUN-1001 :       Parameters       |  Settings  |  Default Values  |  Note  
RUN-1001 : ----------------------------------------------------------------
RUN-1001 :   default_reg_initial  |    auto    |       auto       |        
RUN-1001 :    hdl_warning_level   |   normal   |      normal      |        
RUN-1001 : ----------------------------------------------------------------
HDL-1007 : analyze verilog file ../user_source/ip_source/pll.v
HDL-1007 : undeclared symbol 'pll_open0', assumed default net type 'wire' in ../user_source/ip_source/pll.v(94)
HDL-1007 : undeclared symbol 'pll_open1', assumed default net type 'wire' in ../user_source/ip_source/pll.v(103)
HDL-1007 : undeclared symbol 'pll_open2', assumed default net type 'wire' in ../user_source/ip_source/pll.v(104)
HDL-1007 : undeclared symbol 'pll_open10', assumed default net type 'wire' in ../user_source/ip_source/pll.v(105)
HDL-1007 : undeclared symbol 'pll_open9', assumed default net type 'wire' in ../user_source/ip_source/pll.v(105)
HDL-1007 : undeclared symbol 'pll_open8', assumed default net type 'wire' in ../user_source/ip_source/pll.v(105)
HDL-1007 : undeclared symbol 'pll_open7', assumed default net type 'wire' in ../user_source/ip_source/pll.v(105)
HDL-1007 : undeclared symbol 'pll_open6', assumed default net type 'wire' in ../user_source/ip_source/pll.v(105)
HDL-1007 : undeclared symbol 'pll_open5', assumed default net type 'wire' in ../user_source/ip_source/pll.v(105)
HDL-1007 : undeclared symbol 'pll_open4', assumed default net type 'wire' in ../user_source/ip_source/pll.v(105)
HDL-1007 : undeclared symbol 'pll_open3', assumed default net type 'wire' in ../user_source/ip_source/pll.v(105)
HDL-1007 : undeclared symbol 'pll_open23', assumed default net type 'wire' in ../user_source/ip_source/pll.v(107)
HDL-1007 : undeclared symbol 'pll_open21', assumed default net type 'wire' in ../user_source/ip_source/pll.v(107)
HDL-1007 : undeclared symbol 'pll_open19', assumed default net type 'wire' in ../user_source/ip_source/pll.v(107)
HDL-1007 : undeclared symbol 'pll_open17', assumed default net type 'wire' in ../user_source/ip_source/pll.v(107)
HDL-1007 : undeclared symbol 'pll_open15', assumed default net type 'wire' in ../user_source/ip_source/pll.v(107)
HDL-1007 : undeclared symbol 'pll_open13', assumed default net type 'wire' in ../user_source/ip_source/pll.v(107)
HDL-1007 : undeclared symbol 'pll_open24', assumed default net type 'wire' in ../user_source/ip_source/pll.v(108)
HDL-1007 : undeclared symbol 'pll_open22', assumed default net type 'wire' in ../user_source/ip_source/pll.v(108)
HDL-1007 : undeclared symbol 'pll_open20', assumed default net type 'wire' in ../user_source/ip_source/pll.v(108)
HDL-1007 : undeclared symbol 'pll_open18', assumed default net type 'wire' in ../user_source/ip_source/pll.v(108)
HDL-1007 : undeclared symbol 'pll_open16', assumed default net type 'wire' in ../user_source/ip_source/pll.v(108)
HDL-1007 : undeclared symbol 'pll_open14', assumed default net type 'wire' in ../user_source/ip_source/pll.v(108)
HDL-1007 : undeclared symbol 'pll_open12', assumed default net type 'wire' in ../user_source/ip_source/pll.v(108)
HDL-1007 : undeclared symbol 'pll_open11', assumed default net type 'wire' in ../user_source/ip_source/pll.v(108)
HDL-1007 : analyze verilog file ../user_source/hdl_source/design_top_wrapper.v
HDL-1007 : analyze verilog file ../user_source/hdl_source/video_source_test.v
HDL-1007 : analyze verilog file ../user_source/hdl_source/key_remove_shakes.v
HDL-1007 : analyze verilog file ../user_source/hdl_source/I2S_receiver.v
HDL-1007 : analyze verilog file ../user_source/hdl_source/audio_arc_calculate.v
HDL-1007 : analyze verilog file ../user_source/hdl_source/hdmi_phy_warpper.v
HDL-1007 : analyze verilog file ../user_source/hdl_source/lane_lvds_10_1.v
HDL-1007 : analyze verilog file ../user_source/hdl_source/hdmi1.4b_transmitter_core/hdmi_1_4b_transmitter_core_wrapper.enc.v
HDL-1007 : undeclared symbol '**', assumed default net type '**' in ../user_source/hdl_source/hdmi1.4b_transmitter_core/hdmi_1_4b_transmitter_core_wrapper.enc.v(2614)
HDL-1007 : undeclared symbol '**', assumed default net type '**' in ../user_source/hdl_source/hdmi1.4b_transmitter_core/hdmi_1_4b_transmitter_core_wrapper.enc.v(2716)
HDL-1007 : undeclared symbol '**', assumed default net type '**' in ../user_source/hdl_source/hdmi1.4b_transmitter_core/hdmi_1_4b_transmitter_core_wrapper.enc.v(2724)
HDL-1007 : undeclared symbol '**', assumed default net type '**' in ../user_source/hdl_source/hdmi1.4b_transmitter_core/hdmi_1_4b_transmitter_core_wrapper.enc.v(4936)
HDL-1007 : undeclared symbol '**', assumed default net type '**' in ../user_source/hdl_source/hdmi1.4b_transmitter_core/hdmi_1_4b_transmitter_core_wrapper.enc.v(5989)
HDL-1007 : back to file '../user_source/hdl_source/hdmi1.4b_transmitter_core/hdmi_1_4b_transmitter_core_wrapper.enc.v' in ../user_source/hdl_source/hdmi1.4b_transmitter_core/hdmi_1_4b_transmitter_core_wrapper.enc.v(77)
RUN-1002 : start command "commit_param -step design"
RUN-1001 : Print Global Property
RUN-1001 : --------------------------------------------------------
RUN-1001 :   Parameters   |  Settings  |  Default Values  |  Note  
RUN-1001 : --------------------------------------------------------
RUN-1001 :   enable_seed  |    off     |       off        |        
RUN-1001 :     message    |  standard  |     standard     |        
RUN-1001 :   qor_monitor  |     on     |        on        |        
RUN-1001 :   syn_ip_flow  |    off     |       off        |        
RUN-1001 :     thread     |    auto    |       auto       |        
RUN-1001 : --------------------------------------------------------
RUN-1001 : Print Design Property
RUN-1001 : ----------------------------------------------------------------
RUN-1001 :       Parameters       |  Settings  |  Default Values  |  Note  
RUN-1001 : ----------------------------------------------------------------
RUN-1001 :   default_reg_initial  |    auto    |       auto       |        
RUN-1001 :    hdl_warning_level   |   normal   |      normal      |        
RUN-1001 : ----------------------------------------------------------------
HDL-1007 : analyze verilog file ../user_source/ip_source/pll.v
HDL-1007 : undeclared symbol 'pll_open0', assumed default net type 'wire' in ../user_source/ip_source/pll.v(94)
HDL-1007 : undeclared symbol 'pll_open1', assumed default net type 'wire' in ../user_source/ip_source/pll.v(103)
HDL-1007 : undeclared symbol 'pll_open2', assumed default net type 'wire' in ../user_source/ip_source/pll.v(104)
HDL-1007 : undeclared symbol 'pll_open10', assumed default net type 'wire' in ../user_source/ip_source/pll.v(105)
HDL-1007 : undeclared symbol 'pll_open9', assumed default net type 'wire' in ../user_source/ip_source/pll.v(105)
HDL-1007 : undeclared symbol 'pll_open8', assumed default net type 'wire' in ../user_source/ip_source/pll.v(105)
HDL-1007 : undeclared symbol 'pll_open7', assumed default net type 'wire' in ../user_source/ip_source/pll.v(105)
HDL-1007 : undeclared symbol 'pll_open6', assumed default net type 'wire' in ../user_source/ip_source/pll.v(105)
HDL-1007 : undeclared symbol 'pll_open5', assumed default net type 'wire' in ../user_source/ip_source/pll.v(105)
HDL-1007 : undeclared symbol 'pll_open4', assumed default net type 'wire' in ../user_source/ip_source/pll.v(105)
HDL-1007 : undeclared symbol 'pll_open3', assumed default net type 'wire' in ../user_source/ip_source/pll.v(105)
HDL-1007 : undeclared symbol 'pll_open23', assumed default net type 'wire' in ../user_source/ip_source/pll.v(107)
HDL-1007 : undeclared symbol 'pll_open21', assumed default net type 'wire' in ../user_source/ip_source/pll.v(107)
HDL-1007 : undeclared symbol 'pll_open19', assumed default net type 'wire' in ../user_source/ip_source/pll.v(107)
HDL-1007 : undeclared symbol 'pll_open17', assumed default net type 'wire' in ../user_source/ip_source/pll.v(107)
HDL-1007 : undeclared symbol 'pll_open15', assumed default net type 'wire' in ../user_source/ip_source/pll.v(107)
HDL-1007 : undeclared symbol 'pll_open13', assumed default net type 'wire' in ../user_source/ip_source/pll.v(107)
HDL-1007 : undeclared symbol 'pll_open24', assumed default net type 'wire' in ../user_source/ip_source/pll.v(108)
HDL-1007 : undeclared symbol 'pll_open22', assumed default net type 'wire' in ../user_source/ip_source/pll.v(108)
HDL-1007 : undeclared symbol 'pll_open20', assumed default net type 'wire' in ../user_source/ip_source/pll.v(108)
HDL-1007 : undeclared symbol 'pll_open18', assumed default net type 'wire' in ../user_source/ip_source/pll.v(108)
HDL-1007 : undeclared symbol 'pll_open16', assumed default net type 'wire' in ../user_source/ip_source/pll.v(108)
HDL-1007 : undeclared symbol 'pll_open14', assumed default net type 'wire' in ../user_source/ip_source/pll.v(108)
HDL-1007 : undeclared symbol 'pll_open12', assumed default net type 'wire' in ../user_source/ip_source/pll.v(108)
HDL-1007 : undeclared symbol 'pll_open11', assumed default net type 'wire' in ../user_source/ip_source/pll.v(108)
HDL-1007 : analyze verilog file ../user_source/hdl_source/design_top_wrapper.v
HDL-1007 : analyze verilog file ../user_source/hdl_source/video_source_test.v
HDL-1007 : analyze verilog file ../user_source/hdl_source/key_remove_shakes.v
HDL-1007 : analyze verilog file ../user_source/hdl_source/I2S_receiver.v
HDL-1007 : analyze verilog file ../user_source/hdl_source/audio_arc_calculate.v
HDL-1007 : analyze verilog file ../user_source/hdl_source/hdmi_phy_warpper.v
HDL-1007 : analyze verilog file ../user_source/hdl_source/lane_lvds_10_1.v
HDL-1007 : analyze verilog file ../user_source/hdl_source/hdmi1.4b_transmitter_core/hdmi_1_4b_transmitter_core_wrapper.enc.v
HDL-1007 : undeclared symbol '**', assumed default net type '**' in ../user_source/hdl_source/hdmi1.4b_transmitter_core/hdmi_1_4b_transmitter_core_wrapper.enc.v(2614)
HDL-1007 : undeclared symbol '**', assumed default net type '**' in ../user_source/hdl_source/hdmi1.4b_transmitter_core/hdmi_1_4b_transmitter_core_wrapper.enc.v(2716)
HDL-1007 : undeclared symbol '**', assumed default net type '**' in ../user_source/hdl_source/hdmi1.4b_transmitter_core/hdmi_1_4b_transmitter_core_wrapper.enc.v(2724)
HDL-1007 : undeclared symbol '**', assumed default net type '**' in ../user_source/hdl_source/hdmi1.4b_transmitter_core/hdmi_1_4b_transmitter_core_wrapper.enc.v(4936)
HDL-1007 : undeclared symbol '**', assumed default net type '**' in ../user_source/hdl_source/hdmi1.4b_transmitter_core/hdmi_1_4b_transmitter_core_wrapper.enc.v(5989)
HDL-1007 : back to file '../user_source/hdl_source/hdmi1.4b_transmitter_core/hdmi_1_4b_transmitter_core_wrapper.enc.v' in ../user_source/hdl_source/hdmi1.4b_transmitter_core/hdmi_1_4b_transmitter_core_wrapper.enc.v(77)
PRJ-1409 : launch_runs syn_1 phy_1  -jobs 6.
PRJ-5303 WARNING: Run syn_1 failed.
RUN-1002 : start command "save_best_bits"
RUN-1002 : start command "commit_param -step design"
RUN-1001 : Print Global Property
RUN-1001 : --------------------------------------------------------
RUN-1001 :   Parameters   |  Settings  |  Default Values  |  Note  
RUN-1001 : --------------------------------------------------------
RUN-1001 :   enable_seed  |    off     |       off        |        
RUN-1001 :     message    |  standard  |     standard     |        
RUN-1001 :   qor_monitor  |     on     |        on        |        
RUN-1001 :   syn_ip_flow  |    off     |       off        |        
RUN-1001 :     thread     |    auto    |       auto       |        
RUN-1001 : --------------------------------------------------------
RUN-1001 : Print Design Property
RUN-1001 : ----------------------------------------------------------------
RUN-1001 :       Parameters       |  Settings  |  Default Values  |  Note  
RUN-1001 : ----------------------------------------------------------------
RUN-1001 :   default_reg_initial  |    auto    |       auto       |        
RUN-1001 :    hdl_warning_level   |   normal   |      normal      |        
RUN-1001 : ----------------------------------------------------------------
HDL-1007 : analyze verilog file ../user_source/ip_source/pll.v
HDL-1007 : undeclared symbol 'pll_open0', assumed default net type 'wire' in ../user_source/ip_source/pll.v(94)
HDL-1007 : undeclared symbol 'pll_open1', assumed default net type 'wire' in ../user_source/ip_source/pll.v(103)
HDL-1007 : undeclared symbol 'pll_open2', assumed default net type 'wire' in ../user_source/ip_source/pll.v(104)
HDL-1007 : undeclared symbol 'pll_open10', assumed default net type 'wire' in ../user_source/ip_source/pll.v(105)
HDL-1007 : undeclared symbol 'pll_open9', assumed default net type 'wire' in ../user_source/ip_source/pll.v(105)
HDL-1007 : undeclared symbol 'pll_open8', assumed default net type 'wire' in ../user_source/ip_source/pll.v(105)
HDL-1007 : undeclared symbol 'pll_open7', assumed default net type 'wire' in ../user_source/ip_source/pll.v(105)
HDL-1007 : undeclared symbol 'pll_open6', assumed default net type 'wire' in ../user_source/ip_source/pll.v(105)
HDL-1007 : undeclared symbol 'pll_open5', assumed default net type 'wire' in ../user_source/ip_source/pll.v(105)
HDL-1007 : undeclared symbol 'pll_open4', assumed default net type 'wire' in ../user_source/ip_source/pll.v(105)
HDL-1007 : undeclared symbol 'pll_open3', assumed default net type 'wire' in ../user_source/ip_source/pll.v(105)
HDL-1007 : undeclared symbol 'pll_open23', assumed default net type 'wire' in ../user_source/ip_source/pll.v(107)
HDL-1007 : undeclared symbol 'pll_open21', assumed default net type 'wire' in ../user_source/ip_source/pll.v(107)
HDL-1007 : undeclared symbol 'pll_open19', assumed default net type 'wire' in ../user_source/ip_source/pll.v(107)
HDL-1007 : undeclared symbol 'pll_open17', assumed default net type 'wire' in ../user_source/ip_source/pll.v(107)
HDL-1007 : undeclared symbol 'pll_open15', assumed default net type 'wire' in ../user_source/ip_source/pll.v(107)
HDL-1007 : undeclared symbol 'pll_open13', assumed default net type 'wire' in ../user_source/ip_source/pll.v(107)
HDL-1007 : undeclared symbol 'pll_open24', assumed default net type 'wire' in ../user_source/ip_source/pll.v(108)
HDL-1007 : undeclared symbol 'pll_open22', assumed default net type 'wire' in ../user_source/ip_source/pll.v(108)
HDL-1007 : undeclared symbol 'pll_open20', assumed default net type 'wire' in ../user_source/ip_source/pll.v(108)
HDL-1007 : undeclared symbol 'pll_open18', assumed default net type 'wire' in ../user_source/ip_source/pll.v(108)
HDL-1007 : undeclared symbol 'pll_open16', assumed default net type 'wire' in ../user_source/ip_source/pll.v(108)
HDL-1007 : undeclared symbol 'pll_open14', assumed default net type 'wire' in ../user_source/ip_source/pll.v(108)
HDL-1007 : undeclared symbol 'pll_open12', assumed default net type 'wire' in ../user_source/ip_source/pll.v(108)
HDL-1007 : undeclared symbol 'pll_open11', assumed default net type 'wire' in ../user_source/ip_source/pll.v(108)
HDL-1007 : analyze verilog file al_ip/PLL.v
HDL-1007 : undeclared symbol 'PLL_open0', assumed default net type 'wire' in al_ip/PLL.v(78)
HDL-1007 : undeclared symbol 'PLL_open8', assumed default net type 'wire' in al_ip/PLL.v(84)
HDL-1007 : undeclared symbol 'PLL_open7', assumed default net type 'wire' in al_ip/PLL.v(84)
HDL-1007 : undeclared symbol 'PLL_open6', assumed default net type 'wire' in al_ip/PLL.v(84)
HDL-1007 : undeclared symbol 'PLL_open5', assumed default net type 'wire' in al_ip/PLL.v(84)
HDL-1007 : undeclared symbol 'PLL_open4', assumed default net type 'wire' in al_ip/PLL.v(84)
HDL-1007 : undeclared symbol 'PLL_open3', assumed default net type 'wire' in al_ip/PLL.v(84)
HDL-1007 : undeclared symbol 'PLL_open2', assumed default net type 'wire' in al_ip/PLL.v(84)
HDL-1007 : undeclared symbol 'PLL_open1', assumed default net type 'wire' in al_ip/PLL.v(84)
HDL-1007 : undeclared symbol 'PLL_open11', assumed default net type 'wire' in al_ip/PLL.v(86)
HDL-1007 : undeclared symbol 'PLL_open10', assumed default net type 'wire' in al_ip/PLL.v(86)
HDL-1007 : undeclared symbol 'PLL_open9', assumed default net type 'wire' in al_ip/PLL.v(86)
HDL-1007 : analyze verilog file ../user_source/hdl_source/design_top_wrapper.v
HDL-1007 : analyze verilog file ../user_source/hdl_source/video_source_test.v
HDL-1007 : analyze verilog file ../user_source/hdl_source/key_remove_shakes.v
HDL-1007 : analyze verilog file ../user_source/hdl_source/I2S_receiver.v
HDL-1007 : analyze verilog file ../user_source/hdl_source/audio_arc_calculate.v
HDL-1007 : analyze verilog file ../user_source/hdl_source/hdmi_phy_warpper.v
HDL-1007 : analyze verilog file ../user_source/hdl_source/lane_lvds_10_1.v
HDL-1007 : analyze verilog file ../user_source/hdl_source/hdmi1.4b_transmitter_core/hdmi_1_4b_transmitter_core_wrapper.enc.v
HDL-1007 : undeclared symbol '**', assumed default net type '**' in ../user_source/hdl_source/hdmi1.4b_transmitter_core/hdmi_1_4b_transmitter_core_wrapper.enc.v(2614)
HDL-1007 : undeclared symbol '**', assumed default net type '**' in ../user_source/hdl_source/hdmi1.4b_transmitter_core/hdmi_1_4b_transmitter_core_wrapper.enc.v(2716)
HDL-1007 : undeclared symbol '**', assumed default net type '**' in ../user_source/hdl_source/hdmi1.4b_transmitter_core/hdmi_1_4b_transmitter_core_wrapper.enc.v(2724)
HDL-1007 : undeclared symbol '**', assumed default net type '**' in ../user_source/hdl_source/hdmi1.4b_transmitter_core/hdmi_1_4b_transmitter_core_wrapper.enc.v(4936)
HDL-1007 : undeclared symbol '**', assumed default net type '**' in ../user_source/hdl_source/hdmi1.4b_transmitter_core/hdmi_1_4b_transmitter_core_wrapper.enc.v(5989)
HDL-1007 : back to file '../user_source/hdl_source/hdmi1.4b_transmitter_core/hdmi_1_4b_transmitter_core_wrapper.enc.v' in ../user_source/hdl_source/hdmi1.4b_transmitter_core/hdmi_1_4b_transmitter_core_wrapper.enc.v(77)
RUN-1002 : start command "commit_param -step design"
RUN-1001 : Print Global Property
RUN-1001 : --------------------------------------------------------
RUN-1001 :   Parameters   |  Settings  |  Default Values  |  Note  
RUN-1001 : --------------------------------------------------------
RUN-1001 :   enable_seed  |    off     |       off        |        
RUN-1001 :     message    |  standard  |     standard     |        
RUN-1001 :   qor_monitor  |     on     |        on        |        
RUN-1001 :   syn_ip_flow  |    off     |       off        |        
RUN-1001 :     thread     |    auto    |       auto       |        
RUN-1001 : --------------------------------------------------------
RUN-1001 : Print Design Property
RUN-1001 : ----------------------------------------------------------------
RUN-1001 :       Parameters       |  Settings  |  Default Values  |  Note  
RUN-1001 : ----------------------------------------------------------------
RUN-1001 :   default_reg_initial  |    auto    |       auto       |        
RUN-1001 :    hdl_warning_level   |   normal   |      normal      |        
RUN-1001 : ----------------------------------------------------------------
HDL-1007 : analyze verilog file al_ip/PLL.v
HDL-1007 : undeclared symbol 'PLL_open0', assumed default net type 'wire' in al_ip/PLL.v(78)
HDL-1007 : undeclared symbol 'PLL_open8', assumed default net type 'wire' in al_ip/PLL.v(84)
HDL-1007 : undeclared symbol 'PLL_open7', assumed default net type 'wire' in al_ip/PLL.v(84)
HDL-1007 : undeclared symbol 'PLL_open6', assumed default net type 'wire' in al_ip/PLL.v(84)
HDL-1007 : undeclared symbol 'PLL_open5', assumed default net type 'wire' in al_ip/PLL.v(84)
HDL-1007 : undeclared symbol 'PLL_open4', assumed default net type 'wire' in al_ip/PLL.v(84)
HDL-1007 : undeclared symbol 'PLL_open3', assumed default net type 'wire' in al_ip/PLL.v(84)
HDL-1007 : undeclared symbol 'PLL_open2', assumed default net type 'wire' in al_ip/PLL.v(84)
HDL-1007 : undeclared symbol 'PLL_open1', assumed default net type 'wire' in al_ip/PLL.v(84)
HDL-1007 : undeclared symbol 'PLL_open11', assumed default net type 'wire' in al_ip/PLL.v(86)
HDL-1007 : undeclared symbol 'PLL_open10', assumed default net type 'wire' in al_ip/PLL.v(86)
HDL-1007 : undeclared symbol 'PLL_open9', assumed default net type 'wire' in al_ip/PLL.v(86)
HDL-1007 : analyze verilog file ../user_source/hdl_source/design_top_wrapper.v
HDL-1007 : analyze verilog file ../user_source/hdl_source/video_source_test.v
HDL-1007 : analyze verilog file ../user_source/hdl_source/key_remove_shakes.v
HDL-1007 : analyze verilog file ../user_source/hdl_source/I2S_receiver.v
HDL-1007 : analyze verilog file ../user_source/hdl_source/audio_arc_calculate.v
HDL-1007 : analyze verilog file ../user_source/hdl_source/hdmi_phy_warpper.v
HDL-1007 : analyze verilog file ../user_source/hdl_source/lane_lvds_10_1.v
HDL-1007 : analyze verilog file ../user_source/hdl_source/hdmi1.4b_transmitter_core/hdmi_1_4b_transmitter_core_wrapper.enc.v
HDL-1007 : undeclared symbol '**', assumed default net type '**' in ../user_source/hdl_source/hdmi1.4b_transmitter_core/hdmi_1_4b_transmitter_core_wrapper.enc.v(2614)
HDL-1007 : undeclared symbol '**', assumed default net type '**' in ../user_source/hdl_source/hdmi1.4b_transmitter_core/hdmi_1_4b_transmitter_core_wrapper.enc.v(2716)
HDL-1007 : undeclared symbol '**', assumed default net type '**' in ../user_source/hdl_source/hdmi1.4b_transmitter_core/hdmi_1_4b_transmitter_core_wrapper.enc.v(2724)
HDL-1007 : undeclared symbol '**', assumed default net type '**' in ../user_source/hdl_source/hdmi1.4b_transmitter_core/hdmi_1_4b_transmitter_core_wrapper.enc.v(4936)
HDL-1007 : undeclared symbol '**', assumed default net type '**' in ../user_source/hdl_source/hdmi1.4b_transmitter_core/hdmi_1_4b_transmitter_core_wrapper.enc.v(5989)
HDL-1007 : back to file '../user_source/hdl_source/hdmi1.4b_transmitter_core/hdmi_1_4b_transmitter_core_wrapper.enc.v' in ../user_source/hdl_source/hdmi1.4b_transmitter_core/hdmi_1_4b_transmitter_core_wrapper.enc.v(77)
RUN-1002 : start command "commit_param -step design"
RUN-1001 : Print Global Property
RUN-1001 : --------------------------------------------------------
RUN-1001 :   Parameters   |  Settings  |  Default Values  |  Note  
RUN-1001 : --------------------------------------------------------
RUN-1001 :   enable_seed  |    off     |       off        |        
RUN-1001 :     message    |  standard  |     standard     |        
RUN-1001 :   qor_monitor  |     on     |        on        |        
RUN-1001 :   syn_ip_flow  |    off     |       off        |        
RUN-1001 :     thread     |    auto    |       auto       |        
RUN-1001 : --------------------------------------------------------
RUN-1001 : Print Design Property
RUN-1001 : ----------------------------------------------------------------
RUN-1001 :       Parameters       |  Settings  |  Default Values  |  Note  
RUN-1001 : ----------------------------------------------------------------
RUN-1001 :   default_reg_initial  |    auto    |       auto       |        
RUN-1001 :    hdl_warning_level   |   normal   |      normal      |        
RUN-1001 : ----------------------------------------------------------------
HDL-1007 : analyze verilog file al_ip/PLL.v
HDL-1007 : undeclared symbol 'PLL_open0', assumed default net type 'wire' in al_ip/PLL.v(78)
HDL-1007 : undeclared symbol 'PLL_open8', assumed default net type 'wire' in al_ip/PLL.v(84)
HDL-1007 : undeclared symbol 'PLL_open7', assumed default net type 'wire' in al_ip/PLL.v(84)
HDL-1007 : undeclared symbol 'PLL_open6', assumed default net type 'wire' in al_ip/PLL.v(84)
HDL-1007 : undeclared symbol 'PLL_open5', assumed default net type 'wire' in al_ip/PLL.v(84)
HDL-1007 : undeclared symbol 'PLL_open4', assumed default net type 'wire' in al_ip/PLL.v(84)
HDL-1007 : undeclared symbol 'PLL_open3', assumed default net type 'wire' in al_ip/PLL.v(84)
HDL-1007 : undeclared symbol 'PLL_open2', assumed default net type 'wire' in al_ip/PLL.v(84)
HDL-1007 : undeclared symbol 'PLL_open1', assumed default net type 'wire' in al_ip/PLL.v(84)
HDL-1007 : undeclared symbol 'PLL_open11', assumed default net type 'wire' in al_ip/PLL.v(86)
HDL-1007 : undeclared symbol 'PLL_open10', assumed default net type 'wire' in al_ip/PLL.v(86)
HDL-1007 : undeclared symbol 'PLL_open9', assumed default net type 'wire' in al_ip/PLL.v(86)
HDL-1007 : analyze verilog file ../user_source/hdl_source/design_top_wrapper.v
HDL-1007 : analyze verilog file ../user_source/hdl_source/video_source_test.v
HDL-1007 : analyze verilog file ../user_source/hdl_source/key_remove_shakes.v
HDL-1007 : analyze verilog file ../user_source/hdl_source/I2S_receiver.v
HDL-1007 : analyze verilog file ../user_source/hdl_source/audio_arc_calculate.v
HDL-1007 : analyze verilog file ../user_source/hdl_source/hdmi_phy_warpper.v
HDL-1007 : analyze verilog file ../user_source/hdl_source/lane_lvds_10_1.v
HDL-1007 : analyze verilog file ../user_source/hdl_source/hdmi1.4b_transmitter_core/hdmi_1_4b_transmitter_core_wrapper.enc.v
HDL-1007 : undeclared symbol '**', assumed default net type '**' in ../user_source/hdl_source/hdmi1.4b_transmitter_core/hdmi_1_4b_transmitter_core_wrapper.enc.v(2614)
HDL-1007 : undeclared symbol '**', assumed default net type '**' in ../user_source/hdl_source/hdmi1.4b_transmitter_core/hdmi_1_4b_transmitter_core_wrapper.enc.v(2716)
HDL-1007 : undeclared symbol '**', assumed default net type '**' in ../user_source/hdl_source/hdmi1.4b_transmitter_core/hdmi_1_4b_transmitter_core_wrapper.enc.v(2724)
HDL-1007 : undeclared symbol '**', assumed default net type '**' in ../user_source/hdl_source/hdmi1.4b_transmitter_core/hdmi_1_4b_transmitter_core_wrapper.enc.v(4936)
HDL-1007 : undeclared symbol '**', assumed default net type '**' in ../user_source/hdl_source/hdmi1.4b_transmitter_core/hdmi_1_4b_transmitter_core_wrapper.enc.v(5989)
HDL-1007 : back to file '../user_source/hdl_source/hdmi1.4b_transmitter_core/hdmi_1_4b_transmitter_core_wrapper.enc.v' in ../user_source/hdl_source/hdmi1.4b_transmitter_core/hdmi_1_4b_transmitter_core_wrapper.enc.v(77)
PRJ-1412 : reset_run syn_1 phy_1.
PRJ-1409 : launch_runs syn_1 phy_1  -jobs 6.
PRJ-1410 : Run syn_1 success.
PRJ-1410 : Run phy_1 success.
RUN-1002 : start command "save_best_bits"
PRJ-1424 : The implemented result of phy_1 is saved as best result.
RUN-1002 : start command "import_db C:/Users/zbrmyyds/Desktop/anlu/FPGA_Prj/I2S/transmitor/APUG092_HDMI1.4b_Transmitter_V1.0/src/td_project/HDMI1.4b_Transmitter_v1.0_Runs/phy_1/HDMI1.4b_Transmitter_v1.0_pr.db"
RUN-1001 : Importing database generated by Tang Dynasty, V6.2.168116.
RUN-1001 : Database version number 46207
RUN-1001 : Import flow parameters
RUN-1001 : Import netlist
PHY-1001 : Generate detailed routing grids ...
PHY-1001 : End build routing graph; 2.236559s wall, 2.140625s user + 0.109375s system = 2.250000s CPU (100.6%)

PHY-1001 : Build lut bridge;  0.042784s wall, 0.031250s user + 0.000000s system = 0.031250s CPU (73.0%)

PHY-1001 : Generate nets ...
PHY-1001 : net I_sys_clk_dup_1 will be routed on clock mesh
PHY-1001 : clock net S_pixel_clk will be merged with clock U_pll/clk0_buf
PHY-1001 : net u_hdmi2phy_wrapper/u0_lane_lvds_8_1/I_serial_clk will be routed on clock mesh
PHY-1001 : eco open net = 0
PHY-1001 : 25 feed throughs used by 23 nets
RUN-1001 : Import phy database
RUN-1001 : Import timing constraints
RUN-1001 : Import IO constraints
RUN-1001 : Import Inst constraints
RUN-1001 : Import ChipWatcher
RUN-1001 : Import design success TD_VERSION=6.2.168116 , DB_VERSION=46207
RUN-1003 : finish command "import_db C:/Users/zbrmyyds/Desktop/anlu/FPGA_Prj/I2S/transmitor/APUG092_HDMI1.4b_Transmitter_V1.0/src/td_project/HDMI1.4b_Transmitter_v1.0_Runs/phy_1/HDMI1.4b_Transmitter_v1.0_pr.db" in  2.970726s wall, 2.843750s user + 0.140625s system = 2.984375s CPU (100.5%)

RUN-1004 : used memory is 563 MB, reserved memory is 533 MB, peak memory is 618 MB
RUN-1002 : start command "commit_param -step design"
RUN-1001 : Print Global Property
RUN-1001 : --------------------------------------------------------
RUN-1001 :   Parameters   |  Settings  |  Default Values  |  Note  
RUN-1001 : --------------------------------------------------------
RUN-1001 :   enable_seed  |    off     |       off        |        
RUN-1001 :     message    |  standard  |     standard     |        
RUN-1001 :   qor_monitor  |     on     |        on        |        
RUN-1001 :   syn_ip_flow  |    off     |       off        |        
RUN-1001 :     thread     |    auto    |       auto       |        
RUN-1001 : --------------------------------------------------------
RUN-1001 : Print Design Property
RUN-1001 : ----------------------------------------------------------------
RUN-1001 :       Parameters       |  Settings  |  Default Values  |  Note  
RUN-1001 : ----------------------------------------------------------------
RUN-1001 :   default_reg_initial  |    auto    |       auto       |        
RUN-1001 :    hdl_warning_level   |   normal   |      normal      |        
RUN-1001 : ----------------------------------------------------------------
HDL-1007 : analyze verilog file al_ip/PLL.v
HDL-1007 : undeclared symbol 'PLL_open0', assumed default net type 'wire' in al_ip/PLL.v(78)
HDL-1007 : undeclared symbol 'PLL_open8', assumed default net type 'wire' in al_ip/PLL.v(84)
HDL-1007 : undeclared symbol 'PLL_open7', assumed default net type 'wire' in al_ip/PLL.v(84)
HDL-1007 : undeclared symbol 'PLL_open6', assumed default net type 'wire' in al_ip/PLL.v(84)
HDL-1007 : undeclared symbol 'PLL_open5', assumed default net type 'wire' in al_ip/PLL.v(84)
HDL-1007 : undeclared symbol 'PLL_open4', assumed default net type 'wire' in al_ip/PLL.v(84)
HDL-1007 : undeclared symbol 'PLL_open3', assumed default net type 'wire' in al_ip/PLL.v(84)
HDL-1007 : undeclared symbol 'PLL_open2', assumed default net type 'wire' in al_ip/PLL.v(84)
HDL-1007 : undeclared symbol 'PLL_open1', assumed default net type 'wire' in al_ip/PLL.v(84)
HDL-1007 : undeclared symbol 'PLL_open11', assumed default net type 'wire' in al_ip/PLL.v(86)
HDL-1007 : undeclared symbol 'PLL_open10', assumed default net type 'wire' in al_ip/PLL.v(86)
HDL-1007 : undeclared symbol 'PLL_open9', assumed default net type 'wire' in al_ip/PLL.v(86)
HDL-1007 : analyze verilog file ../user_source/hdl_source/design_top_wrapper.v
HDL-1007 : analyze verilog file ../user_source/hdl_source/video_source_test.v
HDL-1007 : analyze verilog file ../user_source/hdl_source/key_remove_shakes.v
HDL-1007 : analyze verilog file ../user_source/hdl_source/I2S_receiver.v
HDL-1007 : analyze verilog file ../user_source/hdl_source/audio_arc_calculate.v
HDL-1007 : analyze verilog file ../user_source/hdl_source/hdmi_phy_warpper.v
HDL-1007 : analyze verilog file ../user_source/hdl_source/lane_lvds_10_1.v
HDL-1007 : analyze verilog file ../user_source/hdl_source/hdmi1.4b_transmitter_core/hdmi_1_4b_transmitter_core_wrapper.enc.v
HDL-1007 : undeclared symbol '**', assumed default net type '**' in ../user_source/hdl_source/hdmi1.4b_transmitter_core/hdmi_1_4b_transmitter_core_wrapper.enc.v(2614)
HDL-1007 : undeclared symbol '**', assumed default net type '**' in ../user_source/hdl_source/hdmi1.4b_transmitter_core/hdmi_1_4b_transmitter_core_wrapper.enc.v(2716)
HDL-1007 : undeclared symbol '**', assumed default net type '**' in ../user_source/hdl_source/hdmi1.4b_transmitter_core/hdmi_1_4b_transmitter_core_wrapper.enc.v(2724)
HDL-1007 : undeclared symbol '**', assumed default net type '**' in ../user_source/hdl_source/hdmi1.4b_transmitter_core/hdmi_1_4b_transmitter_core_wrapper.enc.v(4936)
HDL-1007 : undeclared symbol '**', assumed default net type '**' in ../user_source/hdl_source/hdmi1.4b_transmitter_core/hdmi_1_4b_transmitter_core_wrapper.enc.v(5989)
HDL-1007 : back to file '../user_source/hdl_source/hdmi1.4b_transmitter_core/hdmi_1_4b_transmitter_core_wrapper.enc.v' in ../user_source/hdl_source/hdmi1.4b_transmitter_core/hdmi_1_4b_transmitter_core_wrapper.enc.v(77)
RUN-1002 : start command "commit_param -step design"
RUN-1001 : Print Global Property
RUN-1001 : --------------------------------------------------------
RUN-1001 :   Parameters   |  Settings  |  Default Values  |  Note  
RUN-1001 : --------------------------------------------------------
RUN-1001 :   enable_seed  |    off     |       off        |        
RUN-1001 :     message    |  standard  |     standard     |        
RUN-1001 :   qor_monitor  |     on     |        on        |        
RUN-1001 :   syn_ip_flow  |    off     |       off        |        
RUN-1001 :     thread     |    auto    |       auto       |        
RUN-1001 : --------------------------------------------------------
RUN-1001 : Print Design Property
RUN-1001 : ----------------------------------------------------------------
RUN-1001 :       Parameters       |  Settings  |  Default Values  |  Note  
RUN-1001 : ----------------------------------------------------------------
RUN-1001 :   default_reg_initial  |    auto    |       auto       |        
RUN-1001 :    hdl_warning_level   |   normal   |      normal      |        
RUN-1001 : ----------------------------------------------------------------
HDL-1007 : analyze verilog file al_ip/PLL.v
HDL-1007 : undeclared symbol 'PLL_open0', assumed default net type 'wire' in al_ip/PLL.v(78)
HDL-1007 : undeclared symbol 'PLL_open8', assumed default net type 'wire' in al_ip/PLL.v(84)
HDL-1007 : undeclared symbol 'PLL_open7', assumed default net type 'wire' in al_ip/PLL.v(84)
HDL-1007 : undeclared symbol 'PLL_open6', assumed default net type 'wire' in al_ip/PLL.v(84)
HDL-1007 : undeclared symbol 'PLL_open5', assumed default net type 'wire' in al_ip/PLL.v(84)
HDL-1007 : undeclared symbol 'PLL_open4', assumed default net type 'wire' in al_ip/PLL.v(84)
HDL-1007 : undeclared symbol 'PLL_open3', assumed default net type 'wire' in al_ip/PLL.v(84)
HDL-1007 : undeclared symbol 'PLL_open2', assumed default net type 'wire' in al_ip/PLL.v(84)
HDL-1007 : undeclared symbol 'PLL_open1', assumed default net type 'wire' in al_ip/PLL.v(84)
HDL-1007 : undeclared symbol 'PLL_open11', assumed default net type 'wire' in al_ip/PLL.v(86)
HDL-1007 : undeclared symbol 'PLL_open10', assumed default net type 'wire' in al_ip/PLL.v(86)
HDL-1007 : undeclared symbol 'PLL_open9', assumed default net type 'wire' in al_ip/PLL.v(86)
HDL-1007 : analyze verilog file ../user_source/hdl_source/design_top_wrapper.v
HDL-1007 : analyze verilog file ../user_source/hdl_source/video_source_test.v
HDL-1007 : analyze verilog file ../user_source/hdl_source/key_remove_shakes.v
HDL-1007 : analyze verilog file ../user_source/hdl_source/I2S_receiver.v
HDL-1007 : analyze verilog file ../user_source/hdl_source/audio_arc_calculate.v
HDL-1007 : analyze verilog file ../user_source/hdl_source/hdmi_phy_warpper.v
HDL-1007 : analyze verilog file ../user_source/hdl_source/lane_lvds_10_1.v
HDL-1007 : analyze verilog file ../user_source/hdl_source/hdmi1.4b_transmitter_core/hdmi_1_4b_transmitter_core_wrapper.enc.v
HDL-1007 : undeclared symbol '**', assumed default net type '**' in ../user_source/hdl_source/hdmi1.4b_transmitter_core/hdmi_1_4b_transmitter_core_wrapper.enc.v(2614)
HDL-1007 : undeclared symbol '**', assumed default net type '**' in ../user_source/hdl_source/hdmi1.4b_transmitter_core/hdmi_1_4b_transmitter_core_wrapper.enc.v(2716)
HDL-1007 : undeclared symbol '**', assumed default net type '**' in ../user_source/hdl_source/hdmi1.4b_transmitter_core/hdmi_1_4b_transmitter_core_wrapper.enc.v(2724)
HDL-1007 : undeclared symbol '**', assumed default net type '**' in ../user_source/hdl_source/hdmi1.4b_transmitter_core/hdmi_1_4b_transmitter_core_wrapper.enc.v(4936)
HDL-1007 : undeclared symbol '**', assumed default net type '**' in ../user_source/hdl_source/hdmi1.4b_transmitter_core/hdmi_1_4b_transmitter_core_wrapper.enc.v(5989)
HDL-1007 : back to file '../user_source/hdl_source/hdmi1.4b_transmitter_core/hdmi_1_4b_transmitter_core_wrapper.enc.v' in ../user_source/hdl_source/hdmi1.4b_transmitter_core/hdmi_1_4b_transmitter_core_wrapper.enc.v(77)
HDL-1007 : analyze verilog file ../user_source/hdl_source/test/design_top_i2s_test_pll.v
HDL-1007 : analyze verilog file ../user_source/hdl_source/test/i2s_test_tone_gen_pll.v
RUN-1002 : start command "commit_param -step design"
RUN-1001 : Print Global Property
RUN-1001 : --------------------------------------------------------
RUN-1001 :   Parameters   |  Settings  |  Default Values  |  Note  
RUN-1001 : --------------------------------------------------------
RUN-1001 :   enable_seed  |    off     |       off        |        
RUN-1001 :     message    |  standard  |     standard     |        
RUN-1001 :   qor_monitor  |     on     |        on        |        
RUN-1001 :   syn_ip_flow  |    off     |       off        |        
RUN-1001 :     thread     |    auto    |       auto       |        
RUN-1001 : --------------------------------------------------------
RUN-1001 : Print Design Property
RUN-1001 : ----------------------------------------------------------------
RUN-1001 :       Parameters       |  Settings  |  Default Values  |  Note  
RUN-1001 : ----------------------------------------------------------------
RUN-1001 :   default_reg_initial  |    auto    |       auto       |        
RUN-1001 :    hdl_warning_level   |   normal   |      normal      |        
RUN-1001 : ----------------------------------------------------------------
HDL-1007 : analyze verilog file al_ip/PLL.v
HDL-1007 : undeclared symbol 'PLL_open0', assumed default net type 'wire' in al_ip/PLL.v(78)
HDL-1007 : undeclared symbol 'PLL_open8', assumed default net type 'wire' in al_ip/PLL.v(84)
HDL-1007 : undeclared symbol 'PLL_open7', assumed default net type 'wire' in al_ip/PLL.v(84)
HDL-1007 : undeclared symbol 'PLL_open6', assumed default net type 'wire' in al_ip/PLL.v(84)
HDL-1007 : undeclared symbol 'PLL_open5', assumed default net type 'wire' in al_ip/PLL.v(84)
HDL-1007 : undeclared symbol 'PLL_open4', assumed default net type 'wire' in al_ip/PLL.v(84)
HDL-1007 : undeclared symbol 'PLL_open3', assumed default net type 'wire' in al_ip/PLL.v(84)
HDL-1007 : undeclared symbol 'PLL_open2', assumed default net type 'wire' in al_ip/PLL.v(84)
HDL-1007 : undeclared symbol 'PLL_open1', assumed default net type 'wire' in al_ip/PLL.v(84)
HDL-1007 : undeclared symbol 'PLL_open11', assumed default net type 'wire' in al_ip/PLL.v(86)
HDL-1007 : undeclared symbol 'PLL_open10', assumed default net type 'wire' in al_ip/PLL.v(86)
HDL-1007 : undeclared symbol 'PLL_open9', assumed default net type 'wire' in al_ip/PLL.v(86)
HDL-1007 : analyze verilog file al_ip/i2s_pll.v
HDL-1007 : undeclared symbol 'i2s_pll_open0', assumed default net type 'wire' in al_ip/i2s_pll.v(71)
HDL-1007 : undeclared symbol 'i2s_pll_open8', assumed default net type 'wire' in al_ip/i2s_pll.v(77)
HDL-1007 : undeclared symbol 'i2s_pll_open7', assumed default net type 'wire' in al_ip/i2s_pll.v(77)
HDL-1007 : undeclared symbol 'i2s_pll_open6', assumed default net type 'wire' in al_ip/i2s_pll.v(77)
HDL-1007 : undeclared symbol 'i2s_pll_open5', assumed default net type 'wire' in al_ip/i2s_pll.v(77)
HDL-1007 : undeclared symbol 'i2s_pll_open4', assumed default net type 'wire' in al_ip/i2s_pll.v(77)
HDL-1007 : undeclared symbol 'i2s_pll_open3', assumed default net type 'wire' in al_ip/i2s_pll.v(77)
HDL-1007 : undeclared symbol 'i2s_pll_open2', assumed default net type 'wire' in al_ip/i2s_pll.v(77)
HDL-1007 : undeclared symbol 'i2s_pll_open1', assumed default net type 'wire' in al_ip/i2s_pll.v(77)
HDL-1007 : undeclared symbol 'i2s_pll_open12', assumed default net type 'wire' in al_ip/i2s_pll.v(79)
HDL-1007 : undeclared symbol 'i2s_pll_open11', assumed default net type 'wire' in al_ip/i2s_pll.v(79)
HDL-1007 : undeclared symbol 'i2s_pll_open10', assumed default net type 'wire' in al_ip/i2s_pll.v(79)
HDL-1007 : undeclared symbol 'i2s_pll_open9', assumed default net type 'wire' in al_ip/i2s_pll.v(79)
HDL-1007 : analyze verilog file ../user_source/hdl_source/design_top_wrapper.v
HDL-1007 : analyze verilog file ../user_source/hdl_source/video_source_test.v
HDL-1007 : analyze verilog file ../user_source/hdl_source/key_remove_shakes.v
HDL-1007 : analyze verilog file ../user_source/hdl_source/I2S_receiver.v
HDL-1007 : analyze verilog file ../user_source/hdl_source/audio_arc_calculate.v
HDL-1007 : analyze verilog file ../user_source/hdl_source/hdmi_phy_warpper.v
HDL-1007 : analyze verilog file ../user_source/hdl_source/lane_lvds_10_1.v
HDL-1007 : analyze verilog file ../user_source/hdl_source/hdmi1.4b_transmitter_core/hdmi_1_4b_transmitter_core_wrapper.enc.v
HDL-1007 : undeclared symbol '**', assumed default net type '**' in ../user_source/hdl_source/hdmi1.4b_transmitter_core/hdmi_1_4b_transmitter_core_wrapper.enc.v(2614)
HDL-1007 : undeclared symbol '**', assumed default net type '**' in ../user_source/hdl_source/hdmi1.4b_transmitter_core/hdmi_1_4b_transmitter_core_wrapper.enc.v(2716)
HDL-1007 : undeclared symbol '**', assumed default net type '**' in ../user_source/hdl_source/hdmi1.4b_transmitter_core/hdmi_1_4b_transmitter_core_wrapper.enc.v(2724)
HDL-1007 : undeclared symbol '**', assumed default net type '**' in ../user_source/hdl_source/hdmi1.4b_transmitter_core/hdmi_1_4b_transmitter_core_wrapper.enc.v(4936)
HDL-1007 : undeclared symbol '**', assumed default net type '**' in ../user_source/hdl_source/hdmi1.4b_transmitter_core/hdmi_1_4b_transmitter_core_wrapper.enc.v(5989)
HDL-1007 : back to file '../user_source/hdl_source/hdmi1.4b_transmitter_core/hdmi_1_4b_transmitter_core_wrapper.enc.v' in ../user_source/hdl_source/hdmi1.4b_transmitter_core/hdmi_1_4b_transmitter_core_wrapper.enc.v(77)
HDL-1007 : analyze verilog file ../user_source/hdl_source/test/design_top_i2s_test_pll.v
HDL-1007 : analyze verilog file ../user_source/hdl_source/test/i2s_test_tone_gen_pll.v
RUN-1002 : start command "commit_param -step design"
RUN-1001 : Print Global Property
RUN-1001 : --------------------------------------------------------
RUN-1001 :   Parameters   |  Settings  |  Default Values  |  Note  
RUN-1001 : --------------------------------------------------------
RUN-1001 :   enable_seed  |    off     |       off        |        
RUN-1001 :     message    |  standard  |     standard     |        
RUN-1001 :   qor_monitor  |     on     |        on        |        
RUN-1001 :   syn_ip_flow  |    off     |       off        |        
RUN-1001 :     thread     |    auto    |       auto       |        
RUN-1001 : --------------------------------------------------------
RUN-1001 : Print Design Property
RUN-1001 : ----------------------------------------------------------------
RUN-1001 :       Parameters       |  Settings  |  Default Values  |  Note  
RUN-1001 : ----------------------------------------------------------------
RUN-1001 :   default_reg_initial  |    auto    |       auto       |        
RUN-1001 :    hdl_warning_level   |   normal   |      normal      |        
RUN-1001 : ----------------------------------------------------------------
HDL-1007 : analyze verilog file al_ip/PLL.v
HDL-1007 : undeclared symbol 'PLL_open0', assumed default net type 'wire' in al_ip/PLL.v(78)
HDL-1007 : undeclared symbol 'PLL_open8', assumed default net type 'wire' in al_ip/PLL.v(84)
HDL-1007 : undeclared symbol 'PLL_open7', assumed default net type 'wire' in al_ip/PLL.v(84)
HDL-1007 : undeclared symbol 'PLL_open6', assumed default net type 'wire' in al_ip/PLL.v(84)
HDL-1007 : undeclared symbol 'PLL_open5', assumed default net type 'wire' in al_ip/PLL.v(84)
HDL-1007 : undeclared symbol 'PLL_open4', assumed default net type 'wire' in al_ip/PLL.v(84)
HDL-1007 : undeclared symbol 'PLL_open3', assumed default net type 'wire' in al_ip/PLL.v(84)
HDL-1007 : undeclared symbol 'PLL_open2', assumed default net type 'wire' in al_ip/PLL.v(84)
HDL-1007 : undeclared symbol 'PLL_open1', assumed default net type 'wire' in al_ip/PLL.v(84)
HDL-1007 : undeclared symbol 'PLL_open11', assumed default net type 'wire' in al_ip/PLL.v(86)
HDL-1007 : undeclared symbol 'PLL_open10', assumed default net type 'wire' in al_ip/PLL.v(86)
HDL-1007 : undeclared symbol 'PLL_open9', assumed default net type 'wire' in al_ip/PLL.v(86)
HDL-1007 : analyze verilog file ../user_source/hdl_source/design_top_wrapper.v
HDL-1007 : analyze verilog file ../user_source/hdl_source/video_source_test.v
HDL-1007 : analyze verilog file ../user_source/hdl_source/key_remove_shakes.v
HDL-1007 : analyze verilog file ../user_source/hdl_source/I2S_receiver.v
HDL-1007 : analyze verilog file ../user_source/hdl_source/audio_arc_calculate.v
HDL-1007 : analyze verilog file ../user_source/hdl_source/hdmi_phy_warpper.v
HDL-1007 : analyze verilog file ../user_source/hdl_source/lane_lvds_10_1.v
HDL-1007 : analyze verilog file ../user_source/hdl_source/hdmi1.4b_transmitter_core/hdmi_1_4b_transmitter_core_wrapper.enc.v
HDL-1007 : undeclared symbol '**', assumed default net type '**' in ../user_source/hdl_source/hdmi1.4b_transmitter_core/hdmi_1_4b_transmitter_core_wrapper.enc.v(2614)
HDL-1007 : undeclared symbol '**', assumed default net type '**' in ../user_source/hdl_source/hdmi1.4b_transmitter_core/hdmi_1_4b_transmitter_core_wrapper.enc.v(2716)
HDL-1007 : undeclared symbol '**', assumed default net type '**' in ../user_source/hdl_source/hdmi1.4b_transmitter_core/hdmi_1_4b_transmitter_core_wrapper.enc.v(2724)
HDL-1007 : undeclared symbol '**', assumed default net type '**' in ../user_source/hdl_source/hdmi1.4b_transmitter_core/hdmi_1_4b_transmitter_core_wrapper.enc.v(4936)
HDL-1007 : undeclared symbol '**', assumed default net type '**' in ../user_source/hdl_source/hdmi1.4b_transmitter_core/hdmi_1_4b_transmitter_core_wrapper.enc.v(5989)
HDL-1007 : back to file '../user_source/hdl_source/hdmi1.4b_transmitter_core/hdmi_1_4b_transmitter_core_wrapper.enc.v' in ../user_source/hdl_source/hdmi1.4b_transmitter_core/hdmi_1_4b_transmitter_core_wrapper.enc.v(77)
HDL-1007 : analyze verilog file ../user_source/hdl_source/test/design_top_i2s_test_pll.v
HDL-1007 : analyze verilog file ../user_source/hdl_source/test/i2s_test_tone_gen_pll.v
RUN-1002 : start command "commit_param -step design"
RUN-1001 : Print Global Property
RUN-1001 : --------------------------------------------------------
RUN-1001 :   Parameters   |  Settings  |  Default Values  |  Note  
RUN-1001 : --------------------------------------------------------
RUN-1001 :   enable_seed  |    off     |       off        |        
RUN-1001 :     message    |  standard  |     standard     |        
RUN-1001 :   qor_monitor  |     on     |        on        |        
RUN-1001 :   syn_ip_flow  |    off     |       off        |        
RUN-1001 :     thread     |    auto    |       auto       |        
RUN-1001 : --------------------------------------------------------
RUN-1001 : Print Design Property
RUN-1001 : ----------------------------------------------------------------
RUN-1001 :       Parameters       |  Settings  |  Default Values  |  Note  
RUN-1001 : ----------------------------------------------------------------
RUN-1001 :   default_reg_initial  |    auto    |       auto       |        
RUN-1001 :    hdl_warning_level   |   normal   |      normal      |        
RUN-1001 : ----------------------------------------------------------------
HDL-1007 : analyze verilog file al_ip/AUDIO_PLL.v
HDL-1007 : undeclared symbol 'AUDIO_PLL_open0', assumed default net type 'wire' in al_ip/AUDIO_PLL.v(71)
HDL-1007 : undeclared symbol 'AUDIO_PLL_open8', assumed default net type 'wire' in al_ip/AUDIO_PLL.v(77)
HDL-1007 : undeclared symbol 'AUDIO_PLL_open7', assumed default net type 'wire' in al_ip/AUDIO_PLL.v(77)
HDL-1007 : undeclared symbol 'AUDIO_PLL_open6', assumed default net type 'wire' in al_ip/AUDIO_PLL.v(77)
HDL-1007 : undeclared symbol 'AUDIO_PLL_open5', assumed default net type 'wire' in al_ip/AUDIO_PLL.v(77)
HDL-1007 : undeclared symbol 'AUDIO_PLL_open4', assumed default net type 'wire' in al_ip/AUDIO_PLL.v(77)
HDL-1007 : undeclared symbol 'AUDIO_PLL_open3', assumed default net type 'wire' in al_ip/AUDIO_PLL.v(77)
HDL-1007 : undeclared symbol 'AUDIO_PLL_open2', assumed default net type 'wire' in al_ip/AUDIO_PLL.v(77)
HDL-1007 : undeclared symbol 'AUDIO_PLL_open1', assumed default net type 'wire' in al_ip/AUDIO_PLL.v(77)
HDL-1007 : undeclared symbol 'AUDIO_PLL_open12', assumed default net type 'wire' in al_ip/AUDIO_PLL.v(79)
HDL-1007 : undeclared symbol 'AUDIO_PLL_open11', assumed default net type 'wire' in al_ip/AUDIO_PLL.v(79)
HDL-1007 : undeclared symbol 'AUDIO_PLL_open10', assumed default net type 'wire' in al_ip/AUDIO_PLL.v(79)
HDL-1007 : undeclared symbol 'AUDIO_PLL_open9', assumed default net type 'wire' in al_ip/AUDIO_PLL.v(79)
HDL-1007 : analyze verilog file al_ip/PLL.v
HDL-1007 : undeclared symbol 'PLL_open0', assumed default net type 'wire' in al_ip/PLL.v(78)
HDL-1007 : undeclared symbol 'PLL_open8', assumed default net type 'wire' in al_ip/PLL.v(84)
HDL-1007 : undeclared symbol 'PLL_open7', assumed default net type 'wire' in al_ip/PLL.v(84)
HDL-1007 : undeclared symbol 'PLL_open6', assumed default net type 'wire' in al_ip/PLL.v(84)
HDL-1007 : undeclared symbol 'PLL_open5', assumed default net type 'wire' in al_ip/PLL.v(84)
HDL-1007 : undeclared symbol 'PLL_open4', assumed default net type 'wire' in al_ip/PLL.v(84)
HDL-1007 : undeclared symbol 'PLL_open3', assumed default net type 'wire' in al_ip/PLL.v(84)
HDL-1007 : undeclared symbol 'PLL_open2', assumed default net type 'wire' in al_ip/PLL.v(84)
HDL-1007 : undeclared symbol 'PLL_open1', assumed default net type 'wire' in al_ip/PLL.v(84)
HDL-1007 : undeclared symbol 'PLL_open11', assumed default net type 'wire' in al_ip/PLL.v(86)
HDL-1007 : undeclared symbol 'PLL_open10', assumed default net type 'wire' in al_ip/PLL.v(86)
HDL-1007 : undeclared symbol 'PLL_open9', assumed default net type 'wire' in al_ip/PLL.v(86)
HDL-1007 : analyze verilog file ../user_source/hdl_source/design_top_wrapper.v
HDL-1007 : analyze verilog file ../user_source/hdl_source/video_source_test.v
HDL-1007 : analyze verilog file ../user_source/hdl_source/key_remove_shakes.v
HDL-1007 : analyze verilog file ../user_source/hdl_source/I2S_receiver.v
HDL-1007 : analyze verilog file ../user_source/hdl_source/audio_arc_calculate.v
HDL-1007 : analyze verilog file ../user_source/hdl_source/hdmi_phy_warpper.v
HDL-1007 : analyze verilog file ../user_source/hdl_source/lane_lvds_10_1.v
HDL-1007 : analyze verilog file ../user_source/hdl_source/hdmi1.4b_transmitter_core/hdmi_1_4b_transmitter_core_wrapper.enc.v
HDL-1007 : undeclared symbol '**', assumed default net type '**' in ../user_source/hdl_source/hdmi1.4b_transmitter_core/hdmi_1_4b_transmitter_core_wrapper.enc.v(2614)
HDL-1007 : undeclared symbol '**', assumed default net type '**' in ../user_source/hdl_source/hdmi1.4b_transmitter_core/hdmi_1_4b_transmitter_core_wrapper.enc.v(2716)
HDL-1007 : undeclared symbol '**', assumed default net type '**' in ../user_source/hdl_source/hdmi1.4b_transmitter_core/hdmi_1_4b_transmitter_core_wrapper.enc.v(2724)
HDL-1007 : undeclared symbol '**', assumed default net type '**' in ../user_source/hdl_source/hdmi1.4b_transmitter_core/hdmi_1_4b_transmitter_core_wrapper.enc.v(4936)
HDL-1007 : undeclared symbol '**', assumed default net type '**' in ../user_source/hdl_source/hdmi1.4b_transmitter_core/hdmi_1_4b_transmitter_core_wrapper.enc.v(5989)
HDL-1007 : back to file '../user_source/hdl_source/hdmi1.4b_transmitter_core/hdmi_1_4b_transmitter_core_wrapper.enc.v' in ../user_source/hdl_source/hdmi1.4b_transmitter_core/hdmi_1_4b_transmitter_core_wrapper.enc.v(77)
HDL-1007 : analyze verilog file ../user_source/hdl_source/test/design_top_i2s_test_pll.v
HDL-1007 : analyze verilog file ../user_source/hdl_source/test/i2s_test_tone_gen_pll.v
RUN-1002 : start command "commit_param -step design"
RUN-1001 : Print Global Property
RUN-1001 : --------------------------------------------------------
RUN-1001 :   Parameters   |  Settings  |  Default Values  |  Note  
RUN-1001 : --------------------------------------------------------
RUN-1001 :   enable_seed  |    off     |       off        |        
RUN-1001 :     message    |  standard  |     standard     |        
RUN-1001 :   qor_monitor  |     on     |        on        |        
RUN-1001 :   syn_ip_flow  |    off     |       off        |        
RUN-1001 :     thread     |    auto    |       auto       |        
RUN-1001 : --------------------------------------------------------
RUN-1001 : Print Design Property
RUN-1001 : ----------------------------------------------------------------
RUN-1001 :       Parameters       |  Settings  |  Default Values  |  Note  
RUN-1001 : ----------------------------------------------------------------
RUN-1001 :   default_reg_initial  |    auto    |       auto       |        
RUN-1001 :    hdl_warning_level   |   normal   |      normal      |        
RUN-1001 : ----------------------------------------------------------------
HDL-1007 : analyze verilog file al_ip/AUDIO_PLL.v
HDL-1007 : undeclared symbol 'AUDIO_PLL_open0', assumed default net type 'wire' in al_ip/AUDIO_PLL.v(71)
HDL-1007 : undeclared symbol 'AUDIO_PLL_open8', assumed default net type 'wire' in al_ip/AUDIO_PLL.v(77)
HDL-1007 : undeclared symbol 'AUDIO_PLL_open7', assumed default net type 'wire' in al_ip/AUDIO_PLL.v(77)
HDL-1007 : undeclared symbol 'AUDIO_PLL_open6', assumed default net type 'wire' in al_ip/AUDIO_PLL.v(77)
HDL-1007 : undeclared symbol 'AUDIO_PLL_open5', assumed default net type 'wire' in al_ip/AUDIO_PLL.v(77)
HDL-1007 : undeclared symbol 'AUDIO_PLL_open4', assumed default net type 'wire' in al_ip/AUDIO_PLL.v(77)
HDL-1007 : undeclared symbol 'AUDIO_PLL_open3', assumed default net type 'wire' in al_ip/AUDIO_PLL.v(77)
HDL-1007 : undeclared symbol 'AUDIO_PLL_open2', assumed default net type 'wire' in al_ip/AUDIO_PLL.v(77)
HDL-1007 : undeclared symbol 'AUDIO_PLL_open1', assumed default net type 'wire' in al_ip/AUDIO_PLL.v(77)
HDL-1007 : undeclared symbol 'AUDIO_PLL_open12', assumed default net type 'wire' in al_ip/AUDIO_PLL.v(79)
HDL-1007 : undeclared symbol 'AUDIO_PLL_open11', assumed default net type 'wire' in al_ip/AUDIO_PLL.v(79)
HDL-1007 : undeclared symbol 'AUDIO_PLL_open10', assumed default net type 'wire' in al_ip/AUDIO_PLL.v(79)
HDL-1007 : undeclared symbol 'AUDIO_PLL_open9', assumed default net type 'wire' in al_ip/AUDIO_PLL.v(79)
HDL-1007 : analyze verilog file al_ip/PLL.v
HDL-1007 : undeclared symbol 'PLL_open0', assumed default net type 'wire' in al_ip/PLL.v(78)
HDL-1007 : undeclared symbol 'PLL_open8', assumed default net type 'wire' in al_ip/PLL.v(84)
HDL-1007 : undeclared symbol 'PLL_open7', assumed default net type 'wire' in al_ip/PLL.v(84)
HDL-1007 : undeclared symbol 'PLL_open6', assumed default net type 'wire' in al_ip/PLL.v(84)
HDL-1007 : undeclared symbol 'PLL_open5', assumed default net type 'wire' in al_ip/PLL.v(84)
HDL-1007 : undeclared symbol 'PLL_open4', assumed default net type 'wire' in al_ip/PLL.v(84)
HDL-1007 : undeclared symbol 'PLL_open3', assumed default net type 'wire' in al_ip/PLL.v(84)
HDL-1007 : undeclared symbol 'PLL_open2', assumed default net type 'wire' in al_ip/PLL.v(84)
HDL-1007 : undeclared symbol 'PLL_open1', assumed default net type 'wire' in al_ip/PLL.v(84)
HDL-1007 : undeclared symbol 'PLL_open11', assumed default net type 'wire' in al_ip/PLL.v(86)
HDL-1007 : undeclared symbol 'PLL_open10', assumed default net type 'wire' in al_ip/PLL.v(86)
HDL-1007 : undeclared symbol 'PLL_open9', assumed default net type 'wire' in al_ip/PLL.v(86)
HDL-1007 : analyze verilog file ../user_source/hdl_source/design_top_wrapper.v
HDL-1007 : analyze verilog file ../user_source/hdl_source/video_source_test.v
HDL-1007 : analyze verilog file ../user_source/hdl_source/key_remove_shakes.v
HDL-1007 : analyze verilog file ../user_source/hdl_source/I2S_receiver.v
HDL-1007 : analyze verilog file ../user_source/hdl_source/audio_arc_calculate.v
HDL-1007 : analyze verilog file ../user_source/hdl_source/hdmi_phy_warpper.v
HDL-1007 : analyze verilog file ../user_source/hdl_source/lane_lvds_10_1.v
HDL-1007 : analyze verilog file ../user_source/hdl_source/hdmi1.4b_transmitter_core/hdmi_1_4b_transmitter_core_wrapper.enc.v
HDL-1007 : undeclared symbol '**', assumed default net type '**' in ../user_source/hdl_source/hdmi1.4b_transmitter_core/hdmi_1_4b_transmitter_core_wrapper.enc.v(2614)
HDL-1007 : undeclared symbol '**', assumed default net type '**' in ../user_source/hdl_source/hdmi1.4b_transmitter_core/hdmi_1_4b_transmitter_core_wrapper.enc.v(2716)
HDL-1007 : undeclared symbol '**', assumed default net type '**' in ../user_source/hdl_source/hdmi1.4b_transmitter_core/hdmi_1_4b_transmitter_core_wrapper.enc.v(2724)
HDL-1007 : undeclared symbol '**', assumed default net type '**' in ../user_source/hdl_source/hdmi1.4b_transmitter_core/hdmi_1_4b_transmitter_core_wrapper.enc.v(4936)
HDL-1007 : undeclared symbol '**', assumed default net type '**' in ../user_source/hdl_source/hdmi1.4b_transmitter_core/hdmi_1_4b_transmitter_core_wrapper.enc.v(5989)
HDL-1007 : back to file '../user_source/hdl_source/hdmi1.4b_transmitter_core/hdmi_1_4b_transmitter_core_wrapper.enc.v' in ../user_source/hdl_source/hdmi1.4b_transmitter_core/hdmi_1_4b_transmitter_core_wrapper.enc.v(77)
HDL-1007 : analyze verilog file ../user_source/hdl_source/test/design_top_i2s_test_pll.v
HDL-1007 : analyze verilog file ../user_source/hdl_source/test/i2s_test_tone_gen_pll.v
PRJ-1412 : reset_run syn_1 phy_1.
PRJ-1409 : launch_runs syn_1 phy_1  -jobs 6.
PRJ-5303 WARNING: Run syn_1 failed.
RUN-1002 : start command "save_best_bits"
RUN-1002 : start command "commit_param -step design"
RUN-1001 : Print Global Property
RUN-1001 : --------------------------------------------------------
RUN-1001 :   Parameters   |  Settings  |  Default Values  |  Note  
RUN-1001 : --------------------------------------------------------
RUN-1001 :   enable_seed  |    off     |       off        |        
RUN-1001 :     message    |  standard  |     standard     |        
RUN-1001 :   qor_monitor  |     on     |        on        |        
RUN-1001 :   syn_ip_flow  |    off     |       off        |        
RUN-1001 :     thread     |    auto    |       auto       |        
RUN-1001 : --------------------------------------------------------
RUN-1001 : Print Design Property
RUN-1001 : ----------------------------------------------------------------
RUN-1001 :       Parameters       |  Settings  |  Default Values  |  Note  
RUN-1001 : ----------------------------------------------------------------
RUN-1001 :   default_reg_initial  |    auto    |       auto       |        
RUN-1001 :    hdl_warning_level   |   normal   |      normal      |        
RUN-1001 : ----------------------------------------------------------------
HDL-1007 : analyze verilog file al_ip/AUDIO_PLL.v
HDL-1007 : undeclared symbol 'AUDIO_PLL_open0', assumed default net type 'wire' in al_ip/AUDIO_PLL.v(71)
HDL-1007 : undeclared symbol 'AUDIO_PLL_open8', assumed default net type 'wire' in al_ip/AUDIO_PLL.v(77)
HDL-1007 : undeclared symbol 'AUDIO_PLL_open7', assumed default net type 'wire' in al_ip/AUDIO_PLL.v(77)
HDL-1007 : undeclared symbol 'AUDIO_PLL_open6', assumed default net type 'wire' in al_ip/AUDIO_PLL.v(77)
HDL-1007 : undeclared symbol 'AUDIO_PLL_open5', assumed default net type 'wire' in al_ip/AUDIO_PLL.v(77)
HDL-1007 : undeclared symbol 'AUDIO_PLL_open4', assumed default net type 'wire' in al_ip/AUDIO_PLL.v(77)
HDL-1007 : undeclared symbol 'AUDIO_PLL_open3', assumed default net type 'wire' in al_ip/AUDIO_PLL.v(77)
HDL-1007 : undeclared symbol 'AUDIO_PLL_open2', assumed default net type 'wire' in al_ip/AUDIO_PLL.v(77)
HDL-1007 : undeclared symbol 'AUDIO_PLL_open1', assumed default net type 'wire' in al_ip/AUDIO_PLL.v(77)
HDL-1007 : undeclared symbol 'AUDIO_PLL_open12', assumed default net type 'wire' in al_ip/AUDIO_PLL.v(79)
HDL-1007 : undeclared symbol 'AUDIO_PLL_open11', assumed default net type 'wire' in al_ip/AUDIO_PLL.v(79)
HDL-1007 : undeclared symbol 'AUDIO_PLL_open10', assumed default net type 'wire' in al_ip/AUDIO_PLL.v(79)
HDL-1007 : undeclared symbol 'AUDIO_PLL_open9', assumed default net type 'wire' in al_ip/AUDIO_PLL.v(79)
HDL-1007 : analyze verilog file al_ip/PLL.v
HDL-1007 : undeclared symbol 'PLL_open0', assumed default net type 'wire' in al_ip/PLL.v(78)
HDL-1007 : undeclared symbol 'PLL_open8', assumed default net type 'wire' in al_ip/PLL.v(84)
HDL-1007 : undeclared symbol 'PLL_open7', assumed default net type 'wire' in al_ip/PLL.v(84)
HDL-1007 : undeclared symbol 'PLL_open6', assumed default net type 'wire' in al_ip/PLL.v(84)
HDL-1007 : undeclared symbol 'PLL_open5', assumed default net type 'wire' in al_ip/PLL.v(84)
HDL-1007 : undeclared symbol 'PLL_open4', assumed default net type 'wire' in al_ip/PLL.v(84)
HDL-1007 : undeclared symbol 'PLL_open3', assumed default net type 'wire' in al_ip/PLL.v(84)
HDL-1007 : undeclared symbol 'PLL_open2', assumed default net type 'wire' in al_ip/PLL.v(84)
HDL-1007 : undeclared symbol 'PLL_open1', assumed default net type 'wire' in al_ip/PLL.v(84)
HDL-1007 : undeclared symbol 'PLL_open11', assumed default net type 'wire' in al_ip/PLL.v(86)
HDL-1007 : undeclared symbol 'PLL_open10', assumed default net type 'wire' in al_ip/PLL.v(86)
HDL-1007 : undeclared symbol 'PLL_open9', assumed default net type 'wire' in al_ip/PLL.v(86)
HDL-1007 : analyze verilog file ../user_source/hdl_source/design_top_wrapper.v
HDL-1007 : analyze verilog file ../user_source/hdl_source/video_source_test.v
HDL-1007 : analyze verilog file ../user_source/hdl_source/key_remove_shakes.v
HDL-1007 : analyze verilog file ../user_source/hdl_source/I2S_receiver.v
HDL-1007 : analyze verilog file ../user_source/hdl_source/audio_arc_calculate.v
HDL-1007 : analyze verilog file ../user_source/hdl_source/hdmi_phy_warpper.v
HDL-1007 : analyze verilog file ../user_source/hdl_source/lane_lvds_10_1.v
HDL-1007 : analyze verilog file ../user_source/hdl_source/hdmi1.4b_transmitter_core/hdmi_1_4b_transmitter_core_wrapper.enc.v
HDL-1007 : undeclared symbol '**', assumed default net type '**' in ../user_source/hdl_source/hdmi1.4b_transmitter_core/hdmi_1_4b_transmitter_core_wrapper.enc.v(2614)
HDL-1007 : undeclared symbol '**', assumed default net type '**' in ../user_source/hdl_source/hdmi1.4b_transmitter_core/hdmi_1_4b_transmitter_core_wrapper.enc.v(2716)
HDL-1007 : undeclared symbol '**', assumed default net type '**' in ../user_source/hdl_source/hdmi1.4b_transmitter_core/hdmi_1_4b_transmitter_core_wrapper.enc.v(2724)
HDL-1007 : undeclared symbol '**', assumed default net type '**' in ../user_source/hdl_source/hdmi1.4b_transmitter_core/hdmi_1_4b_transmitter_core_wrapper.enc.v(4936)
HDL-1007 : undeclared symbol '**', assumed default net type '**' in ../user_source/hdl_source/hdmi1.4b_transmitter_core/hdmi_1_4b_transmitter_core_wrapper.enc.v(5989)
HDL-1007 : back to file '../user_source/hdl_source/hdmi1.4b_transmitter_core/hdmi_1_4b_transmitter_core_wrapper.enc.v' in ../user_source/hdl_source/hdmi1.4b_transmitter_core/hdmi_1_4b_transmitter_core_wrapper.enc.v(77)
HDL-1007 : analyze verilog file ../user_source/hdl_source/test/design_top_i2s_test_pll.v
HDL-1007 : analyze verilog file ../user_source/hdl_source/test/i2s_test_tone_gen_pll.v
PRJ-1412 : reset_run syn_1 phy_1.
PRJ-1409 : launch_runs syn_1 phy_1  -jobs 6.
PRJ-5303 WARNING: Run syn_1 failed.
RUN-1002 : start command "save_best_bits"
PRJ-1412 : reset_run syn_1 phy_1.
PRJ-1409 : launch_runs syn_1 phy_1  -jobs 6.
PRJ-1410 : Run syn_1 success.
PRJ-1410 : Run phy_1 success.
RUN-1002 : start command "save_best_bits"
PRJ-1424 : The implemented result of phy_1 is saved as best result.
RUN-1002 : start command "import_db C:/Users/zbrmyyds/Desktop/anlu/FPGA_Prj/I2S/transmitor/APUG092_HDMI1.4b_Transmitter_V1.0/src/td_project/HDMI1.4b_Transmitter_v1.0_Runs/phy_1/HDMI1.4b_Transmitter_v1.0_pr.db"
RUN-1001 : Importing database generated by Tang Dynasty, V6.2.168116.
RUN-1001 : Database version number 46207
RUN-1001 : Import flow parameters
RUN-1001 : Import netlist
PHY-1001 : Generate detailed routing grids ...
PHY-1001 : End build routing graph; 0.478126s wall, 0.421875s user + 0.078125s system = 0.500000s CPU (104.6%)

PHY-1001 : Build lut bridge;  0.046538s wall, 0.046875s user + 0.000000s system = 0.046875s CPU (100.7%)

PHY-1001 : Generate nets ...
PHY-1001 : net I_sys_clk_dup_1 will be routed on clock mesh
PHY-1001 : clock net u_design_top_wrapper/S_pixel_clk will be merged with clock u_design_top_wrapper/U_pll/clk0_buf
PHY-1001 : clock net u_i2s_test_tone_gen_pll/I_mclk will be merged with clock u_AUDIO_PLL/clk0_buf
PHY-1001 : net u_design_top_wrapper/u_hdmi2phy_wrapper/u0_lane_lvds_8_1/I_serial_clk will be routed on clock mesh
PHY-1001 : eco open net = 0
PHY-1001 : 37 feed throughs used by 31 nets
RUN-1001 : Import phy database
RUN-1001 : Import timing constraints
RUN-1001 : Import IO constraints
RUN-1001 : Import Inst constraints
RUN-1001 : Import ChipWatcher
RUN-1001 : Import design success TD_VERSION=6.2.168116 , DB_VERSION=46207
RUN-1003 : finish command "import_db C:/Users/zbrmyyds/Desktop/anlu/FPGA_Prj/I2S/transmitor/APUG092_HDMI1.4b_Transmitter_V1.0/src/td_project/HDMI1.4b_Transmitter_v1.0_Runs/phy_1/HDMI1.4b_Transmitter_v1.0_pr.db" in  1.298744s wall, 1.250000s user + 0.125000s system = 1.375000s CPU (105.9%)

RUN-1004 : used memory is 618 MB, reserved memory is 573 MB, peak memory is 673 MB
PRJ-1412 : reset_run syn_1 phy_1.
PRJ-1409 : launch_runs syn_1 phy_1  -jobs 6.
PRJ-1410 : Run syn_1 success.
RUN-1002 : start command "save_best_bits"
PRJ-5303 WARNING: Run phy_1 failed.
RUN-1002 : start command "import_db C:/Users/zbrmyyds/Desktop/anlu/FPGA_Prj/I2S/transmitor/APUG092_HDMI1.4b_Transmitter_V1.0/src/td_project/HDMI1.4b_Transmitter_v1.0_Runs/phy_1/HDMI1.4b_Transmitter_v1.0_pr.db"
RUN-1001 : Importing database generated by Tang Dynasty, V6.2.168116.
RUN-1001 : Database version number 46207
RUN-1001 : Import flow parameters
RUN-1001 : Import netlist
PHY-1001 : Generate detailed routing grids ...
PHY-1001 : End build routing graph; 0.476657s wall, 0.484375s user + 0.000000s system = 0.484375s CPU (101.6%)

PHY-1001 : Build lut bridge;  0.045154s wall, 0.062500s user + 0.000000s system = 0.062500s CPU (138.4%)

PHY-1001 : Generate nets ...
PHY-1001 : net I_sys_clk_dup_1 will be routed on clock mesh
PHY-1001 : clock net S_pixel_clk will be merged with clock U_pll/clk0_buf
PHY-1001 : net u_hdmi2phy_wrapper/u0_lane_lvds_8_1/I_serial_clk will be routed on clock mesh
PHY-1001 : eco open net = 0
PHY-1001 : 28 feed throughs used by 26 nets
RUN-1001 : Import phy database
RUN-1001 : Import timing constraints
RUN-1001 : Import IO constraints
RUN-1001 : Import Inst constraints
RUN-1001 : Import ChipWatcher
RUN-1001 : Import design success TD_VERSION=6.2.168116 , DB_VERSION=46207
RUN-1003 : finish command "import_db C:/Users/zbrmyyds/Desktop/anlu/FPGA_Prj/I2S/transmitor/APUG092_HDMI1.4b_Transmitter_V1.0/src/td_project/HDMI1.4b_Transmitter_v1.0_Runs/phy_1/HDMI1.4b_Transmitter_v1.0_pr.db" in  1.283105s wall, 1.250000s user + 0.156250s system = 1.406250s CPU (109.6%)

RUN-1004 : used memory is 618 MB, reserved memory is 566 MB, peak memory is 673 MB
PRJ-1412 : reset_run syn_1 phy_1.
PRJ-1409 : launch_runs syn_1 phy_1  -jobs 6.
PRJ-1410 : Run syn_1 success.
RUN-1002 : start command "save_best_bits"
PRJ-1424 : The implemented result of phy_1 is saved as best result.
PRJ-1410 : Run phy_1 success.
RUN-1002 : start command "import_db C:/Users/zbrmyyds/Desktop/anlu/FPGA_Prj/I2S/transmitor/APUG092_HDMI1.4b_Transmitter_V1.0/src/td_project/HDMI1.4b_Transmitter_v1.0_Runs/phy_1/HDMI1.4b_Transmitter_v1.0_pr.db"
RUN-1001 : Importing database generated by Tang Dynasty, V6.2.168116.
RUN-1001 : Database version number 46207
RUN-1001 : Import flow parameters
RUN-1001 : Import netlist
PHY-1001 : Generate detailed routing grids ...
PHY-1001 : End build routing graph; 0.473426s wall, 0.421875s user + 0.109375s system = 0.531250s CPU (112.2%)

PHY-1001 : Build lut bridge;  0.046161s wall, 0.046875s user + 0.000000s system = 0.046875s CPU (101.5%)

PHY-1001 : Generate nets ...
PHY-1001 : net I_sys_clk_dup_1 will be routed on clock mesh
PHY-1001 : clock net S_pixel_clk will be merged with clock U_pll/clk0_buf
PHY-1001 : net u_hdmi2phy_wrapper/u0_lane_lvds_8_1/I_serial_clk will be routed on clock mesh
PHY-1001 : eco open net = 0
PHY-1001 : 25 feed throughs used by 23 nets
RUN-1001 : Import phy database
RUN-1001 : Import timing constraints
RUN-1001 : Import IO constraints
RUN-1001 : Import Inst constraints
RUN-1001 : Import ChipWatcher
RUN-1001 : Import design success TD_VERSION=6.2.168116 , DB_VERSION=46207
RUN-1003 : finish command "import_db C:/Users/zbrmyyds/Desktop/anlu/FPGA_Prj/I2S/transmitor/APUG092_HDMI1.4b_Transmitter_V1.0/src/td_project/HDMI1.4b_Transmitter_v1.0_Runs/phy_1/HDMI1.4b_Transmitter_v1.0_pr.db" in  1.275765s wall, 1.171875s user + 0.187500s system = 1.359375s CPU (106.6%)

RUN-1004 : used memory is 618 MB, reserved memory is 567 MB, peak memory is 673 MB
RUN-1002 : start command "commit_param -step design"
RUN-1001 : Print Global Property
RUN-1001 : --------------------------------------------------------
RUN-1001 :   Parameters   |  Settings  |  Default Values  |  Note  
RUN-1001 : --------------------------------------------------------
RUN-1001 :   enable_seed  |    off     |       off        |        
RUN-1001 :     message    |  standard  |     standard     |        
RUN-1001 :   qor_monitor  |     on     |        on        |        
RUN-1001 :   syn_ip_flow  |    off     |       off        |        
RUN-1001 :     thread     |    auto    |       auto       |        
RUN-1001 : --------------------------------------------------------
RUN-1001 : Print Design Property
RUN-1001 : ----------------------------------------------------------------
RUN-1001 :       Parameters       |  Settings  |  Default Values  |  Note  
RUN-1001 : ----------------------------------------------------------------
RUN-1001 :   default_reg_initial  |    auto    |       auto       |        
RUN-1001 :    hdl_warning_level   |   normal   |      normal      |        
RUN-1001 : ----------------------------------------------------------------
HDL-1007 : analyze verilog file al_ip/AUDIO_PLL.v
HDL-1007 : undeclared symbol 'AUDIO_PLL_open0', assumed default net type 'wire' in al_ip/AUDIO_PLL.v(71)
HDL-1007 : undeclared symbol 'AUDIO_PLL_open8', assumed default net type 'wire' in al_ip/AUDIO_PLL.v(77)
HDL-1007 : undeclared symbol 'AUDIO_PLL_open7', assumed default net type 'wire' in al_ip/AUDIO_PLL.v(77)
HDL-1007 : undeclared symbol 'AUDIO_PLL_open6', assumed default net type 'wire' in al_ip/AUDIO_PLL.v(77)
HDL-1007 : undeclared symbol 'AUDIO_PLL_open5', assumed default net type 'wire' in al_ip/AUDIO_PLL.v(77)
HDL-1007 : undeclared symbol 'AUDIO_PLL_open4', assumed default net type 'wire' in al_ip/AUDIO_PLL.v(77)
HDL-1007 : undeclared symbol 'AUDIO_PLL_open3', assumed default net type 'wire' in al_ip/AUDIO_PLL.v(77)
HDL-1007 : undeclared symbol 'AUDIO_PLL_open2', assumed default net type 'wire' in al_ip/AUDIO_PLL.v(77)
HDL-1007 : undeclared symbol 'AUDIO_PLL_open1', assumed default net type 'wire' in al_ip/AUDIO_PLL.v(77)
HDL-1007 : undeclared symbol 'AUDIO_PLL_open12', assumed default net type 'wire' in al_ip/AUDIO_PLL.v(79)
HDL-1007 : undeclared symbol 'AUDIO_PLL_open11', assumed default net type 'wire' in al_ip/AUDIO_PLL.v(79)
HDL-1007 : undeclared symbol 'AUDIO_PLL_open10', assumed default net type 'wire' in al_ip/AUDIO_PLL.v(79)
HDL-1007 : undeclared symbol 'AUDIO_PLL_open9', assumed default net type 'wire' in al_ip/AUDIO_PLL.v(79)
HDL-1007 : analyze verilog file al_ip/PLL.v
HDL-1007 : undeclared symbol 'PLL_open0', assumed default net type 'wire' in al_ip/PLL.v(78)
HDL-1007 : undeclared symbol 'PLL_open8', assumed default net type 'wire' in al_ip/PLL.v(84)
HDL-1007 : undeclared symbol 'PLL_open7', assumed default net type 'wire' in al_ip/PLL.v(84)
HDL-1007 : undeclared symbol 'PLL_open6', assumed default net type 'wire' in al_ip/PLL.v(84)
HDL-1007 : undeclared symbol 'PLL_open5', assumed default net type 'wire' in al_ip/PLL.v(84)
HDL-1007 : undeclared symbol 'PLL_open4', assumed default net type 'wire' in al_ip/PLL.v(84)
HDL-1007 : undeclared symbol 'PLL_open3', assumed default net type 'wire' in al_ip/PLL.v(84)
HDL-1007 : undeclared symbol 'PLL_open2', assumed default net type 'wire' in al_ip/PLL.v(84)
HDL-1007 : undeclared symbol 'PLL_open1', assumed default net type 'wire' in al_ip/PLL.v(84)
HDL-1007 : undeclared symbol 'PLL_open11', assumed default net type 'wire' in al_ip/PLL.v(86)
HDL-1007 : undeclared symbol 'PLL_open10', assumed default net type 'wire' in al_ip/PLL.v(86)
HDL-1007 : undeclared symbol 'PLL_open9', assumed default net type 'wire' in al_ip/PLL.v(86)
HDL-1007 : analyze verilog file ../user_source/hdl_source/design_top_wrapper.v
HDL-1007 : analyze verilog file ../user_source/hdl_source/video_source_test.v
HDL-1007 : analyze verilog file ../user_source/hdl_source/key_remove_shakes.v
HDL-1007 : analyze verilog file ../user_source/hdl_source/I2S_receiver.v
HDL-1007 : analyze verilog file ../user_source/hdl_source/audio_arc_calculate.v
HDL-1007 : analyze verilog file ../user_source/hdl_source/hdmi_phy_warpper.v
HDL-1007 : analyze verilog file ../user_source/hdl_source/lane_lvds_10_1.v
HDL-1007 : analyze verilog file ../user_source/hdl_source/hdmi1.4b_transmitter_core/hdmi_1_4b_transmitter_core_wrapper.enc.v
HDL-1007 : undeclared symbol '**', assumed default net type '**' in ../user_source/hdl_source/hdmi1.4b_transmitter_core/hdmi_1_4b_transmitter_core_wrapper.enc.v(2614)
HDL-1007 : undeclared symbol '**', assumed default net type '**' in ../user_source/hdl_source/hdmi1.4b_transmitter_core/hdmi_1_4b_transmitter_core_wrapper.enc.v(2716)
HDL-1007 : undeclared symbol '**', assumed default net type '**' in ../user_source/hdl_source/hdmi1.4b_transmitter_core/hdmi_1_4b_transmitter_core_wrapper.enc.v(2724)
HDL-1007 : undeclared symbol '**', assumed default net type '**' in ../user_source/hdl_source/hdmi1.4b_transmitter_core/hdmi_1_4b_transmitter_core_wrapper.enc.v(4936)
HDL-1007 : undeclared symbol '**', assumed default net type '**' in ../user_source/hdl_source/hdmi1.4b_transmitter_core/hdmi_1_4b_transmitter_core_wrapper.enc.v(5989)
HDL-1007 : back to file '../user_source/hdl_source/hdmi1.4b_transmitter_core/hdmi_1_4b_transmitter_core_wrapper.enc.v' in ../user_source/hdl_source/hdmi1.4b_transmitter_core/hdmi_1_4b_transmitter_core_wrapper.enc.v(77)
HDL-1007 : analyze verilog file ../user_source/hdl_source/test/design_top_i2s_test_pll.v
HDL-1007 : analyze verilog file ../user_source/hdl_source/test/i2s_test_tone_gen_pll.v
RUN-1002 : start command "commit_param -step design"
RUN-1001 : Print Global Property
RUN-1001 : --------------------------------------------------------
RUN-1001 :   Parameters   |  Settings  |  Default Values  |  Note  
RUN-1001 : --------------------------------------------------------
RUN-1001 :   enable_seed  |    off     |       off        |        
RUN-1001 :     message    |  standard  |     standard     |        
RUN-1001 :   qor_monitor  |     on     |        on        |        
RUN-1001 :   syn_ip_flow  |    off     |       off        |        
RUN-1001 :     thread     |    auto    |       auto       |        
RUN-1001 : --------------------------------------------------------
RUN-1001 : Print Design Property
RUN-1001 : ----------------------------------------------------------------
RUN-1001 :       Parameters       |  Settings  |  Default Values  |  Note  
RUN-1001 : ----------------------------------------------------------------
RUN-1001 :   default_reg_initial  |    auto    |       auto       |        
RUN-1001 :    hdl_warning_level   |   normal   |      normal      |        
RUN-1001 : ----------------------------------------------------------------
HDL-1007 : analyze verilog file al_ip/AUDIO_PLL.v
HDL-1007 : undeclared symbol 'AUDIO_PLL_open0', assumed default net type 'wire' in al_ip/AUDIO_PLL.v(71)
HDL-1007 : undeclared symbol 'AUDIO_PLL_open8', assumed default net type 'wire' in al_ip/AUDIO_PLL.v(77)
HDL-1007 : undeclared symbol 'AUDIO_PLL_open7', assumed default net type 'wire' in al_ip/AUDIO_PLL.v(77)
HDL-1007 : undeclared symbol 'AUDIO_PLL_open6', assumed default net type 'wire' in al_ip/AUDIO_PLL.v(77)
HDL-1007 : undeclared symbol 'AUDIO_PLL_open5', assumed default net type 'wire' in al_ip/AUDIO_PLL.v(77)
HDL-1007 : undeclared symbol 'AUDIO_PLL_open4', assumed default net type 'wire' in al_ip/AUDIO_PLL.v(77)
HDL-1007 : undeclared symbol 'AUDIO_PLL_open3', assumed default net type 'wire' in al_ip/AUDIO_PLL.v(77)
HDL-1007 : undeclared symbol 'AUDIO_PLL_open2', assumed default net type 'wire' in al_ip/AUDIO_PLL.v(77)
HDL-1007 : undeclared symbol 'AUDIO_PLL_open1', assumed default net type 'wire' in al_ip/AUDIO_PLL.v(77)
HDL-1007 : undeclared symbol 'AUDIO_PLL_open12', assumed default net type 'wire' in al_ip/AUDIO_PLL.v(79)
HDL-1007 : undeclared symbol 'AUDIO_PLL_open11', assumed default net type 'wire' in al_ip/AUDIO_PLL.v(79)
HDL-1007 : undeclared symbol 'AUDIO_PLL_open10', assumed default net type 'wire' in al_ip/AUDIO_PLL.v(79)
HDL-1007 : undeclared symbol 'AUDIO_PLL_open9', assumed default net type 'wire' in al_ip/AUDIO_PLL.v(79)
HDL-1007 : analyze verilog file al_ip/PLL.v
HDL-1007 : undeclared symbol 'PLL_open0', assumed default net type 'wire' in al_ip/PLL.v(78)
HDL-1007 : undeclared symbol 'PLL_open8', assumed default net type 'wire' in al_ip/PLL.v(84)
HDL-1007 : undeclared symbol 'PLL_open7', assumed default net type 'wire' in al_ip/PLL.v(84)
HDL-1007 : undeclared symbol 'PLL_open6', assumed default net type 'wire' in al_ip/PLL.v(84)
HDL-1007 : undeclared symbol 'PLL_open5', assumed default net type 'wire' in al_ip/PLL.v(84)
HDL-1007 : undeclared symbol 'PLL_open4', assumed default net type 'wire' in al_ip/PLL.v(84)
HDL-1007 : undeclared symbol 'PLL_open3', assumed default net type 'wire' in al_ip/PLL.v(84)
HDL-1007 : undeclared symbol 'PLL_open2', assumed default net type 'wire' in al_ip/PLL.v(84)
HDL-1007 : undeclared symbol 'PLL_open1', assumed default net type 'wire' in al_ip/PLL.v(84)
HDL-1007 : undeclared symbol 'PLL_open11', assumed default net type 'wire' in al_ip/PLL.v(86)
HDL-1007 : undeclared symbol 'PLL_open10', assumed default net type 'wire' in al_ip/PLL.v(86)
HDL-1007 : undeclared symbol 'PLL_open9', assumed default net type 'wire' in al_ip/PLL.v(86)
HDL-1007 : analyze verilog file ../user_source/hdl_source/design_top_wrapper.v
HDL-1007 : analyze verilog file ../user_source/hdl_source/video_source_test.v
HDL-1007 : analyze verilog file ../user_source/hdl_source/key_remove_shakes.v
HDL-1007 : analyze verilog file ../user_source/hdl_source/I2S_receiver.v
HDL-1007 : analyze verilog file ../user_source/hdl_source/audio_arc_calculate.v
HDL-1007 : analyze verilog file ../user_source/hdl_source/hdmi_phy_warpper.v
HDL-1007 : analyze verilog file ../user_source/hdl_source/lane_lvds_10_1.v
HDL-1007 : analyze verilog file ../user_source/hdl_source/hdmi1.4b_transmitter_core/hdmi_1_4b_transmitter_core_wrapper.enc.v
HDL-1007 : undeclared symbol '**', assumed default net type '**' in ../user_source/hdl_source/hdmi1.4b_transmitter_core/hdmi_1_4b_transmitter_core_wrapper.enc.v(2614)
HDL-1007 : undeclared symbol '**', assumed default net type '**' in ../user_source/hdl_source/hdmi1.4b_transmitter_core/hdmi_1_4b_transmitter_core_wrapper.enc.v(2716)
HDL-1007 : undeclared symbol '**', assumed default net type '**' in ../user_source/hdl_source/hdmi1.4b_transmitter_core/hdmi_1_4b_transmitter_core_wrapper.enc.v(2724)
HDL-1007 : undeclared symbol '**', assumed default net type '**' in ../user_source/hdl_source/hdmi1.4b_transmitter_core/hdmi_1_4b_transmitter_core_wrapper.enc.v(4936)
HDL-1007 : undeclared symbol '**', assumed default net type '**' in ../user_source/hdl_source/hdmi1.4b_transmitter_core/hdmi_1_4b_transmitter_core_wrapper.enc.v(5989)
HDL-1007 : back to file '../user_source/hdl_source/hdmi1.4b_transmitter_core/hdmi_1_4b_transmitter_core_wrapper.enc.v' in ../user_source/hdl_source/hdmi1.4b_transmitter_core/hdmi_1_4b_transmitter_core_wrapper.enc.v(77)
HDL-1007 : analyze verilog file ../user_source/hdl_source/test/design_top_i2s_test_pll.v
HDL-1007 : analyze verilog file ../user_source/hdl_source/test/i2s_test_tone_gen_pll.v
RUN-1002 : start command "commit_param -step design"
RUN-1001 : Print Global Property
RUN-1001 : --------------------------------------------------------
RUN-1001 :   Parameters   |  Settings  |  Default Values  |  Note  
RUN-1001 : --------------------------------------------------------
RUN-1001 :   enable_seed  |    off     |       off        |        
RUN-1001 :     message    |  standard  |     standard     |        
RUN-1001 :   qor_monitor  |     on     |        on        |        
RUN-1001 :   syn_ip_flow  |    off     |       off        |        
RUN-1001 :     thread     |    auto    |       auto       |        
RUN-1001 : --------------------------------------------------------
RUN-1001 : Print Design Property
RUN-1001 : ----------------------------------------------------------------
RUN-1001 :       Parameters       |  Settings  |  Default Values  |  Note  
RUN-1001 : ----------------------------------------------------------------
RUN-1001 :   default_reg_initial  |    auto    |       auto       |        
RUN-1001 :    hdl_warning_level   |   normal   |      normal      |        
RUN-1001 : ----------------------------------------------------------------
HDL-1007 : analyze verilog file al_ip/AUDIO_PLL.v
HDL-1007 : undeclared symbol 'AUDIO_PLL_open0', assumed default net type 'wire' in al_ip/AUDIO_PLL.v(71)
HDL-1007 : undeclared symbol 'AUDIO_PLL_open8', assumed default net type 'wire' in al_ip/AUDIO_PLL.v(77)
HDL-1007 : undeclared symbol 'AUDIO_PLL_open7', assumed default net type 'wire' in al_ip/AUDIO_PLL.v(77)
HDL-1007 : undeclared symbol 'AUDIO_PLL_open6', assumed default net type 'wire' in al_ip/AUDIO_PLL.v(77)
HDL-1007 : undeclared symbol 'AUDIO_PLL_open5', assumed default net type 'wire' in al_ip/AUDIO_PLL.v(77)
HDL-1007 : undeclared symbol 'AUDIO_PLL_open4', assumed default net type 'wire' in al_ip/AUDIO_PLL.v(77)
HDL-1007 : undeclared symbol 'AUDIO_PLL_open3', assumed default net type 'wire' in al_ip/AUDIO_PLL.v(77)
HDL-1007 : undeclared symbol 'AUDIO_PLL_open2', assumed default net type 'wire' in al_ip/AUDIO_PLL.v(77)
HDL-1007 : undeclared symbol 'AUDIO_PLL_open1', assumed default net type 'wire' in al_ip/AUDIO_PLL.v(77)
HDL-1007 : undeclared symbol 'AUDIO_PLL_open12', assumed default net type 'wire' in al_ip/AUDIO_PLL.v(79)
HDL-1007 : undeclared symbol 'AUDIO_PLL_open11', assumed default net type 'wire' in al_ip/AUDIO_PLL.v(79)
HDL-1007 : undeclared symbol 'AUDIO_PLL_open10', assumed default net type 'wire' in al_ip/AUDIO_PLL.v(79)
HDL-1007 : undeclared symbol 'AUDIO_PLL_open9', assumed default net type 'wire' in al_ip/AUDIO_PLL.v(79)
HDL-1007 : analyze verilog file al_ip/PLL.v
HDL-1007 : undeclared symbol 'PLL_open0', assumed default net type 'wire' in al_ip/PLL.v(78)
HDL-1007 : undeclared symbol 'PLL_open8', assumed default net type 'wire' in al_ip/PLL.v(84)
HDL-1007 : undeclared symbol 'PLL_open7', assumed default net type 'wire' in al_ip/PLL.v(84)
HDL-1007 : undeclared symbol 'PLL_open6', assumed default net type 'wire' in al_ip/PLL.v(84)
HDL-1007 : undeclared symbol 'PLL_open5', assumed default net type 'wire' in al_ip/PLL.v(84)
HDL-1007 : undeclared symbol 'PLL_open4', assumed default net type 'wire' in al_ip/PLL.v(84)
HDL-1007 : undeclared symbol 'PLL_open3', assumed default net type 'wire' in al_ip/PLL.v(84)
HDL-1007 : undeclared symbol 'PLL_open2', assumed default net type 'wire' in al_ip/PLL.v(84)
HDL-1007 : undeclared symbol 'PLL_open1', assumed default net type 'wire' in al_ip/PLL.v(84)
HDL-1007 : undeclared symbol 'PLL_open11', assumed default net type 'wire' in al_ip/PLL.v(86)
HDL-1007 : undeclared symbol 'PLL_open10', assumed default net type 'wire' in al_ip/PLL.v(86)
HDL-1007 : undeclared symbol 'PLL_open9', assumed default net type 'wire' in al_ip/PLL.v(86)
HDL-1007 : analyze verilog file ../user_source/hdl_source/design_top_wrapper.v
HDL-1007 : analyze verilog file ../user_source/hdl_source/video_source_test.v
HDL-1007 : analyze verilog file ../user_source/hdl_source/key_remove_shakes.v
HDL-1007 : analyze verilog file ../user_source/hdl_source/I2S_receiver.v
HDL-1007 : analyze verilog file ../user_source/hdl_source/audio_arc_calculate.v
HDL-1007 : analyze verilog file ../user_source/hdl_source/hdmi_phy_warpper.v
HDL-1007 : analyze verilog file ../user_source/hdl_source/lane_lvds_10_1.v
HDL-1007 : analyze verilog file ../user_source/hdl_source/hdmi1.4b_transmitter_core/hdmi_1_4b_transmitter_core_wrapper.enc.v
HDL-1007 : undeclared symbol '**', assumed default net type '**' in ../user_source/hdl_source/hdmi1.4b_transmitter_core/hdmi_1_4b_transmitter_core_wrapper.enc.v(2614)
HDL-1007 : undeclared symbol '**', assumed default net type '**' in ../user_source/hdl_source/hdmi1.4b_transmitter_core/hdmi_1_4b_transmitter_core_wrapper.enc.v(2716)
HDL-1007 : undeclared symbol '**', assumed default net type '**' in ../user_source/hdl_source/hdmi1.4b_transmitter_core/hdmi_1_4b_transmitter_core_wrapper.enc.v(2724)
HDL-1007 : undeclared symbol '**', assumed default net type '**' in ../user_source/hdl_source/hdmi1.4b_transmitter_core/hdmi_1_4b_transmitter_core_wrapper.enc.v(4936)
HDL-1007 : undeclared symbol '**', assumed default net type '**' in ../user_source/hdl_source/hdmi1.4b_transmitter_core/hdmi_1_4b_transmitter_core_wrapper.enc.v(5989)
HDL-1007 : back to file '../user_source/hdl_source/hdmi1.4b_transmitter_core/hdmi_1_4b_transmitter_core_wrapper.enc.v' in ../user_source/hdl_source/hdmi1.4b_transmitter_core/hdmi_1_4b_transmitter_core_wrapper.enc.v(77)
HDL-1007 : analyze verilog file ../user_source/hdl_source/test/design_top_i2s_test_pll.v
HDL-1007 : analyze verilog file ../user_source/hdl_source/test/i2s_test_tone_gen_pll.v
GUI-8003 ERROR: al_ip/PLL.v is missing!
RUN-1002 : start command "commit_param -step design"
RUN-1001 : Print Global Property
RUN-1001 : --------------------------------------------------------
RUN-1001 :   Parameters   |  Settings  |  Default Values  |  Note  
RUN-1001 : --------------------------------------------------------
RUN-1001 :   enable_seed  |    off     |       off        |        
RUN-1001 :     message    |  standard  |     standard     |        
RUN-1001 :   qor_monitor  |     on     |        on        |        
RUN-1001 :   syn_ip_flow  |    off     |       off        |        
RUN-1001 :     thread     |    auto    |       auto       |        
RUN-1001 : --------------------------------------------------------
RUN-1001 : Print Design Property
RUN-1001 : ----------------------------------------------------------------
RUN-1001 :       Parameters       |  Settings  |  Default Values  |  Note  
RUN-1001 : ----------------------------------------------------------------
RUN-1001 :   default_reg_initial  |    auto    |       auto       |        
RUN-1001 :    hdl_warning_level   |   normal   |      normal      |        
RUN-1001 : ----------------------------------------------------------------
HDL-1007 : analyze verilog file ../user_source/hdl_source/design_top_wrapper.v
HDL-1007 : analyze verilog file ../user_source/hdl_source/video_source_test.v
HDL-1007 : analyze verilog file ../user_source/hdl_source/key_remove_shakes.v
HDL-1007 : analyze verilog file ../user_source/hdl_source/I2S_receiver.v
HDL-1007 : analyze verilog file ../user_source/hdl_source/audio_arc_calculate.v
HDL-1007 : analyze verilog file ../user_source/hdl_source/hdmi_phy_warpper.v
HDL-1007 : analyze verilog file ../user_source/hdl_source/lane_lvds_10_1.v
HDL-1007 : analyze verilog file ../user_source/hdl_source/hdmi1.4b_transmitter_core/hdmi_1_4b_transmitter_core_wrapper.enc.v
HDL-1007 : undeclared symbol '**', assumed default net type '**' in ../user_source/hdl_source/hdmi1.4b_transmitter_core/hdmi_1_4b_transmitter_core_wrapper.enc.v(2614)
HDL-1007 : undeclared symbol '**', assumed default net type '**' in ../user_source/hdl_source/hdmi1.4b_transmitter_core/hdmi_1_4b_transmitter_core_wrapper.enc.v(2716)
HDL-1007 : undeclared symbol '**', assumed default net type '**' in ../user_source/hdl_source/hdmi1.4b_transmitter_core/hdmi_1_4b_transmitter_core_wrapper.enc.v(2724)
HDL-1007 : undeclared symbol '**', assumed default net type '**' in ../user_source/hdl_source/hdmi1.4b_transmitter_core/hdmi_1_4b_transmitter_core_wrapper.enc.v(4936)
HDL-1007 : undeclared symbol '**', assumed default net type '**' in ../user_source/hdl_source/hdmi1.4b_transmitter_core/hdmi_1_4b_transmitter_core_wrapper.enc.v(5989)
HDL-1007 : back to file '../user_source/hdl_source/hdmi1.4b_transmitter_core/hdmi_1_4b_transmitter_core_wrapper.enc.v' in ../user_source/hdl_source/hdmi1.4b_transmitter_core/hdmi_1_4b_transmitter_core_wrapper.enc.v(77)
HDL-1007 : analyze verilog file ../user_source/hdl_source/test/design_top_i2s_test_pll.v
HDL-1007 : analyze verilog file ../user_source/hdl_source/test/i2s_test_tone_gen_pll.v
GUI-6001 WARNING: File C:/Users/zbrmyyds/Desktop/anlu/FPGA_Prj/I2S/transmitor/APUG092_HDMI1.4b_Transmitter_V1.0/src/td_project/al_ip/PLL.v does not exist!
GUI-8002 ERROR: Failed to open file: al_ip/PLL.ipc. 系统找不到指定的路径。.
RUN-1002 : start command "commit_param -step design"
RUN-1001 : Print Global Property
RUN-1001 : --------------------------------------------------------
RUN-1001 :   Parameters   |  Settings  |  Default Values  |  Note  
RUN-1001 : --------------------------------------------------------
RUN-1001 :   enable_seed  |    off     |       off        |        
RUN-1001 :     message    |  standard  |     standard     |        
RUN-1001 :   qor_monitor  |     on     |        on        |        
RUN-1001 :   syn_ip_flow  |    off     |       off        |        
RUN-1001 :     thread     |    auto    |       auto       |        
RUN-1001 : --------------------------------------------------------
RUN-1001 : Print Design Property
RUN-1001 : ----------------------------------------------------------------
RUN-1001 :       Parameters       |  Settings  |  Default Values  |  Note  
RUN-1001 : ----------------------------------------------------------------
RUN-1001 :   default_reg_initial  |    auto    |       auto       |        
RUN-1001 :    hdl_warning_level   |   normal   |      normal      |        
RUN-1001 : ----------------------------------------------------------------
HDL-1007 : analyze verilog file ../user_source/hdl_source/design_top_wrapper.v
HDL-1007 : analyze verilog file ../user_source/hdl_source/video_source_test.v
HDL-1007 : analyze verilog file ../user_source/hdl_source/key_remove_shakes.v
HDL-1007 : analyze verilog file ../user_source/hdl_source/I2S_receiver.v
HDL-1007 : analyze verilog file ../user_source/hdl_source/audio_arc_calculate.v
HDL-1007 : analyze verilog file ../user_source/hdl_source/hdmi_phy_warpper.v
HDL-1007 : analyze verilog file ../user_source/hdl_source/lane_lvds_10_1.v
HDL-1007 : analyze verilog file ../user_source/hdl_source/hdmi1.4b_transmitter_core/hdmi_1_4b_transmitter_core_wrapper.enc.v
HDL-1007 : undeclared symbol '**', assumed default net type '**' in ../user_source/hdl_source/hdmi1.4b_transmitter_core/hdmi_1_4b_transmitter_core_wrapper.enc.v(2614)
HDL-1007 : undeclared symbol '**', assumed default net type '**' in ../user_source/hdl_source/hdmi1.4b_transmitter_core/hdmi_1_4b_transmitter_core_wrapper.enc.v(2716)
HDL-1007 : undeclared symbol '**', assumed default net type '**' in ../user_source/hdl_source/hdmi1.4b_transmitter_core/hdmi_1_4b_transmitter_core_wrapper.enc.v(2724)
HDL-1007 : undeclared symbol '**', assumed default net type '**' in ../user_source/hdl_source/hdmi1.4b_transmitter_core/hdmi_1_4b_transmitter_core_wrapper.enc.v(4936)
HDL-1007 : undeclared symbol '**', assumed default net type '**' in ../user_source/hdl_source/hdmi1.4b_transmitter_core/hdmi_1_4b_transmitter_core_wrapper.enc.v(5989)
HDL-1007 : back to file '../user_source/hdl_source/hdmi1.4b_transmitter_core/hdmi_1_4b_transmitter_core_wrapper.enc.v' in ../user_source/hdl_source/hdmi1.4b_transmitter_core/hdmi_1_4b_transmitter_core_wrapper.enc.v(77)
HDL-1007 : analyze verilog file ../user_source/hdl_source/test/design_top_i2s_test_pll.v
HDL-1007 : analyze verilog file ../user_source/hdl_source/test/i2s_test_tone_gen_pll.v
RUN-1002 : start command "commit_param -step design"
RUN-1001 : Print Global Property
RUN-1001 : --------------------------------------------------------
RUN-1001 :   Parameters   |  Settings  |  Default Values  |  Note  
RUN-1001 : --------------------------------------------------------
RUN-1001 :   enable_seed  |    off     |       off        |        
RUN-1001 :     message    |  standard  |     standard     |        
RUN-1001 :   qor_monitor  |     on     |        on        |        
RUN-1001 :   syn_ip_flow  |    off     |       off        |        
RUN-1001 :     thread     |    auto    |       auto       |        
RUN-1001 : --------------------------------------------------------
RUN-1001 : Print Design Property
RUN-1001 : ----------------------------------------------------------------
RUN-1001 :       Parameters       |  Settings  |  Default Values  |  Note  
RUN-1001 : ----------------------------------------------------------------
RUN-1001 :   default_reg_initial  |    auto    |       auto       |        
RUN-1001 :    hdl_warning_level   |   normal   |      normal      |        
RUN-1001 : ----------------------------------------------------------------
HDL-1007 : analyze verilog file al_ip/PLL_HDMI_AUDIO.v
HDL-1007 : undeclared symbol 'PLL_HDMI_AUDIO_open0', assumed default net type 'wire' in al_ip/PLL_HDMI_AUDIO.v(85)
HDL-1007 : undeclared symbol 'PLL_HDMI_AUDIO_open8', assumed default net type 'wire' in al_ip/PLL_HDMI_AUDIO.v(91)
HDL-1007 : undeclared symbol 'PLL_HDMI_AUDIO_open7', assumed default net type 'wire' in al_ip/PLL_HDMI_AUDIO.v(91)
HDL-1007 : undeclared symbol 'PLL_HDMI_AUDIO_open6', assumed default net type 'wire' in al_ip/PLL_HDMI_AUDIO.v(91)
HDL-1007 : undeclared symbol 'PLL_HDMI_AUDIO_open5', assumed default net type 'wire' in al_ip/PLL_HDMI_AUDIO.v(91)
HDL-1007 : undeclared symbol 'PLL_HDMI_AUDIO_open4', assumed default net type 'wire' in al_ip/PLL_HDMI_AUDIO.v(91)
HDL-1007 : undeclared symbol 'PLL_HDMI_AUDIO_open3', assumed default net type 'wire' in al_ip/PLL_HDMI_AUDIO.v(91)
HDL-1007 : undeclared symbol 'PLL_HDMI_AUDIO_open2', assumed default net type 'wire' in al_ip/PLL_HDMI_AUDIO.v(91)
HDL-1007 : undeclared symbol 'PLL_HDMI_AUDIO_open1', assumed default net type 'wire' in al_ip/PLL_HDMI_AUDIO.v(91)
HDL-1007 : undeclared symbol 'PLL_HDMI_AUDIO_open10', assumed default net type 'wire' in al_ip/PLL_HDMI_AUDIO.v(93)
HDL-1007 : undeclared symbol 'PLL_HDMI_AUDIO_open9', assumed default net type 'wire' in al_ip/PLL_HDMI_AUDIO.v(93)
HDL-1007 : analyze verilog file ../user_source/hdl_source/design_top_wrapper.v
HDL-1007 : analyze verilog file ../user_source/hdl_source/video_source_test.v
HDL-1007 : analyze verilog file ../user_source/hdl_source/key_remove_shakes.v
HDL-1007 : analyze verilog file ../user_source/hdl_source/I2S_receiver.v
HDL-1007 : analyze verilog file ../user_source/hdl_source/audio_arc_calculate.v
HDL-1007 : analyze verilog file ../user_source/hdl_source/hdmi_phy_warpper.v
HDL-1007 : analyze verilog file ../user_source/hdl_source/lane_lvds_10_1.v
HDL-1007 : analyze verilog file ../user_source/hdl_source/hdmi1.4b_transmitter_core/hdmi_1_4b_transmitter_core_wrapper.enc.v
HDL-1007 : undeclared symbol '**', assumed default net type '**' in ../user_source/hdl_source/hdmi1.4b_transmitter_core/hdmi_1_4b_transmitter_core_wrapper.enc.v(2614)
HDL-1007 : undeclared symbol '**', assumed default net type '**' in ../user_source/hdl_source/hdmi1.4b_transmitter_core/hdmi_1_4b_transmitter_core_wrapper.enc.v(2716)
HDL-1007 : undeclared symbol '**', assumed default net type '**' in ../user_source/hdl_source/hdmi1.4b_transmitter_core/hdmi_1_4b_transmitter_core_wrapper.enc.v(2724)
HDL-1007 : undeclared symbol '**', assumed default net type '**' in ../user_source/hdl_source/hdmi1.4b_transmitter_core/hdmi_1_4b_transmitter_core_wrapper.enc.v(4936)
HDL-1007 : undeclared symbol '**', assumed default net type '**' in ../user_source/hdl_source/hdmi1.4b_transmitter_core/hdmi_1_4b_transmitter_core_wrapper.enc.v(5989)
HDL-1007 : back to file '../user_source/hdl_source/hdmi1.4b_transmitter_core/hdmi_1_4b_transmitter_core_wrapper.enc.v' in ../user_source/hdl_source/hdmi1.4b_transmitter_core/hdmi_1_4b_transmitter_core_wrapper.enc.v(77)
HDL-1007 : analyze verilog file ../user_source/hdl_source/test/design_top_i2s_test_pll.v
HDL-1007 : analyze verilog file ../user_source/hdl_source/test/i2s_test_tone_gen_pll.v
PRJ-1412 : reset_run syn_1 phy_1.
PRJ-1409 : launch_runs syn_1 phy_1  -jobs 6.
PRJ-5303 WARNING: Run syn_1 failed.
RUN-1002 : start command "save_best_bits"
PRJ-1412 : reset_run syn_1 phy_1.
PRJ-1409 : launch_runs syn_1 phy_1  -jobs 6.
PRJ-1410 : Run syn_1 success.
PRJ-1410 : Run phy_1 success.
RUN-1002 : start command "save_best_bits"
PRJ-1424 : The implemented result of phy_1 is saved as best result.
RUN-1002 : start command "import_db C:/Users/zbrmyyds/Desktop/anlu/FPGA_Prj/I2S/transmitor/APUG092_HDMI1.4b_Transmitter_V1.0/src/td_project/HDMI1.4b_Transmitter_v1.0_Runs/phy_1/HDMI1.4b_Transmitter_v1.0_pr.db"
RUN-1001 : Importing database generated by Tang Dynasty, V6.2.168116.
RUN-1001 : Database version number 46207
RUN-1001 : Import flow parameters
RUN-1001 : Import netlist
PHY-1001 : Generate detailed routing grids ...
PHY-1001 : End build routing graph; 0.512735s wall, 0.437500s user + 0.046875s system = 0.484375s CPU (94.5%)

PHY-1001 : Build lut bridge;  0.047121s wall, 0.046875s user + 0.000000s system = 0.046875s CPU (99.5%)

PHY-1001 : Generate nets ...
PHY-1001 : net I_sys_clk_dup_1 will be routed on clock mesh
PHY-1001 : clock net u_I2S_receiver/I_clk will be merged with clock U_pll_hdmi_audio/clk0_buf
PHY-1001 : net u_hdmi2phy_wrapper/u0_lane_lvds_8_1/I_serial_clk will be routed on clock mesh
PHY-1001 : net u_i2s_test_tone_gen_single_pll/I_mclk will be routed on clock mesh
PHY-1001 : eco open net = 0
PHY-1001 : 24 feed throughs used by 24 nets
RUN-1001 : Import phy database
RUN-1001 : Import timing constraints
RUN-1001 : Import IO constraints
RUN-1001 : Import Inst constraints
RUN-1001 : Import ChipWatcher
RUN-1001 : Import design success TD_VERSION=6.2.168116 , DB_VERSION=46207
RUN-1003 : finish command "import_db C:/Users/zbrmyyds/Desktop/anlu/FPGA_Prj/I2S/transmitor/APUG092_HDMI1.4b_Transmitter_V1.0/src/td_project/HDMI1.4b_Transmitter_v1.0_Runs/phy_1/HDMI1.4b_Transmitter_v1.0_pr.db" in  1.376610s wall, 1.234375s user + 0.140625s system = 1.375000s CPU (99.9%)

RUN-1004 : used memory is 636 MB, reserved memory is 584 MB, peak memory is 687 MB
RUN-1002 : start command "commit_param -step design"
RUN-1001 : Print Global Property
RUN-1001 : --------------------------------------------------------
RUN-1001 :   Parameters   |  Settings  |  Default Values  |  Note  
RUN-1001 : --------------------------------------------------------
RUN-1001 :   enable_seed  |    off     |       off        |        
RUN-1001 :     message    |  standard  |     standard     |        
RUN-1001 :   qor_monitor  |     on     |        on        |        
RUN-1001 :   syn_ip_flow  |    off     |       off        |        
RUN-1001 :     thread     |    auto    |       auto       |        
RUN-1001 : --------------------------------------------------------
RUN-1001 : Print Design Property
RUN-1001 : ----------------------------------------------------------------
RUN-1001 :       Parameters       |  Settings  |  Default Values  |  Note  
RUN-1001 : ----------------------------------------------------------------
RUN-1001 :   default_reg_initial  |    auto    |       auto       |        
RUN-1001 :    hdl_warning_level   |   normal   |      normal      |        
RUN-1001 : ----------------------------------------------------------------
HDL-1007 : analyze verilog file al_ip/PLL_HDMI_AUDIO.v
HDL-1007 : undeclared symbol 'PLL_HDMI_AUDIO_open0', assumed default net type 'wire' in al_ip/PLL_HDMI_AUDIO.v(85)
HDL-1007 : undeclared symbol 'PLL_HDMI_AUDIO_open8', assumed default net type 'wire' in al_ip/PLL_HDMI_AUDIO.v(91)
HDL-1007 : undeclared symbol 'PLL_HDMI_AUDIO_open7', assumed default net type 'wire' in al_ip/PLL_HDMI_AUDIO.v(91)
HDL-1007 : undeclared symbol 'PLL_HDMI_AUDIO_open6', assumed default net type 'wire' in al_ip/PLL_HDMI_AUDIO.v(91)
HDL-1007 : undeclared symbol 'PLL_HDMI_AUDIO_open5', assumed default net type 'wire' in al_ip/PLL_HDMI_AUDIO.v(91)
HDL-1007 : undeclared symbol 'PLL_HDMI_AUDIO_open4', assumed default net type 'wire' in al_ip/PLL_HDMI_AUDIO.v(91)
HDL-1007 : undeclared symbol 'PLL_HDMI_AUDIO_open3', assumed default net type 'wire' in al_ip/PLL_HDMI_AUDIO.v(91)
HDL-1007 : undeclared symbol 'PLL_HDMI_AUDIO_open2', assumed default net type 'wire' in al_ip/PLL_HDMI_AUDIO.v(91)
HDL-1007 : undeclared symbol 'PLL_HDMI_AUDIO_open1', assumed default net type 'wire' in al_ip/PLL_HDMI_AUDIO.v(91)
HDL-1007 : undeclared symbol 'PLL_HDMI_AUDIO_open10', assumed default net type 'wire' in al_ip/PLL_HDMI_AUDIO.v(93)
HDL-1007 : undeclared symbol 'PLL_HDMI_AUDIO_open9', assumed default net type 'wire' in al_ip/PLL_HDMI_AUDIO.v(93)
HDL-1007 : analyze verilog file ../user_source/hdl_source/design_top_wrapper.v
HDL-1007 : analyze verilog file ../user_source/hdl_source/video_source_test.v
HDL-1007 : analyze verilog file ../user_source/hdl_source/key_remove_shakes.v
HDL-1007 : analyze verilog file ../user_source/hdl_source/I2S_receiver.v
HDL-1007 : analyze verilog file ../user_source/hdl_source/audio_arc_calculate.v
HDL-1007 : analyze verilog file ../user_source/hdl_source/hdmi_phy_warpper.v
HDL-1007 : analyze verilog file ../user_source/hdl_source/lane_lvds_10_1.v
HDL-1007 : analyze verilog file ../user_source/hdl_source/hdmi1.4b_transmitter_core/hdmi_1_4b_transmitter_core_wrapper.enc.v
HDL-1007 : undeclared symbol '**', assumed default net type '**' in ../user_source/hdl_source/hdmi1.4b_transmitter_core/hdmi_1_4b_transmitter_core_wrapper.enc.v(2614)
HDL-1007 : undeclared symbol '**', assumed default net type '**' in ../user_source/hdl_source/hdmi1.4b_transmitter_core/hdmi_1_4b_transmitter_core_wrapper.enc.v(2716)
HDL-1007 : undeclared symbol '**', assumed default net type '**' in ../user_source/hdl_source/hdmi1.4b_transmitter_core/hdmi_1_4b_transmitter_core_wrapper.enc.v(2724)
HDL-1007 : undeclared symbol '**', assumed default net type '**' in ../user_source/hdl_source/hdmi1.4b_transmitter_core/hdmi_1_4b_transmitter_core_wrapper.enc.v(4936)
HDL-1007 : undeclared symbol '**', assumed default net type '**' in ../user_source/hdl_source/hdmi1.4b_transmitter_core/hdmi_1_4b_transmitter_core_wrapper.enc.v(5989)
HDL-1007 : back to file '../user_source/hdl_source/hdmi1.4b_transmitter_core/hdmi_1_4b_transmitter_core_wrapper.enc.v' in ../user_source/hdl_source/hdmi1.4b_transmitter_core/hdmi_1_4b_transmitter_core_wrapper.enc.v(77)
HDL-1007 : analyze verilog file ../user_source/hdl_source/test/design_top_i2s_test_pll.v
HDL-1007 : analyze verilog file ../user_source/hdl_source/test/i2s_test_tone_gen_pll.v
RUN-1002 : start command "commit_param -step design"
RUN-1001 : Print Global Property
RUN-1001 : --------------------------------------------------------
RUN-1001 :   Parameters   |  Settings  |  Default Values  |  Note  
RUN-1001 : --------------------------------------------------------
RUN-1001 :   enable_seed  |    off     |       off        |        
RUN-1001 :     message    |  standard  |     standard     |        
RUN-1001 :   qor_monitor  |     on     |        on        |        
RUN-1001 :   syn_ip_flow  |    off     |       off        |        
RUN-1001 :     thread     |    auto    |       auto       |        
RUN-1001 : --------------------------------------------------------
RUN-1001 : Print Design Property
RUN-1001 : ----------------------------------------------------------------
RUN-1001 :       Parameters       |  Settings  |  Default Values  |  Note  
RUN-1001 : ----------------------------------------------------------------
RUN-1001 :   default_reg_initial  |    auto    |       auto       |        
RUN-1001 :    hdl_warning_level   |   normal   |      normal      |        
RUN-1001 : ----------------------------------------------------------------
HDL-1007 : analyze verilog file al_ip/PLL_HDMI_AUDIO.v
HDL-1007 : undeclared symbol 'PLL_HDMI_AUDIO_open0', assumed default net type 'wire' in al_ip/PLL_HDMI_AUDIO.v(85)
HDL-1007 : undeclared symbol 'PLL_HDMI_AUDIO_open8', assumed default net type 'wire' in al_ip/PLL_HDMI_AUDIO.v(91)
HDL-1007 : undeclared symbol 'PLL_HDMI_AUDIO_open7', assumed default net type 'wire' in al_ip/PLL_HDMI_AUDIO.v(91)
HDL-1007 : undeclared symbol 'PLL_HDMI_AUDIO_open6', assumed default net type 'wire' in al_ip/PLL_HDMI_AUDIO.v(91)
HDL-1007 : undeclared symbol 'PLL_HDMI_AUDIO_open5', assumed default net type 'wire' in al_ip/PLL_HDMI_AUDIO.v(91)
HDL-1007 : undeclared symbol 'PLL_HDMI_AUDIO_open4', assumed default net type 'wire' in al_ip/PLL_HDMI_AUDIO.v(91)
HDL-1007 : undeclared symbol 'PLL_HDMI_AUDIO_open3', assumed default net type 'wire' in al_ip/PLL_HDMI_AUDIO.v(91)
HDL-1007 : undeclared symbol 'PLL_HDMI_AUDIO_open2', assumed default net type 'wire' in al_ip/PLL_HDMI_AUDIO.v(91)
HDL-1007 : undeclared symbol 'PLL_HDMI_AUDIO_open1', assumed default net type 'wire' in al_ip/PLL_HDMI_AUDIO.v(91)
HDL-1007 : undeclared symbol 'PLL_HDMI_AUDIO_open10', assumed default net type 'wire' in al_ip/PLL_HDMI_AUDIO.v(93)
HDL-1007 : undeclared symbol 'PLL_HDMI_AUDIO_open9', assumed default net type 'wire' in al_ip/PLL_HDMI_AUDIO.v(93)
HDL-1007 : analyze verilog file ../user_source/hdl_source/design_top_wrapper.v
HDL-1007 : analyze verilog file ../user_source/hdl_source/video_source_test.v
HDL-1007 : analyze verilog file ../user_source/hdl_source/key_remove_shakes.v
HDL-1007 : analyze verilog file ../user_source/hdl_source/I2S_receiver.v
HDL-1007 : analyze verilog file ../user_source/hdl_source/audio_arc_calculate.v
HDL-1007 : analyze verilog file ../user_source/hdl_source/hdmi_phy_warpper.v
HDL-1007 : analyze verilog file ../user_source/hdl_source/lane_lvds_10_1.v
HDL-1007 : analyze verilog file ../user_source/hdl_source/hdmi1.4b_transmitter_core/hdmi_1_4b_transmitter_core_wrapper.enc.v
HDL-1007 : undeclared symbol '**', assumed default net type '**' in ../user_source/hdl_source/hdmi1.4b_transmitter_core/hdmi_1_4b_transmitter_core_wrapper.enc.v(2614)
HDL-1007 : undeclared symbol '**', assumed default net type '**' in ../user_source/hdl_source/hdmi1.4b_transmitter_core/hdmi_1_4b_transmitter_core_wrapper.enc.v(2716)
HDL-1007 : undeclared symbol '**', assumed default net type '**' in ../user_source/hdl_source/hdmi1.4b_transmitter_core/hdmi_1_4b_transmitter_core_wrapper.enc.v(2724)
HDL-1007 : undeclared symbol '**', assumed default net type '**' in ../user_source/hdl_source/hdmi1.4b_transmitter_core/hdmi_1_4b_transmitter_core_wrapper.enc.v(4936)
HDL-1007 : undeclared symbol '**', assumed default net type '**' in ../user_source/hdl_source/hdmi1.4b_transmitter_core/hdmi_1_4b_transmitter_core_wrapper.enc.v(5989)
HDL-1007 : back to file '../user_source/hdl_source/hdmi1.4b_transmitter_core/hdmi_1_4b_transmitter_core_wrapper.enc.v' in ../user_source/hdl_source/hdmi1.4b_transmitter_core/hdmi_1_4b_transmitter_core_wrapper.enc.v(77)
HDL-1007 : analyze verilog file ../user_source/hdl_source/test/design_top_i2s_test_pll.v
HDL-1007 : analyze verilog file ../user_source/hdl_source/test/i2s_test_tone_gen_pll.v
PRJ-1412 : reset_run syn_1 phy_1.
PRJ-1409 : launch_runs syn_1 phy_1  -jobs 6.
PRJ-1410 : Run syn_1 success.
PRJ-1410 : Run phy_1 success.
RUN-1002 : start command "save_best_bits"
PRJ-1424 : The implemented result of phy_1 is saved as best result.
RUN-1002 : start command "import_db C:/Users/zbrmyyds/Desktop/anlu/FPGA_Prj/I2S/transmitor/APUG092_HDMI1.4b_Transmitter_V1.0/src/td_project/HDMI1.4b_Transmitter_v1.0_Runs/phy_1/HDMI1.4b_Transmitter_v1.0_pr.db"
RUN-1001 : Importing database generated by Tang Dynasty, V6.2.168116.
RUN-1001 : Database version number 46207
RUN-1001 : Import flow parameters
RUN-1001 : Import netlist
PHY-1001 : Generate detailed routing grids ...
PHY-1001 : End build routing graph; 0.465108s wall, 0.484375s user + 0.031250s system = 0.515625s CPU (110.9%)

PHY-1001 : Build lut bridge;  0.047383s wall, 0.046875s user + 0.015625s system = 0.062500s CPU (131.9%)

PHY-1001 : Generate nets ...
PHY-1001 : net I_sys_clk_dup_1 will be routed on clock mesh
PHY-1001 : clock net u_I2S_receiver/I_clk will be merged with clock U_pll_hdmi_audio/clk0_buf
PHY-1001 : net u_i2s_test_tone_gen_single_pll_fix64/I_mclk will be routed on clock mesh
PHY-1001 : net u_hdmi2phy_wrapper/u0_lane_lvds_8_1/I_serial_clk will be routed on clock mesh
PHY-1001 : eco open net = 0
PHY-1001 : 24 feed throughs used by 23 nets
RUN-1001 : Import phy database
RUN-1001 : Import timing constraints
RUN-1001 : Import IO constraints
RUN-1001 : Import Inst constraints
RUN-1001 : Import ChipWatcher
RUN-1001 : Import design success TD_VERSION=6.2.168116 , DB_VERSION=46207
RUN-1003 : finish command "import_db C:/Users/zbrmyyds/Desktop/anlu/FPGA_Prj/I2S/transmitor/APUG092_HDMI1.4b_Transmitter_V1.0/src/td_project/HDMI1.4b_Transmitter_v1.0_Runs/phy_1/HDMI1.4b_Transmitter_v1.0_pr.db" in  1.259422s wall, 1.390625s user + 0.140625s system = 1.531250s CPU (121.6%)

RUN-1004 : used memory is 631 MB, reserved memory is 578 MB, peak memory is 687 MB
RUN-1002 : start command "commit_param -step design"
RUN-1001 : Print Global Property
RUN-1001 : --------------------------------------------------------
RUN-1001 :   Parameters   |  Settings  |  Default Values  |  Note  
RUN-1001 : --------------------------------------------------------
RUN-1001 :   enable_seed  |    off     |       off        |        
RUN-1001 :     message    |  standard  |     standard     |        
RUN-1001 :   qor_monitor  |     on     |        on        |        
RUN-1001 :   syn_ip_flow  |    off     |       off        |        
RUN-1001 :     thread     |    auto    |       auto       |        
RUN-1001 : --------------------------------------------------------
RUN-1001 : Print Design Property
RUN-1001 : ----------------------------------------------------------------
RUN-1001 :       Parameters       |  Settings  |  Default Values  |  Note  
RUN-1001 : ----------------------------------------------------------------
RUN-1001 :   default_reg_initial  |    auto    |       auto       |        
RUN-1001 :    hdl_warning_level   |   normal   |      normal      |        
RUN-1001 : ----------------------------------------------------------------
HDL-1007 : analyze verilog file al_ip/PLL.v
HDL-1007 : undeclared symbol 'PLL_open0', assumed default net type 'wire' in al_ip/PLL.v(78)
HDL-1007 : undeclared symbol 'PLL_open8', assumed default net type 'wire' in al_ip/PLL.v(84)
HDL-1007 : undeclared symbol 'PLL_open7', assumed default net type 'wire' in al_ip/PLL.v(84)
HDL-1007 : undeclared symbol 'PLL_open6', assumed default net type 'wire' in al_ip/PLL.v(84)
HDL-1007 : undeclared symbol 'PLL_open5', assumed default net type 'wire' in al_ip/PLL.v(84)
HDL-1007 : undeclared symbol 'PLL_open4', assumed default net type 'wire' in al_ip/PLL.v(84)
HDL-1007 : undeclared symbol 'PLL_open3', assumed default net type 'wire' in al_ip/PLL.v(84)
HDL-1007 : undeclared symbol 'PLL_open2', assumed default net type 'wire' in al_ip/PLL.v(84)
HDL-1007 : undeclared symbol 'PLL_open1', assumed default net type 'wire' in al_ip/PLL.v(84)
HDL-1007 : undeclared symbol 'PLL_open11', assumed default net type 'wire' in al_ip/PLL.v(86)
HDL-1007 : undeclared symbol 'PLL_open10', assumed default net type 'wire' in al_ip/PLL.v(86)
HDL-1007 : undeclared symbol 'PLL_open9', assumed default net type 'wire' in al_ip/PLL.v(86)
HDL-1007 : analyze verilog file al_ip/PLL_HDMI_AUDIO.v
HDL-1007 : undeclared symbol 'PLL_HDMI_AUDIO_open0', assumed default net type 'wire' in al_ip/PLL_HDMI_AUDIO.v(85)
HDL-1007 : undeclared symbol 'PLL_HDMI_AUDIO_open8', assumed default net type 'wire' in al_ip/PLL_HDMI_AUDIO.v(91)
HDL-1007 : undeclared symbol 'PLL_HDMI_AUDIO_open7', assumed default net type 'wire' in al_ip/PLL_HDMI_AUDIO.v(91)
HDL-1007 : undeclared symbol 'PLL_HDMI_AUDIO_open6', assumed default net type 'wire' in al_ip/PLL_HDMI_AUDIO.v(91)
HDL-1007 : undeclared symbol 'PLL_HDMI_AUDIO_open5', assumed default net type 'wire' in al_ip/PLL_HDMI_AUDIO.v(91)
HDL-1007 : undeclared symbol 'PLL_HDMI_AUDIO_open4', assumed default net type 'wire' in al_ip/PLL_HDMI_AUDIO.v(91)
HDL-1007 : undeclared symbol 'PLL_HDMI_AUDIO_open3', assumed default net type 'wire' in al_ip/PLL_HDMI_AUDIO.v(91)
HDL-1007 : undeclared symbol 'PLL_HDMI_AUDIO_open2', assumed default net type 'wire' in al_ip/PLL_HDMI_AUDIO.v(91)
HDL-1007 : undeclared symbol 'PLL_HDMI_AUDIO_open1', assumed default net type 'wire' in al_ip/PLL_HDMI_AUDIO.v(91)
HDL-1007 : undeclared symbol 'PLL_HDMI_AUDIO_open10', assumed default net type 'wire' in al_ip/PLL_HDMI_AUDIO.v(93)
HDL-1007 : undeclared symbol 'PLL_HDMI_AUDIO_open9', assumed default net type 'wire' in al_ip/PLL_HDMI_AUDIO.v(93)
HDL-1007 : analyze verilog file ../user_source/hdl_source/design_top_wrapper.v
HDL-1007 : analyze verilog file ../user_source/hdl_source/video_source_test.v
HDL-1007 : analyze verilog file ../user_source/hdl_source/key_remove_shakes.v
HDL-1007 : analyze verilog file ../user_source/hdl_source/I2S_receiver.v
HDL-1007 : analyze verilog file ../user_source/hdl_source/audio_arc_calculate.v
HDL-1007 : analyze verilog file ../user_source/hdl_source/hdmi_phy_warpper.v
HDL-1007 : analyze verilog file ../user_source/hdl_source/lane_lvds_10_1.v
HDL-1007 : analyze verilog file ../user_source/hdl_source/hdmi1.4b_transmitter_core/hdmi_1_4b_transmitter_core_wrapper.enc.v
HDL-1007 : undeclared symbol '**', assumed default net type '**' in ../user_source/hdl_source/hdmi1.4b_transmitter_core/hdmi_1_4b_transmitter_core_wrapper.enc.v(2614)
HDL-1007 : undeclared symbol '**', assumed default net type '**' in ../user_source/hdl_source/hdmi1.4b_transmitter_core/hdmi_1_4b_transmitter_core_wrapper.enc.v(2716)
HDL-1007 : undeclared symbol '**', assumed default net type '**' in ../user_source/hdl_source/hdmi1.4b_transmitter_core/hdmi_1_4b_transmitter_core_wrapper.enc.v(2724)
HDL-1007 : undeclared symbol '**', assumed default net type '**' in ../user_source/hdl_source/hdmi1.4b_transmitter_core/hdmi_1_4b_transmitter_core_wrapper.enc.v(4936)
HDL-1007 : undeclared symbol '**', assumed default net type '**' in ../user_source/hdl_source/hdmi1.4b_transmitter_core/hdmi_1_4b_transmitter_core_wrapper.enc.v(5989)
HDL-1007 : back to file '../user_source/hdl_source/hdmi1.4b_transmitter_core/hdmi_1_4b_transmitter_core_wrapper.enc.v' in ../user_source/hdl_source/hdmi1.4b_transmitter_core/hdmi_1_4b_transmitter_core_wrapper.enc.v(77)
HDL-1007 : analyze verilog file ../user_source/hdl_source/test/design_top_i2s_test_pll.v
HDL-1007 : analyze verilog file ../user_source/hdl_source/test/i2s_test_tone_gen_pll.v
