============================================================
   Tang Dynasty, V6.2.168116
   Copyright (c) 2012-2025 Anlogic Inc.
   Executable = D:/Tools/Anlogic/TD_6.2/bin/td.exe
   Built at =   16:32:07 Jun 12 2025
   Run by =     zbrmyyds
   Run Date =   Tue Apr 21 10:20:49 2026

   Run on =     LAPTOP-ER898QR8
============================================================
RUN-1002 : start command "import_db C:/Users/zbrmyyds/Desktop/anlu/FPGA_Prj/I2S/transmitor/APUG092_HDMI1.4b_Transmitter_V1.4/src/td_project/HDMI1.4b_Transmitter_v1.0_Runs/phy_1/HDMI1.4b_Transmitter_v1.0_pr.db"
RUN-1001 : Importing database generated by Tang Dynasty, V6.2.168116.
RUN-1001 : Database version number 46207
RUN-1001 : Import flow parameters
RUN-1001 : Import netlist
PHY-1001 : Generate detailed routing grids ...
PHY-1001 : End build routing graph; 2.240317s wall, 2.140625s user + 0.093750s system = 2.234375s CPU (99.7%)

PHY-1001 : Build lut bridge;  0.044778s wall, 0.031250s user + 0.000000s system = 0.031250s CPU (69.8%)

PHY-1001 : Generate nets ...
PHY-1001 : net clk_dup_1 will be routed on clock mesh
PHY-1001 : net U3/u2_ram/SDRAM_CLK will be routed on clock mesh
PHY-1001 : net U3/u2_ram/u1_init_ref/Sdr_clk will be routed on clock mesh
PHY-1001 : clock net sd_card_bmp_m0/clk will be merged with clock sys_pll_m0/clk0_buf
PHY-1001 : net u_hdmi_audio_tone_i2s_64fs/I_mclk will be routed on clock mesh
PHY-1001 : clock net u_I2S_receiver/I_clk will be merged with clock video_pll_m0/clk0_buf
PHY-1001 : clock net u_audio_pll/clk0_out will be merged with clock u_audio_pll/clk0_buf
PHY-1001 : net u_hdmi2phy_wrapper/u0_lane_lvds_8_1/I_serial_clk will be routed on clock mesh
PHY-1001 : eco open net = 0
PHY-1001 : 99 feed throughs used by 75 nets
RUN-1001 : Import phy database
RUN-1001 : Import timing constraints
RUN-1001 : Import IO constraints
RUN-1001 : Import Inst constraints
RUN-1001 : Import ChipWatcher
RUN-1001 : Import design success TD_VERSION=6.2.168116 , DB_VERSION=46207
RUN-1003 : finish command "import_db C:/Users/zbrmyyds/Desktop/anlu/FPGA_Prj/I2S/transmitor/APUG092_HDMI1.4b_Transmitter_V1.4/src/td_project/HDMI1.4b_Transmitter_v1.0_Runs/phy_1/HDMI1.4b_Transmitter_v1.0_pr.db" in  3.483140s wall, 3.343750s user + 0.187500s system = 3.531250s CPU (101.4%)

RUN-1004 : used memory is 596 MB, reserved memory is 564 MB, peak memory is 661 MB
PRJ-1412 : reset_run syn_1 phy_1.
PRJ-1409 : launch_runs syn_1 phy_1  -jobs 6.
PRJ-1410 : Run syn_1 success.
RUN-1002 : start command "save_best_bits"
PRJ-1424 : The implemented result of phy_1 is saved as best result.
PRJ-1410 : Run phy_1 success.
RUN-1002 : start command "import_db C:/Users/zbrmyyds/Desktop/anlu/FPGA_Prj/I2S/transmitor/APUG092_HDMI1.4b_Transmitter_V1.4/src/td_project/HDMI1.4b_Transmitter_v1.0_Runs/phy_1/HDMI1.4b_Transmitter_v1.0_pr.db"
RUN-1001 : Importing database generated by Tang Dynasty, V6.2.168116.
RUN-1001 : Database version number 46207
RUN-1001 : Import flow parameters
RUN-1001 : Import netlist
PHY-1001 : Generate detailed routing grids ...
PHY-1001 : End build routing graph; 1.012943s wall, 0.953125s user + 0.046875s system = 1.000000s CPU (98.7%)

PHY-1001 : Build lut bridge;  0.095022s wall, 0.093750s user + 0.015625s system = 0.109375s CPU (115.1%)

PHY-1001 : Generate nets ...
PHY-1001 : net clk_dup_1 will be routed on clock mesh
PHY-1001 : net U3/u2_ram/SDRAM_CLK will be routed on clock mesh
PHY-1001 : net U3/u2_ram/u1_init_ref/Sdr_clk will be routed on clock mesh
PHY-1001 : clock net sd_card_bmp_m0/clk will be merged with clock sys_pll_m0/clk0_buf
PHY-1001 : net u_hdmi_audio_tone_i2s_64fs/I_mclk will be routed on clock mesh
PHY-1001 : clock net u_I2S_receiver/I_clk will be merged with clock video_pll_m0/clk0_buf
PHY-1001 : clock net u_audio_pll/clk0_out will be merged with clock u_audio_pll/clk0_buf
PHY-1001 : net u_hdmi2phy_wrapper/u0_lane_lvds_8_1/I_serial_clk will be routed on clock mesh
PHY-1001 : eco open net = 0
PHY-1001 : 91 feed throughs used by 66 nets
RUN-1001 : Import phy database
RUN-1001 : Import timing constraints
RUN-1001 : Import IO constraints
RUN-1001 : Import Inst constraints
RUN-1001 : Import ChipWatcher
RUN-1001 : Import design success TD_VERSION=6.2.168116 , DB_VERSION=46207
RUN-1003 : finish command "import_db C:/Users/zbrmyyds/Desktop/anlu/FPGA_Prj/I2S/transmitor/APUG092_HDMI1.4b_Transmitter_V1.4/src/td_project/HDMI1.4b_Transmitter_v1.0_Runs/phy_1/HDMI1.4b_Transmitter_v1.0_pr.db" in  3.971443s wall, 3.718750s user + 0.187500s system = 3.906250s CPU (98.4%)

RUN-1004 : used memory is 615 MB, reserved memory is 585 MB, peak memory is 680 MB
RUN-1002 : start command "commit_param -step design"
RUN-1001 : Print Global Property
RUN-1001 : --------------------------------------------------------
RUN-1001 :   Parameters   |  Settings  |  Default Values  |  Note  
RUN-1001 : --------------------------------------------------------
RUN-1001 :   enable_seed  |    off     |       off        |        
RUN-1001 :     message    |  standard  |     standard     |        
RUN-1001 :   qor_monitor  |     on     |        on        |        
RUN-1001 :   syn_ip_flow  |    off     |       off        |        
RUN-1001 :     thread     |    auto    |       auto       |        
RUN-1001 : --------------------------------------------------------
RUN-1001 : Print Design Property
RUN-1001 : ----------------------------------------------------------------
RUN-1001 :       Parameters       |  Settings  |  Default Values  |  Note  
RUN-1001 : ----------------------------------------------------------------
RUN-1001 :   default_reg_initial  |    auto    |       auto       |        
RUN-1001 :    hdl_warning_level   |   normal   |      normal      |        
RUN-1001 : ----------------------------------------------------------------
HDL-1007 : analyze verilog file ../user_source/hdl_source/ip/afifo_16_32_256.v
HDL-1007 : analyze verilog file ../user_source/hdl_source/ip/afifo_32_16_256.v
HDL-1007 : analyze verilog file ../user_source/hdl_source/ip/sys_pll.v
HDL-1007 : undeclared symbol 'open', assumed default net type 'wire' in ../user_source/hdl_source/ip/sys_pll.v(77)
HDL-1007 : analyze verilog file ../user_source/hdl_source/ip/video_pll.v
HDL-1007 : undeclared symbol 'open', assumed default net type 'wire' in ../user_source/hdl_source/ip/video_pll.v(70)
HDL-1007 : analyze verilog file al_ip/AUDIO_SAMPLE_ROM.v
HDL-1007 : analyze verilog file al_ip/PLL.v
HDL-1007 : undeclared symbol 'PLL_open0', assumed default net type 'wire' in al_ip/PLL.v(78)
HDL-1007 : undeclared symbol 'PLL_open8', assumed default net type 'wire' in al_ip/PLL.v(84)
HDL-1007 : undeclared symbol 'PLL_open7', assumed default net type 'wire' in al_ip/PLL.v(84)
HDL-1007 : undeclared symbol 'PLL_open6', assumed default net type 'wire' in al_ip/PLL.v(84)
HDL-1007 : undeclared symbol 'PLL_open5', assumed default net type 'wire' in al_ip/PLL.v(84)
HDL-1007 : undeclared symbol 'PLL_open4', assumed default net type 'wire' in al_ip/PLL.v(84)
HDL-1007 : undeclared symbol 'PLL_open3', assumed default net type 'wire' in al_ip/PLL.v(84)
HDL-1007 : undeclared symbol 'PLL_open2', assumed default net type 'wire' in al_ip/PLL.v(84)
HDL-1007 : undeclared symbol 'PLL_open1', assumed default net type 'wire' in al_ip/PLL.v(84)
HDL-1007 : undeclared symbol 'PLL_open11', assumed default net type 'wire' in al_ip/PLL.v(86)
HDL-1007 : undeclared symbol 'PLL_open10', assumed default net type 'wire' in al_ip/PLL.v(86)
HDL-1007 : undeclared symbol 'PLL_open9', assumed default net type 'wire' in al_ip/PLL.v(86)
HDL-1007 : analyze verilog file al_ip/PLL_HDMI_AUDIO.v
HDL-1007 : undeclared symbol 'PLL_HDMI_AUDIO_open0', assumed default net type 'wire' in al_ip/PLL_HDMI_AUDIO.v(85)
HDL-1007 : undeclared symbol 'PLL_HDMI_AUDIO_open8', assumed default net type 'wire' in al_ip/PLL_HDMI_AUDIO.v(91)
HDL-1007 : undeclared symbol 'PLL_HDMI_AUDIO_open7', assumed default net type 'wire' in al_ip/PLL_HDMI_AUDIO.v(91)
HDL-1007 : undeclared symbol 'PLL_HDMI_AUDIO_open6', assumed default net type 'wire' in al_ip/PLL_HDMI_AUDIO.v(91)
HDL-1007 : undeclared symbol 'PLL_HDMI_AUDIO_open5', assumed default net type 'wire' in al_ip/PLL_HDMI_AUDIO.v(91)
HDL-1007 : undeclared symbol 'PLL_HDMI_AUDIO_open4', assumed default net type 'wire' in al_ip/PLL_HDMI_AUDIO.v(91)
HDL-1007 : undeclared symbol 'PLL_HDMI_AUDIO_open3', assumed default net type 'wire' in al_ip/PLL_HDMI_AUDIO.v(91)
HDL-1007 : undeclared symbol 'PLL_HDMI_AUDIO_open2', assumed default net type 'wire' in al_ip/PLL_HDMI_AUDIO.v(91)
HDL-1007 : undeclared symbol 'PLL_HDMI_AUDIO_open1', assumed default net type 'wire' in al_ip/PLL_HDMI_AUDIO.v(91)
HDL-1007 : undeclared symbol 'PLL_HDMI_AUDIO_open10', assumed default net type 'wire' in al_ip/PLL_HDMI_AUDIO.v(93)
HDL-1007 : undeclared symbol 'PLL_HDMI_AUDIO_open9', assumed default net type 'wire' in al_ip/PLL_HDMI_AUDIO.v(93)
HDL-1007 : analyze verilog file ../user_source/hdl_source/video_source_test.v
HDL-1007 : analyze verilog file ../user_source/hdl_source/key_remove_shakes.v
HDL-1007 : analyze verilog file ../user_source/hdl_source/I2S_receiver.v
HDL-1007 : analyze verilog file ../user_source/hdl_source/audio_arc_calculate.v
HDL-1007 : analyze verilog file ../user_source/hdl_source/hdmi_phy_warpper.v
HDL-1007 : analyze verilog file ../user_source/hdl_source/lane_lvds_10_1.v
HDL-1007 : analyze verilog file ../user_source/hdl_source/hdmi1.4b_transmitter_core/hdmi_1_4b_transmitter_core_wrapper.enc.v
HDL-1007 : undeclared symbol '**', assumed default net type '**' in ../user_source/hdl_source/hdmi1.4b_transmitter_core/hdmi_1_4b_transmitter_core_wrapper.enc.v(2614)
HDL-1007 : undeclared symbol '**', assumed default net type '**' in ../user_source/hdl_source/hdmi1.4b_transmitter_core/hdmi_1_4b_transmitter_core_wrapper.enc.v(2716)
HDL-1007 : undeclared symbol '**', assumed default net type '**' in ../user_source/hdl_source/hdmi1.4b_transmitter_core/hdmi_1_4b_transmitter_core_wrapper.enc.v(2724)
HDL-1007 : undeclared symbol '**', assumed default net type '**' in ../user_source/hdl_source/hdmi1.4b_transmitter_core/hdmi_1_4b_transmitter_core_wrapper.enc.v(4936)
HDL-1007 : undeclared symbol '**', assumed default net type '**' in ../user_source/hdl_source/hdmi1.4b_transmitter_core/hdmi_1_4b_transmitter_core_wrapper.enc.v(5989)
HDL-1007 : back to file '../user_source/hdl_source/hdmi1.4b_transmitter_core/hdmi_1_4b_transmitter_core_wrapper.enc.v' in ../user_source/hdl_source/hdmi1.4b_transmitter_core/hdmi_1_4b_transmitter_core_wrapper.enc.v(77)
HDL-1007 : analyze verilog file ../user_source/hdl_source/test/i2s_test_tone_gen_pll.v
HDL-1007 : analyze verilog file ../user_source/hdl_source/rom/i2s_rom_player_single_pll_fix64_rom_ip.v
HDL-1007 : analyze verilog file ../user_source/hdl_source/top_tf_hdmi_audio.v
HDL-1007 : analyze verilog file ../user_source/hdl_source/SD/ax_debounce.v
HDL-1007 : analyze verilog file ../user_source/hdl_source/SD/bmp_read.v
HDL-1007 : analyze verilog file ../user_source/hdl_source/SD/color_bar.v
HDL-1007 : analyze included file ../user_source/hdl_source/SD/video_define.v in ../user_source/hdl_source/SD/color_bar.v(2)
HDL-1007 : back to file '../user_source/hdl_source/SD/color_bar.v' in ../user_source/hdl_source/SD/color_bar.v(2)
HDL-1007 : analyze verilog file ../user_source/hdl_source/SD/frame_fifo_read.v
HDL-1007 : analyze verilog file ../user_source/hdl_source/SD/frame_fifo_write.v
HDL-1007 : analyze verilog file ../user_source/hdl_source/SD/frame_read_write.v
HDL-1007 : analyze verilog file ../user_source/hdl_source/SD/sd_card_bmp.v
HDL-1007 : analyze verilog file ../user_source/hdl_source/SD/seg_decoder.v
HDL-1007 : analyze verilog file ../user_source/hdl_source/SD/seg_scan.v
HDL-1007 : analyze verilog file ../user_source/hdl_source/SD/video_delay.v
HDL-1007 : analyze verilog file ../user_source/hdl_source/SD/video_timing_data.v
HDL-1007 : analyze verilog file ../user_source/hdl_source/hdmi_audio_tone_i2s_64fs.v
HDL-1007 : analyze verilog file ../user_source/hdl_source/startup_pulse.v
HDL-1007 : analyze verilog file ../user_source/hdl_source/video_rgb_to_axis_640x480.v
HDL-1007 : analyze verilog file ../user_source/hdl_source/SD/sd_card_cmd.v
HDL-1007 : analyze verilog file ../user_source/hdl_source/SD/sd_card_sec_read_write.v
HDL-1007 : analyze verilog file ../user_source/hdl_source/SD/sd_card_top.v
HDL-1007 : analyze verilog file ../user_source/hdl_source/SD/spi_master.v
HDL-1007 : analyze verilog file ../user_source/hdl_source/SD/sdram.v
HDL-1007 : analyze included file ../user_source/hdl_source/include/global_def.v in ../user_source/hdl_source/SD/sdram.v(10)
HDL-1007 : back to file '../user_source/hdl_source/SD/sdram.v' in ../user_source/hdl_source/SD/sdram.v(10)
HDL-1007 : undeclared symbol 'SDR_CKE', assumed default net type 'wire' in ../user_source/hdl_source/SD/sdram.v(89)
HDL-1007 : analyze verilog file ../user_source/hdl_source/include/sdr_as_ram.enc.v
HDL-1007 : analyze included file ../user_source/hdl_source/include/global_def.v in ../user_source/hdl_source/include/sdr_as_ram.enc.v(10)
HDL-1007 : back to file '../user_source/hdl_source/include/sdr_as_ram.enc.v' in ../user_source/hdl_source/include/sdr_as_ram.enc.v(10)
HDL-1007 : back to file '../user_source/hdl_source/include/sdr_as_ram.enc.v' in ../user_source/hdl_source/include/sdr_as_ram.enc.v(45)
HDL-1007 : analyze verilog file ../user_source/hdl_source/include/sdr_init_ref.enc.v
HDL-1007 : analyze included file ../user_source/hdl_source/include/global_def.v in ../user_source/hdl_source/include/sdr_init_ref.enc.v(11)
HDL-1007 : back to file '../user_source/hdl_source/include/sdr_init_ref.enc.v' in ../user_source/hdl_source/include/sdr_init_ref.enc.v(11)
HDL-1007 : undeclared symbol '**', assumed default net type '**' in ../user_source/hdl_source/include/sdr_init_ref.enc.v(57)
HDL-1007 : back to file '../user_source/hdl_source/include/sdr_init_ref.enc.v' in ../user_source/hdl_source/include/sdr_init_ref.enc.v(149)
HDL-5007 WARNING: concatenation with an unsized literal will be treated as 32 bits in ../user_source/hdl_source/include/sdr_init_ref.enc.v(47)
HDL-1007 : analyze verilog file ../user_source/hdl_source/include/sdr_wrrd.enc.v
HDL-5007 WARNING: concatenation with an unsized literal will be treated as 32 bits in ../user_source/hdl_source/include/sdr_wrrd.enc.v(283)
HDL-1007 : back to file '../user_source/hdl_source/include/sdr_wrrd.enc.v' in ../user_source/hdl_source/include/sdr_wrrd.enc.v(19)
RUN-1002 : start command "commit_param -step design"
RUN-1001 : Print Global Property
RUN-1001 : --------------------------------------------------------
RUN-1001 :   Parameters   |  Settings  |  Default Values  |  Note  
RUN-1001 : --------------------------------------------------------
RUN-1001 :   enable_seed  |    off     |       off        |        
RUN-1001 :     message    |  standard  |     standard     |        
RUN-1001 :   qor_monitor  |     on     |        on        |        
RUN-1001 :   syn_ip_flow  |    off     |       off        |        
RUN-1001 :     thread     |    auto    |       auto       |        
RUN-1001 : --------------------------------------------------------
RUN-1001 : Print Design Property
RUN-1001 : ----------------------------------------------------------------
RUN-1001 :       Parameters       |  Settings  |  Default Values  |  Note  
RUN-1001 : ----------------------------------------------------------------
RUN-1001 :   default_reg_initial  |    auto    |       auto       |        
RUN-1001 :    hdl_warning_level   |   normal   |      normal      |        
RUN-1001 : ----------------------------------------------------------------
HDL-1007 : analyze verilog file ../user_source/hdl_source/ip/afifo_16_32_256.v
HDL-1007 : analyze verilog file ../user_source/hdl_source/ip/afifo_32_16_256.v
HDL-1007 : analyze verilog file ../user_source/hdl_source/ip/sys_pll.v
HDL-1007 : undeclared symbol 'open', assumed default net type 'wire' in ../user_source/hdl_source/ip/sys_pll.v(77)
HDL-1007 : analyze verilog file ../user_source/hdl_source/ip/video_pll.v
HDL-1007 : undeclared symbol 'open', assumed default net type 'wire' in ../user_source/hdl_source/ip/video_pll.v(70)
HDL-1007 : analyze verilog file al_ip/AUDIO_SAMPLE_ROM.v
HDL-1007 : analyze verilog file al_ip/PLL.v
HDL-1007 : undeclared symbol 'PLL_open0', assumed default net type 'wire' in al_ip/PLL.v(78)
HDL-1007 : undeclared symbol 'PLL_open8', assumed default net type 'wire' in al_ip/PLL.v(84)
HDL-1007 : undeclared symbol 'PLL_open7', assumed default net type 'wire' in al_ip/PLL.v(84)
HDL-1007 : undeclared symbol 'PLL_open6', assumed default net type 'wire' in al_ip/PLL.v(84)
HDL-1007 : undeclared symbol 'PLL_open5', assumed default net type 'wire' in al_ip/PLL.v(84)
HDL-1007 : undeclared symbol 'PLL_open4', assumed default net type 'wire' in al_ip/PLL.v(84)
HDL-1007 : undeclared symbol 'PLL_open3', assumed default net type 'wire' in al_ip/PLL.v(84)
HDL-1007 : undeclared symbol 'PLL_open2', assumed default net type 'wire' in al_ip/PLL.v(84)
HDL-1007 : undeclared symbol 'PLL_open1', assumed default net type 'wire' in al_ip/PLL.v(84)
HDL-1007 : undeclared symbol 'PLL_open11', assumed default net type 'wire' in al_ip/PLL.v(86)
HDL-1007 : undeclared symbol 'PLL_open10', assumed default net type 'wire' in al_ip/PLL.v(86)
HDL-1007 : undeclared symbol 'PLL_open9', assumed default net type 'wire' in al_ip/PLL.v(86)
HDL-1007 : analyze verilog file al_ip/PLL_HDMI_AUDIO.v
HDL-1007 : undeclared symbol 'PLL_HDMI_AUDIO_open0', assumed default net type 'wire' in al_ip/PLL_HDMI_AUDIO.v(85)
HDL-1007 : undeclared symbol 'PLL_HDMI_AUDIO_open8', assumed default net type 'wire' in al_ip/PLL_HDMI_AUDIO.v(91)
HDL-1007 : undeclared symbol 'PLL_HDMI_AUDIO_open7', assumed default net type 'wire' in al_ip/PLL_HDMI_AUDIO.v(91)
HDL-1007 : undeclared symbol 'PLL_HDMI_AUDIO_open6', assumed default net type 'wire' in al_ip/PLL_HDMI_AUDIO.v(91)
HDL-1007 : undeclared symbol 'PLL_HDMI_AUDIO_open5', assumed default net type 'wire' in al_ip/PLL_HDMI_AUDIO.v(91)
HDL-1007 : undeclared symbol 'PLL_HDMI_AUDIO_open4', assumed default net type 'wire' in al_ip/PLL_HDMI_AUDIO.v(91)
HDL-1007 : undeclared symbol 'PLL_HDMI_AUDIO_open3', assumed default net type 'wire' in al_ip/PLL_HDMI_AUDIO.v(91)
HDL-1007 : undeclared symbol 'PLL_HDMI_AUDIO_open2', assumed default net type 'wire' in al_ip/PLL_HDMI_AUDIO.v(91)
HDL-1007 : undeclared symbol 'PLL_HDMI_AUDIO_open1', assumed default net type 'wire' in al_ip/PLL_HDMI_AUDIO.v(91)
HDL-1007 : undeclared symbol 'PLL_HDMI_AUDIO_open10', assumed default net type 'wire' in al_ip/PLL_HDMI_AUDIO.v(93)
HDL-1007 : undeclared symbol 'PLL_HDMI_AUDIO_open9', assumed default net type 'wire' in al_ip/PLL_HDMI_AUDIO.v(93)
HDL-1007 : analyze verilog file ../user_source/hdl_source/video_source_test.v
HDL-1007 : analyze verilog file ../user_source/hdl_source/key_remove_shakes.v
HDL-1007 : analyze verilog file ../user_source/hdl_source/I2S_receiver.v
HDL-1007 : analyze verilog file ../user_source/hdl_source/audio_arc_calculate.v
HDL-1007 : analyze verilog file ../user_source/hdl_source/hdmi_phy_warpper.v
HDL-1007 : analyze verilog file ../user_source/hdl_source/lane_lvds_10_1.v
HDL-1007 : analyze verilog file ../user_source/hdl_source/hdmi1.4b_transmitter_core/hdmi_1_4b_transmitter_core_wrapper.enc.v
HDL-1007 : undeclared symbol '**', assumed default net type '**' in ../user_source/hdl_source/hdmi1.4b_transmitter_core/hdmi_1_4b_transmitter_core_wrapper.enc.v(2614)
HDL-1007 : undeclared symbol '**', assumed default net type '**' in ../user_source/hdl_source/hdmi1.4b_transmitter_core/hdmi_1_4b_transmitter_core_wrapper.enc.v(2716)
HDL-1007 : undeclared symbol '**', assumed default net type '**' in ../user_source/hdl_source/hdmi1.4b_transmitter_core/hdmi_1_4b_transmitter_core_wrapper.enc.v(2724)
HDL-1007 : undeclared symbol '**', assumed default net type '**' in ../user_source/hdl_source/hdmi1.4b_transmitter_core/hdmi_1_4b_transmitter_core_wrapper.enc.v(4936)
HDL-1007 : undeclared symbol '**', assumed default net type '**' in ../user_source/hdl_source/hdmi1.4b_transmitter_core/hdmi_1_4b_transmitter_core_wrapper.enc.v(5989)
HDL-1007 : back to file '../user_source/hdl_source/hdmi1.4b_transmitter_core/hdmi_1_4b_transmitter_core_wrapper.enc.v' in ../user_source/hdl_source/hdmi1.4b_transmitter_core/hdmi_1_4b_transmitter_core_wrapper.enc.v(77)
HDL-1007 : analyze verilog file ../user_source/hdl_source/test/i2s_test_tone_gen_pll.v
HDL-1007 : analyze verilog file ../user_source/hdl_source/rom/i2s_rom_player_single_pll_fix64_rom_ip.v
HDL-1007 : analyze verilog file ../user_source/hdl_source/top_tf_hdmi_audio.v
HDL-1007 : analyze verilog file ../user_source/hdl_source/SD/ax_debounce.v
HDL-1007 : analyze verilog file ../user_source/hdl_source/SD/bmp_read.v
HDL-1007 : analyze verilog file ../user_source/hdl_source/SD/color_bar.v
HDL-1007 : analyze included file ../user_source/hdl_source/SD/video_define.v in ../user_source/hdl_source/SD/color_bar.v(2)
HDL-1007 : back to file '../user_source/hdl_source/SD/color_bar.v' in ../user_source/hdl_source/SD/color_bar.v(2)
HDL-1007 : analyze verilog file ../user_source/hdl_source/SD/frame_fifo_read.v
HDL-1007 : analyze verilog file ../user_source/hdl_source/SD/frame_fifo_write.v
HDL-1007 : analyze verilog file ../user_source/hdl_source/SD/frame_read_write.v
HDL-1007 : analyze verilog file ../user_source/hdl_source/SD/sd_card_bmp.v
HDL-1007 : analyze verilog file ../user_source/hdl_source/SD/seg_decoder.v
HDL-1007 : analyze verilog file ../user_source/hdl_source/SD/seg_scan.v
HDL-1007 : analyze verilog file ../user_source/hdl_source/SD/video_delay.v
HDL-1007 : analyze verilog file ../user_source/hdl_source/SD/video_timing_data.v
HDL-1007 : analyze verilog file ../user_source/hdl_source/hdmi_audio_tone_i2s_64fs.v
HDL-1007 : analyze verilog file ../user_source/hdl_source/startup_pulse.v
HDL-1007 : analyze verilog file ../user_source/hdl_source/video_rgb_to_axis_640x480.v
HDL-1007 : analyze verilog file ../user_source/hdl_source/SD/sd_card_cmd.v
HDL-1007 : analyze verilog file ../user_source/hdl_source/SD/sd_card_sec_read_write.v
HDL-1007 : analyze verilog file ../user_source/hdl_source/SD/sd_card_top.v
HDL-1007 : analyze verilog file ../user_source/hdl_source/SD/spi_master.v
HDL-1007 : analyze verilog file ../user_source/hdl_source/SD/sdram.v
HDL-1007 : analyze included file ../user_source/hdl_source/include/global_def.v in ../user_source/hdl_source/SD/sdram.v(10)
HDL-1007 : back to file '../user_source/hdl_source/SD/sdram.v' in ../user_source/hdl_source/SD/sdram.v(10)
HDL-1007 : undeclared symbol 'SDR_CKE', assumed default net type 'wire' in ../user_source/hdl_source/SD/sdram.v(89)
HDL-1007 : analyze verilog file ../user_source/hdl_source/include/sdr_as_ram.enc.v
HDL-1007 : analyze included file ../user_source/hdl_source/include/global_def.v in ../user_source/hdl_source/include/sdr_as_ram.enc.v(10)
HDL-1007 : back to file '../user_source/hdl_source/include/sdr_as_ram.enc.v' in ../user_source/hdl_source/include/sdr_as_ram.enc.v(10)
HDL-1007 : back to file '../user_source/hdl_source/include/sdr_as_ram.enc.v' in ../user_source/hdl_source/include/sdr_as_ram.enc.v(45)
HDL-1007 : analyze verilog file ../user_source/hdl_source/include/sdr_init_ref.enc.v
HDL-1007 : analyze included file ../user_source/hdl_source/include/global_def.v in ../user_source/hdl_source/include/sdr_init_ref.enc.v(11)
HDL-1007 : back to file '../user_source/hdl_source/include/sdr_init_ref.enc.v' in ../user_source/hdl_source/include/sdr_init_ref.enc.v(11)
HDL-1007 : undeclared symbol '**', assumed default net type '**' in ../user_source/hdl_source/include/sdr_init_ref.enc.v(57)
HDL-1007 : back to file '../user_source/hdl_source/include/sdr_init_ref.enc.v' in ../user_source/hdl_source/include/sdr_init_ref.enc.v(149)
HDL-5007 WARNING: concatenation with an unsized literal will be treated as 32 bits in ../user_source/hdl_source/include/sdr_init_ref.enc.v(47)
HDL-1007 : analyze verilog file ../user_source/hdl_source/include/sdr_wrrd.enc.v
HDL-5007 WARNING: concatenation with an unsized literal will be treated as 32 bits in ../user_source/hdl_source/include/sdr_wrrd.enc.v(283)
HDL-1007 : back to file '../user_source/hdl_source/include/sdr_wrrd.enc.v' in ../user_source/hdl_source/include/sdr_wrrd.enc.v(19)
PRJ-1412 : reset_run syn_1 phy_1.
PRJ-1409 : launch_runs syn_1 phy_1  -jobs 6.
PRJ-1410 : Run syn_1 success.
PRJ-1410 : Run phy_1 success.
RUN-1002 : start command "save_best_bits"
PRJ-1424 : The implemented result of phy_1 is saved as best result.
RUN-1002 : start command "import_db C:/Users/zbrmyyds/Desktop/anlu/FPGA_Prj/I2S/transmitor/APUG092_HDMI1.4b_Transmitter_V1.4/src/td_project/HDMI1.4b_Transmitter_v1.0_Runs/phy_1/HDMI1.4b_Transmitter_v1.0_pr.db"
RUN-1001 : Importing database generated by Tang Dynasty, V6.2.168116.
RUN-1001 : Database version number 46207
RUN-1001 : Import flow parameters
RUN-1001 : Import netlist
PHY-1001 : Generate detailed routing grids ...
PHY-1001 : End build routing graph; 0.946724s wall, 0.875000s user + 0.156250s system = 1.031250s CPU (108.9%)

PHY-1001 : Build lut bridge;  0.093405s wall, 0.093750s user + 0.015625s system = 0.109375s CPU (117.1%)

PHY-1001 : Generate nets ...
PHY-1001 : net clk_dup_1 will be routed on clock mesh
PHY-1001 : net U3/u2_ram/SDRAM_CLK will be routed on clock mesh
PHY-1001 : net U3/u2_ram/u1_init_ref/Sdr_clk will be routed on clock mesh
PHY-1001 : net u_hdmi_audio_tone_i2s_64fs/I_mclk will be routed on clock mesh
PHY-1001 : clock net sd_card_bmp_m0/bmp_read_m0/clk will be merged with clock sys_pll_m0/clk0_buf
PHY-1001 : clock net u_I2S_receiver/I_clk will be merged with clock video_pll_m0/clk0_buf
PHY-1001 : clock net u_audio_pll/clk0_out will be merged with clock u_audio_pll/clk0_buf
PHY-1001 : net u_hdmi2phy_wrapper/u0_lane_lvds_8_1/I_serial_clk will be routed on clock mesh
PHY-1001 : eco open net = 0
PHY-1001 : 120 feed throughs used by 79 nets
RUN-1001 : Import phy database
RUN-1001 : Import timing constraints
RUN-1001 : Import IO constraints
RUN-1001 : Import Inst constraints
RUN-1001 : Import ChipWatcher
RUN-1001 : Import design success TD_VERSION=6.2.168116 , DB_VERSION=46207
RUN-1003 : finish command "import_db C:/Users/zbrmyyds/Desktop/anlu/FPGA_Prj/I2S/transmitor/APUG092_HDMI1.4b_Transmitter_V1.4/src/td_project/HDMI1.4b_Transmitter_v1.0_Runs/phy_1/HDMI1.4b_Transmitter_v1.0_pr.db" in  3.721072s wall, 3.656250s user + 0.343750s system = 4.000000s CPU (107.5%)

RUN-1004 : used memory is 638 MB, reserved memory is 606 MB, peak memory is 700 MB
RUN-1002 : start command "commit_param -step design"
RUN-1001 : Print Global Property
RUN-1001 : --------------------------------------------------------
RUN-1001 :   Parameters   |  Settings  |  Default Values  |  Note  
RUN-1001 : --------------------------------------------------------
RUN-1001 :   enable_seed  |    off     |       off        |        
RUN-1001 :     message    |  standard  |     standard     |        
RUN-1001 :   qor_monitor  |     on     |        on        |        
RUN-1001 :   syn_ip_flow  |    off     |       off        |        
RUN-1001 :     thread     |    auto    |       auto       |        
RUN-1001 : --------------------------------------------------------
RUN-1001 : Print Design Property
RUN-1001 : ----------------------------------------------------------------
RUN-1001 :       Parameters       |  Settings  |  Default Values  |  Note  
RUN-1001 : ----------------------------------------------------------------
RUN-1001 :   default_reg_initial  |    auto    |       auto       |        
RUN-1001 :    hdl_warning_level   |   normal   |      normal      |        
RUN-1001 : ----------------------------------------------------------------
HDL-1007 : analyze verilog file ../user_source/hdl_source/ip/afifo_16_32_256.v
HDL-1007 : analyze verilog file ../user_source/hdl_source/ip/afifo_32_16_256.v
HDL-1007 : analyze verilog file ../user_source/hdl_source/ip/sys_pll.v
HDL-1007 : undeclared symbol 'open', assumed default net type 'wire' in ../user_source/hdl_source/ip/sys_pll.v(77)
HDL-1007 : analyze verilog file ../user_source/hdl_source/ip/video_pll.v
HDL-1007 : undeclared symbol 'open', assumed default net type 'wire' in ../user_source/hdl_source/ip/video_pll.v(70)
HDL-1007 : analyze verilog file al_ip/AUDIO_SAMPLE_ROM.v
HDL-1007 : analyze verilog file al_ip/PLL.v
HDL-1007 : undeclared symbol 'PLL_open0', assumed default net type 'wire' in al_ip/PLL.v(78)
HDL-1007 : undeclared symbol 'PLL_open8', assumed default net type 'wire' in al_ip/PLL.v(84)
HDL-1007 : undeclared symbol 'PLL_open7', assumed default net type 'wire' in al_ip/PLL.v(84)
HDL-1007 : undeclared symbol 'PLL_open6', assumed default net type 'wire' in al_ip/PLL.v(84)
HDL-1007 : undeclared symbol 'PLL_open5', assumed default net type 'wire' in al_ip/PLL.v(84)
HDL-1007 : undeclared symbol 'PLL_open4', assumed default net type 'wire' in al_ip/PLL.v(84)
HDL-1007 : undeclared symbol 'PLL_open3', assumed default net type 'wire' in al_ip/PLL.v(84)
HDL-1007 : undeclared symbol 'PLL_open2', assumed default net type 'wire' in al_ip/PLL.v(84)
HDL-1007 : undeclared symbol 'PLL_open1', assumed default net type 'wire' in al_ip/PLL.v(84)
HDL-1007 : undeclared symbol 'PLL_open11', assumed default net type 'wire' in al_ip/PLL.v(86)
HDL-1007 : undeclared symbol 'PLL_open10', assumed default net type 'wire' in al_ip/PLL.v(86)
HDL-1007 : undeclared symbol 'PLL_open9', assumed default net type 'wire' in al_ip/PLL.v(86)
HDL-1007 : analyze verilog file al_ip/PLL_HDMI_AUDIO.v
HDL-1007 : undeclared symbol 'PLL_HDMI_AUDIO_open0', assumed default net type 'wire' in al_ip/PLL_HDMI_AUDIO.v(85)
HDL-1007 : undeclared symbol 'PLL_HDMI_AUDIO_open8', assumed default net type 'wire' in al_ip/PLL_HDMI_AUDIO.v(91)
HDL-1007 : undeclared symbol 'PLL_HDMI_AUDIO_open7', assumed default net type 'wire' in al_ip/PLL_HDMI_AUDIO.v(91)
HDL-1007 : undeclared symbol 'PLL_HDMI_AUDIO_open6', assumed default net type 'wire' in al_ip/PLL_HDMI_AUDIO.v(91)
HDL-1007 : undeclared symbol 'PLL_HDMI_AUDIO_open5', assumed default net type 'wire' in al_ip/PLL_HDMI_AUDIO.v(91)
HDL-1007 : undeclared symbol 'PLL_HDMI_AUDIO_open4', assumed default net type 'wire' in al_ip/PLL_HDMI_AUDIO.v(91)
HDL-1007 : undeclared symbol 'PLL_HDMI_AUDIO_open3', assumed default net type 'wire' in al_ip/PLL_HDMI_AUDIO.v(91)
HDL-1007 : undeclared symbol 'PLL_HDMI_AUDIO_open2', assumed default net type 'wire' in al_ip/PLL_HDMI_AUDIO.v(91)
HDL-1007 : undeclared symbol 'PLL_HDMI_AUDIO_open1', assumed default net type 'wire' in al_ip/PLL_HDMI_AUDIO.v(91)
HDL-1007 : undeclared symbol 'PLL_HDMI_AUDIO_open10', assumed default net type 'wire' in al_ip/PLL_HDMI_AUDIO.v(93)
HDL-1007 : undeclared symbol 'PLL_HDMI_AUDIO_open9', assumed default net type 'wire' in al_ip/PLL_HDMI_AUDIO.v(93)
HDL-1007 : analyze verilog file ../user_source/hdl_source/video_source_test.v
HDL-1007 : analyze verilog file ../user_source/hdl_source/key_remove_shakes.v
HDL-1007 : analyze verilog file ../user_source/hdl_source/I2S_receiver.v
HDL-1007 : analyze verilog file ../user_source/hdl_source/audio_arc_calculate.v
HDL-1007 : analyze verilog file ../user_source/hdl_source/hdmi_phy_warpper.v
HDL-1007 : analyze verilog file ../user_source/hdl_source/lane_lvds_10_1.v
HDL-1007 : analyze verilog file ../user_source/hdl_source/hdmi1.4b_transmitter_core/hdmi_1_4b_transmitter_core_wrapper.enc.v
HDL-1007 : undeclared symbol '**', assumed default net type '**' in ../user_source/hdl_source/hdmi1.4b_transmitter_core/hdmi_1_4b_transmitter_core_wrapper.enc.v(2614)
HDL-1007 : undeclared symbol '**', assumed default net type '**' in ../user_source/hdl_source/hdmi1.4b_transmitter_core/hdmi_1_4b_transmitter_core_wrapper.enc.v(2716)
HDL-1007 : undeclared symbol '**', assumed default net type '**' in ../user_source/hdl_source/hdmi1.4b_transmitter_core/hdmi_1_4b_transmitter_core_wrapper.enc.v(2724)
HDL-1007 : undeclared symbol '**', assumed default net type '**' in ../user_source/hdl_source/hdmi1.4b_transmitter_core/hdmi_1_4b_transmitter_core_wrapper.enc.v(4936)
HDL-1007 : undeclared symbol '**', assumed default net type '**' in ../user_source/hdl_source/hdmi1.4b_transmitter_core/hdmi_1_4b_transmitter_core_wrapper.enc.v(5989)
HDL-1007 : back to file '../user_source/hdl_source/hdmi1.4b_transmitter_core/hdmi_1_4b_transmitter_core_wrapper.enc.v' in ../user_source/hdl_source/hdmi1.4b_transmitter_core/hdmi_1_4b_transmitter_core_wrapper.enc.v(77)
HDL-1007 : analyze verilog file ../user_source/hdl_source/test/i2s_test_tone_gen_pll.v
HDL-1007 : analyze verilog file ../user_source/hdl_source/rom/i2s_rom_player_single_pll_fix64_rom_ip.v
HDL-1007 : analyze verilog file ../user_source/hdl_source/top_tf_hdmi_audio.v
HDL-1007 : analyze verilog file ../user_source/hdl_source/SD/ax_debounce.v
HDL-1007 : analyze verilog file ../user_source/hdl_source/SD/bmp_read.v
HDL-1007 : analyze verilog file ../user_source/hdl_source/SD/color_bar.v
HDL-1007 : analyze included file ../user_source/hdl_source/SD/video_define.v in ../user_source/hdl_source/SD/color_bar.v(2)
HDL-1007 : back to file '../user_source/hdl_source/SD/color_bar.v' in ../user_source/hdl_source/SD/color_bar.v(2)
HDL-1007 : analyze verilog file ../user_source/hdl_source/SD/frame_fifo_read.v
HDL-1007 : analyze verilog file ../user_source/hdl_source/SD/frame_fifo_write.v
HDL-1007 : analyze verilog file ../user_source/hdl_source/SD/frame_read_write.v
HDL-1007 : analyze verilog file ../user_source/hdl_source/SD/sd_card_bmp.v
HDL-1007 : analyze verilog file ../user_source/hdl_source/SD/seg_decoder.v
HDL-1007 : analyze verilog file ../user_source/hdl_source/SD/seg_scan.v
HDL-1007 : analyze verilog file ../user_source/hdl_source/SD/video_delay.v
HDL-1007 : analyze verilog file ../user_source/hdl_source/SD/video_timing_data.v
HDL-1007 : analyze verilog file ../user_source/hdl_source/hdmi_audio_tone_i2s_64fs.v
HDL-1007 : analyze verilog file ../user_source/hdl_source/startup_pulse.v
HDL-1007 : analyze verilog file ../user_source/hdl_source/video_rgb_to_axis_640x480.v
HDL-1007 : analyze verilog file ../user_source/hdl_source/SD/sd_card_cmd.v
HDL-1007 : analyze verilog file ../user_source/hdl_source/SD/sd_card_sec_read_write.v
HDL-1007 : analyze verilog file ../user_source/hdl_source/SD/sd_card_top.v
HDL-1007 : analyze verilog file ../user_source/hdl_source/SD/spi_master.v
HDL-1007 : analyze verilog file ../user_source/hdl_source/SD/sdram.v
HDL-1007 : analyze included file ../user_source/hdl_source/include/global_def.v in ../user_source/hdl_source/SD/sdram.v(10)
HDL-1007 : back to file '../user_source/hdl_source/SD/sdram.v' in ../user_source/hdl_source/SD/sdram.v(10)
HDL-1007 : undeclared symbol 'SDR_CKE', assumed default net type 'wire' in ../user_source/hdl_source/SD/sdram.v(89)
HDL-1007 : analyze verilog file ../user_source/hdl_source/include/sdr_as_ram.enc.v
HDL-1007 : analyze included file ../user_source/hdl_source/include/global_def.v in ../user_source/hdl_source/include/sdr_as_ram.enc.v(10)
HDL-1007 : back to file '../user_source/hdl_source/include/sdr_as_ram.enc.v' in ../user_source/hdl_source/include/sdr_as_ram.enc.v(10)
HDL-1007 : back to file '../user_source/hdl_source/include/sdr_as_ram.enc.v' in ../user_source/hdl_source/include/sdr_as_ram.enc.v(45)
HDL-1007 : analyze verilog file ../user_source/hdl_source/include/sdr_init_ref.enc.v
HDL-1007 : analyze included file ../user_source/hdl_source/include/global_def.v in ../user_source/hdl_source/include/sdr_init_ref.enc.v(11)
HDL-1007 : back to file '../user_source/hdl_source/include/sdr_init_ref.enc.v' in ../user_source/hdl_source/include/sdr_init_ref.enc.v(11)
HDL-1007 : undeclared symbol '**', assumed default net type '**' in ../user_source/hdl_source/include/sdr_init_ref.enc.v(57)
HDL-1007 : back to file '../user_source/hdl_source/include/sdr_init_ref.enc.v' in ../user_source/hdl_source/include/sdr_init_ref.enc.v(149)
HDL-5007 WARNING: concatenation with an unsized literal will be treated as 32 bits in ../user_source/hdl_source/include/sdr_init_ref.enc.v(47)
HDL-1007 : analyze verilog file ../user_source/hdl_source/include/sdr_wrrd.enc.v
HDL-5007 WARNING: concatenation with an unsized literal will be treated as 32 bits in ../user_source/hdl_source/include/sdr_wrrd.enc.v(283)
HDL-1007 : back to file '../user_source/hdl_source/include/sdr_wrrd.enc.v' in ../user_source/hdl_source/include/sdr_wrrd.enc.v(19)
RUN-1002 : start command "commit_param -step design"
RUN-1001 : Print Global Property
RUN-1001 : --------------------------------------------------------
RUN-1001 :   Parameters   |  Settings  |  Default Values  |  Note  
RUN-1001 : --------------------------------------------------------
RUN-1001 :   enable_seed  |    off     |       off        |        
RUN-1001 :     message    |  standard  |     standard     |        
RUN-1001 :   qor_monitor  |     on     |        on        |        
RUN-1001 :   syn_ip_flow  |    off     |       off        |        
RUN-1001 :     thread     |    auto    |       auto       |        
RUN-1001 : --------------------------------------------------------
RUN-1001 : Print Design Property
RUN-1001 : ----------------------------------------------------------------
RUN-1001 :       Parameters       |  Settings  |  Default Values  |  Note  
RUN-1001 : ----------------------------------------------------------------
RUN-1001 :   default_reg_initial  |    auto    |       auto       |        
RUN-1001 :    hdl_warning_level   |   normal   |      normal      |        
RUN-1001 : ----------------------------------------------------------------
HDL-1007 : analyze verilog file ../user_source/hdl_source/ip/afifo_16_32_256.v
HDL-1007 : analyze verilog file ../user_source/hdl_source/ip/afifo_32_16_256.v
HDL-1007 : analyze verilog file ../user_source/hdl_source/ip/sys_pll.v
HDL-1007 : undeclared symbol 'open', assumed default net type 'wire' in ../user_source/hdl_source/ip/sys_pll.v(77)
HDL-1007 : analyze verilog file ../user_source/hdl_source/ip/video_pll.v
HDL-1007 : undeclared symbol 'open', assumed default net type 'wire' in ../user_source/hdl_source/ip/video_pll.v(70)
HDL-1007 : analyze verilog file al_ip/AUDIO_SAMPLE_ROM.v
HDL-1007 : analyze verilog file al_ip/PLL.v
HDL-1007 : undeclared symbol 'PLL_open0', assumed default net type 'wire' in al_ip/PLL.v(78)
HDL-1007 : undeclared symbol 'PLL_open8', assumed default net type 'wire' in al_ip/PLL.v(84)
HDL-1007 : undeclared symbol 'PLL_open7', assumed default net type 'wire' in al_ip/PLL.v(84)
HDL-1007 : undeclared symbol 'PLL_open6', assumed default net type 'wire' in al_ip/PLL.v(84)
HDL-1007 : undeclared symbol 'PLL_open5', assumed default net type 'wire' in al_ip/PLL.v(84)
HDL-1007 : undeclared symbol 'PLL_open4', assumed default net type 'wire' in al_ip/PLL.v(84)
HDL-1007 : undeclared symbol 'PLL_open3', assumed default net type 'wire' in al_ip/PLL.v(84)
HDL-1007 : undeclared symbol 'PLL_open2', assumed default net type 'wire' in al_ip/PLL.v(84)
HDL-1007 : undeclared symbol 'PLL_open1', assumed default net type 'wire' in al_ip/PLL.v(84)
HDL-1007 : undeclared symbol 'PLL_open11', assumed default net type 'wire' in al_ip/PLL.v(86)
HDL-1007 : undeclared symbol 'PLL_open10', assumed default net type 'wire' in al_ip/PLL.v(86)
HDL-1007 : undeclared symbol 'PLL_open9', assumed default net type 'wire' in al_ip/PLL.v(86)
HDL-1007 : analyze verilog file al_ip/PLL_HDMI_AUDIO.v
HDL-1007 : undeclared symbol 'PLL_HDMI_AUDIO_open0', assumed default net type 'wire' in al_ip/PLL_HDMI_AUDIO.v(85)
HDL-1007 : undeclared symbol 'PLL_HDMI_AUDIO_open8', assumed default net type 'wire' in al_ip/PLL_HDMI_AUDIO.v(91)
HDL-1007 : undeclared symbol 'PLL_HDMI_AUDIO_open7', assumed default net type 'wire' in al_ip/PLL_HDMI_AUDIO.v(91)
HDL-1007 : undeclared symbol 'PLL_HDMI_AUDIO_open6', assumed default net type 'wire' in al_ip/PLL_HDMI_AUDIO.v(91)
HDL-1007 : undeclared symbol 'PLL_HDMI_AUDIO_open5', assumed default net type 'wire' in al_ip/PLL_HDMI_AUDIO.v(91)
HDL-1007 : undeclared symbol 'PLL_HDMI_AUDIO_open4', assumed default net type 'wire' in al_ip/PLL_HDMI_AUDIO.v(91)
HDL-1007 : undeclared symbol 'PLL_HDMI_AUDIO_open3', assumed default net type 'wire' in al_ip/PLL_HDMI_AUDIO.v(91)
HDL-1007 : undeclared symbol 'PLL_HDMI_AUDIO_open2', assumed default net type 'wire' in al_ip/PLL_HDMI_AUDIO.v(91)
HDL-1007 : undeclared symbol 'PLL_HDMI_AUDIO_open1', assumed default net type 'wire' in al_ip/PLL_HDMI_AUDIO.v(91)
HDL-1007 : undeclared symbol 'PLL_HDMI_AUDIO_open10', assumed default net type 'wire' in al_ip/PLL_HDMI_AUDIO.v(93)
HDL-1007 : undeclared symbol 'PLL_HDMI_AUDIO_open9', assumed default net type 'wire' in al_ip/PLL_HDMI_AUDIO.v(93)
HDL-1007 : analyze verilog file ../user_source/hdl_source/video_source_test.v
HDL-1007 : analyze verilog file ../user_source/hdl_source/key_remove_shakes.v
HDL-1007 : analyze verilog file ../user_source/hdl_source/I2S_receiver.v
HDL-1007 : analyze verilog file ../user_source/hdl_source/audio_arc_calculate.v
HDL-1007 : analyze verilog file ../user_source/hdl_source/hdmi_phy_warpper.v
HDL-1007 : analyze verilog file ../user_source/hdl_source/lane_lvds_10_1.v
HDL-1007 : analyze verilog file ../user_source/hdl_source/hdmi1.4b_transmitter_core/hdmi_1_4b_transmitter_core_wrapper.enc.v
HDL-1007 : undeclared symbol '**', assumed default net type '**' in ../user_source/hdl_source/hdmi1.4b_transmitter_core/hdmi_1_4b_transmitter_core_wrapper.enc.v(2614)
HDL-1007 : undeclared symbol '**', assumed default net type '**' in ../user_source/hdl_source/hdmi1.4b_transmitter_core/hdmi_1_4b_transmitter_core_wrapper.enc.v(2716)
HDL-1007 : undeclared symbol '**', assumed default net type '**' in ../user_source/hdl_source/hdmi1.4b_transmitter_core/hdmi_1_4b_transmitter_core_wrapper.enc.v(2724)
HDL-1007 : undeclared symbol '**', assumed default net type '**' in ../user_source/hdl_source/hdmi1.4b_transmitter_core/hdmi_1_4b_transmitter_core_wrapper.enc.v(4936)
HDL-1007 : undeclared symbol '**', assumed default net type '**' in ../user_source/hdl_source/hdmi1.4b_transmitter_core/hdmi_1_4b_transmitter_core_wrapper.enc.v(5989)
HDL-1007 : back to file '../user_source/hdl_source/hdmi1.4b_transmitter_core/hdmi_1_4b_transmitter_core_wrapper.enc.v' in ../user_source/hdl_source/hdmi1.4b_transmitter_core/hdmi_1_4b_transmitter_core_wrapper.enc.v(77)
HDL-1007 : analyze verilog file ../user_source/hdl_source/test/i2s_test_tone_gen_pll.v
HDL-1007 : analyze verilog file ../user_source/hdl_source/rom/i2s_rom_player_single_pll_fix64_rom_ip.v
HDL-1007 : analyze verilog file ../user_source/hdl_source/top_tf_hdmi_audio.v
HDL-1007 : analyze verilog file ../user_source/hdl_source/SD/ax_debounce.v
HDL-1007 : analyze verilog file ../user_source/hdl_source/SD/bmp_read.v
HDL-1007 : analyze verilog file ../user_source/hdl_source/SD/color_bar.v
HDL-1007 : analyze included file ../user_source/hdl_source/SD/video_define.v in ../user_source/hdl_source/SD/color_bar.v(2)
HDL-1007 : back to file '../user_source/hdl_source/SD/color_bar.v' in ../user_source/hdl_source/SD/color_bar.v(2)
HDL-1007 : analyze verilog file ../user_source/hdl_source/SD/frame_fifo_read.v
HDL-1007 : analyze verilog file ../user_source/hdl_source/SD/frame_fifo_write.v
HDL-1007 : analyze verilog file ../user_source/hdl_source/SD/frame_read_write.v
HDL-1007 : analyze verilog file ../user_source/hdl_source/SD/sd_card_bmp.v
HDL-1007 : analyze verilog file ../user_source/hdl_source/SD/seg_decoder.v
HDL-1007 : analyze verilog file ../user_source/hdl_source/SD/seg_scan.v
HDL-1007 : analyze verilog file ../user_source/hdl_source/SD/video_delay.v
HDL-1007 : analyze verilog file ../user_source/hdl_source/SD/video_timing_data.v
HDL-1007 : analyze verilog file ../user_source/hdl_source/hdmi_audio_tone_i2s_64fs.v
HDL-1007 : analyze verilog file ../user_source/hdl_source/startup_pulse.v
HDL-1007 : analyze verilog file ../user_source/hdl_source/video_rgb_to_axis_640x480.v
HDL-1007 : analyze verilog file ../user_source/hdl_source/SD/sd_card_cmd.v
HDL-1007 : analyze verilog file ../user_source/hdl_source/SD/sd_card_sec_read_write.v
HDL-1007 : analyze verilog file ../user_source/hdl_source/SD/sd_card_top.v
HDL-1007 : analyze verilog file ../user_source/hdl_source/SD/spi_master.v
HDL-1007 : analyze verilog file ../user_source/hdl_source/SD/sdram.v
HDL-1007 : analyze included file ../user_source/hdl_source/include/global_def.v in ../user_source/hdl_source/SD/sdram.v(10)
HDL-1007 : back to file '../user_source/hdl_source/SD/sdram.v' in ../user_source/hdl_source/SD/sdram.v(10)
HDL-1007 : undeclared symbol 'SDR_CKE', assumed default net type 'wire' in ../user_source/hdl_source/SD/sdram.v(89)
HDL-1007 : analyze verilog file ../user_source/hdl_source/include/sdr_as_ram.enc.v
HDL-1007 : analyze included file ../user_source/hdl_source/include/global_def.v in ../user_source/hdl_source/include/sdr_as_ram.enc.v(10)
HDL-1007 : back to file '../user_source/hdl_source/include/sdr_as_ram.enc.v' in ../user_source/hdl_source/include/sdr_as_ram.enc.v(10)
HDL-1007 : back to file '../user_source/hdl_source/include/sdr_as_ram.enc.v' in ../user_source/hdl_source/include/sdr_as_ram.enc.v(45)
HDL-1007 : analyze verilog file ../user_source/hdl_source/include/sdr_init_ref.enc.v
HDL-1007 : analyze included file ../user_source/hdl_source/include/global_def.v in ../user_source/hdl_source/include/sdr_init_ref.enc.v(11)
HDL-1007 : back to file '../user_source/hdl_source/include/sdr_init_ref.enc.v' in ../user_source/hdl_source/include/sdr_init_ref.enc.v(11)
HDL-1007 : undeclared symbol '**', assumed default net type '**' in ../user_source/hdl_source/include/sdr_init_ref.enc.v(57)
HDL-1007 : back to file '../user_source/hdl_source/include/sdr_init_ref.enc.v' in ../user_source/hdl_source/include/sdr_init_ref.enc.v(149)
HDL-5007 WARNING: concatenation with an unsized literal will be treated as 32 bits in ../user_source/hdl_source/include/sdr_init_ref.enc.v(47)
HDL-1007 : analyze verilog file ../user_source/hdl_source/include/sdr_wrrd.enc.v
HDL-5007 WARNING: concatenation with an unsized literal will be treated as 32 bits in ../user_source/hdl_source/include/sdr_wrrd.enc.v(283)
HDL-1007 : back to file '../user_source/hdl_source/include/sdr_wrrd.enc.v' in ../user_source/hdl_source/include/sdr_wrrd.enc.v(19)
HDL-1007 : analyze verilog file ../user_source/hdl_source/hdmi_audio_tone_pcm_scale.v
PRJ-1412 : reset_run syn_1 phy_1.
PRJ-1409 : launch_runs syn_1 phy_1  -jobs 6.
PRJ-1410 : Run syn_1 success.
PRJ-1410 : Run phy_1 success.
RUN-1002 : start command "save_best_bits"
PRJ-1424 : The implemented result of phy_1 is saved as best result.
RUN-1002 : start command "import_db C:/Users/zbrmyyds/Desktop/anlu/FPGA_Prj/I2S/transmitor/APUG092_HDMI1.4b_Transmitter_V1.4/src/td_project/HDMI1.4b_Transmitter_v1.0_Runs/phy_1/HDMI1.4b_Transmitter_v1.0_pr.db"
RUN-1001 : Importing database generated by Tang Dynasty, V6.2.168116.
RUN-1001 : Database version number 46207
RUN-1001 : Import flow parameters
RUN-1001 : Import netlist
PHY-1001 : Generate detailed routing grids ...
PHY-1001 : End build routing graph; 0.972898s wall, 0.890625s user + 0.234375s system = 1.125000s CPU (115.6%)

PHY-1001 : Build lut bridge;  0.098768s wall, 0.078125s user + 0.015625s system = 0.093750s CPU (94.9%)

PHY-1001 : Generate nets ...
PHY-1001 : net clk_dup_1 will be routed on clock mesh
PHY-1001 : clock net video_clk will be merged with clock video_pll_m0/clk0_buf
PHY-1001 : net U3/u2_ram/SDRAM_CLK will be routed on clock mesh
PHY-1001 : net U3/u2_ram/u1_init_ref/Sdr_clk will be routed on clock mesh
PHY-1001 : clock net sd_card_bmp_m0/bmp_read_m0/clk will be merged with clock sys_pll_m0/clk0_buf
PHY-1001 : net u_hdmi2phy_wrapper/u0_lane_lvds_8_1/I_serial_clk will be routed on clock mesh
PHY-1001 : eco open net = 0
PHY-1001 : 95 feed throughs used by 75 nets
RUN-1001 : Import phy database
RUN-1001 : Import timing constraints
RUN-1001 : Import IO constraints
RUN-1001 : Import Inst constraints
RUN-1001 : Import ChipWatcher
RUN-1001 : Import design success TD_VERSION=6.2.168116 , DB_VERSION=46207
RUN-1003 : finish command "import_db C:/Users/zbrmyyds/Desktop/anlu/FPGA_Prj/I2S/transmitor/APUG092_HDMI1.4b_Transmitter_V1.4/src/td_project/HDMI1.4b_Transmitter_v1.0_Runs/phy_1/HDMI1.4b_Transmitter_v1.0_pr.db" in  3.773022s wall, 3.484375s user + 0.625000s system = 4.109375s CPU (108.9%)

RUN-1004 : used memory is 660 MB, reserved memory is 603 MB, peak memory is 722 MB
RUN-1002 : start command "commit_param -step design"
RUN-1001 : Print Global Property
RUN-1001 : --------------------------------------------------------
RUN-1001 :   Parameters   |  Settings  |  Default Values  |  Note  
RUN-1001 : --------------------------------------------------------
RUN-1001 :   enable_seed  |    off     |       off        |        
RUN-1001 :     message    |  standard  |     standard     |        
RUN-1001 :   qor_monitor  |     on     |        on        |        
RUN-1001 :   syn_ip_flow  |    off     |       off        |        
RUN-1001 :     thread     |    auto    |       auto       |        
RUN-1001 : --------------------------------------------------------
RUN-1001 : Print Design Property
RUN-1001 : ----------------------------------------------------------------
RUN-1001 :       Parameters       |  Settings  |  Default Values  |  Note  
RUN-1001 : ----------------------------------------------------------------
RUN-1001 :   default_reg_initial  |    auto    |       auto       |        
RUN-1001 :    hdl_warning_level   |   normal   |      normal      |        
RUN-1001 : ----------------------------------------------------------------
HDL-1007 : analyze verilog file ../user_source/hdl_source/ip/afifo_16_32_256.v
HDL-1007 : analyze verilog file ../user_source/hdl_source/ip/afifo_32_16_256.v
HDL-1007 : analyze verilog file ../user_source/hdl_source/ip/sys_pll.v
HDL-1007 : undeclared symbol 'open', assumed default net type 'wire' in ../user_source/hdl_source/ip/sys_pll.v(77)
HDL-1007 : analyze verilog file ../user_source/hdl_source/ip/video_pll.v
HDL-1007 : undeclared symbol 'open', assumed default net type 'wire' in ../user_source/hdl_source/ip/video_pll.v(70)
HDL-1007 : analyze verilog file al_ip/AUDIO_SAMPLE_ROM.v
HDL-1007 : analyze verilog file al_ip/PLL.v
HDL-1007 : undeclared symbol 'PLL_open0', assumed default net type 'wire' in al_ip/PLL.v(78)
HDL-1007 : undeclared symbol 'PLL_open8', assumed default net type 'wire' in al_ip/PLL.v(84)
HDL-1007 : undeclared symbol 'PLL_open7', assumed default net type 'wire' in al_ip/PLL.v(84)
HDL-1007 : undeclared symbol 'PLL_open6', assumed default net type 'wire' in al_ip/PLL.v(84)
HDL-1007 : undeclared symbol 'PLL_open5', assumed default net type 'wire' in al_ip/PLL.v(84)
HDL-1007 : undeclared symbol 'PLL_open4', assumed default net type 'wire' in al_ip/PLL.v(84)
HDL-1007 : undeclared symbol 'PLL_open3', assumed default net type 'wire' in al_ip/PLL.v(84)
HDL-1007 : undeclared symbol 'PLL_open2', assumed default net type 'wire' in al_ip/PLL.v(84)
HDL-1007 : undeclared symbol 'PLL_open1', assumed default net type 'wire' in al_ip/PLL.v(84)
HDL-1007 : undeclared symbol 'PLL_open11', assumed default net type 'wire' in al_ip/PLL.v(86)
HDL-1007 : undeclared symbol 'PLL_open10', assumed default net type 'wire' in al_ip/PLL.v(86)
HDL-1007 : undeclared symbol 'PLL_open9', assumed default net type 'wire' in al_ip/PLL.v(86)
HDL-1007 : analyze verilog file al_ip/PLL_HDMI_AUDIO.v
HDL-1007 : undeclared symbol 'PLL_HDMI_AUDIO_open0', assumed default net type 'wire' in al_ip/PLL_HDMI_AUDIO.v(85)
HDL-1007 : undeclared symbol 'PLL_HDMI_AUDIO_open8', assumed default net type 'wire' in al_ip/PLL_HDMI_AUDIO.v(91)
HDL-1007 : undeclared symbol 'PLL_HDMI_AUDIO_open7', assumed default net type 'wire' in al_ip/PLL_HDMI_AUDIO.v(91)
HDL-1007 : undeclared symbol 'PLL_HDMI_AUDIO_open6', assumed default net type 'wire' in al_ip/PLL_HDMI_AUDIO.v(91)
HDL-1007 : undeclared symbol 'PLL_HDMI_AUDIO_open5', assumed default net type 'wire' in al_ip/PLL_HDMI_AUDIO.v(91)
HDL-1007 : undeclared symbol 'PLL_HDMI_AUDIO_open4', assumed default net type 'wire' in al_ip/PLL_HDMI_AUDIO.v(91)
HDL-1007 : undeclared symbol 'PLL_HDMI_AUDIO_open3', assumed default net type 'wire' in al_ip/PLL_HDMI_AUDIO.v(91)
HDL-1007 : undeclared symbol 'PLL_HDMI_AUDIO_open2', assumed default net type 'wire' in al_ip/PLL_HDMI_AUDIO.v(91)
HDL-1007 : undeclared symbol 'PLL_HDMI_AUDIO_open1', assumed default net type 'wire' in al_ip/PLL_HDMI_AUDIO.v(91)
HDL-1007 : undeclared symbol 'PLL_HDMI_AUDIO_open10', assumed default net type 'wire' in al_ip/PLL_HDMI_AUDIO.v(93)
HDL-1007 : undeclared symbol 'PLL_HDMI_AUDIO_open9', assumed default net type 'wire' in al_ip/PLL_HDMI_AUDIO.v(93)
HDL-1007 : analyze verilog file ../user_source/hdl_source/video_source_test.v
HDL-1007 : analyze verilog file ../user_source/hdl_source/key_remove_shakes.v
HDL-1007 : analyze verilog file ../user_source/hdl_source/I2S_receiver.v
HDL-1007 : analyze verilog file ../user_source/hdl_source/audio_arc_calculate.v
HDL-1007 : analyze verilog file ../user_source/hdl_source/hdmi_phy_warpper.v
HDL-1007 : analyze verilog file ../user_source/hdl_source/lane_lvds_10_1.v
HDL-1007 : analyze verilog file ../user_source/hdl_source/hdmi1.4b_transmitter_core/hdmi_1_4b_transmitter_core_wrapper.enc.v
HDL-1007 : undeclared symbol '**', assumed default net type '**' in ../user_source/hdl_source/hdmi1.4b_transmitter_core/hdmi_1_4b_transmitter_core_wrapper.enc.v(2614)
HDL-1007 : undeclared symbol '**', assumed default net type '**' in ../user_source/hdl_source/hdmi1.4b_transmitter_core/hdmi_1_4b_transmitter_core_wrapper.enc.v(2716)
HDL-1007 : undeclared symbol '**', assumed default net type '**' in ../user_source/hdl_source/hdmi1.4b_transmitter_core/hdmi_1_4b_transmitter_core_wrapper.enc.v(2724)
HDL-1007 : undeclared symbol '**', assumed default net type '**' in ../user_source/hdl_source/hdmi1.4b_transmitter_core/hdmi_1_4b_transmitter_core_wrapper.enc.v(4936)
HDL-1007 : undeclared symbol '**', assumed default net type '**' in ../user_source/hdl_source/hdmi1.4b_transmitter_core/hdmi_1_4b_transmitter_core_wrapper.enc.v(5989)
HDL-1007 : back to file '../user_source/hdl_source/hdmi1.4b_transmitter_core/hdmi_1_4b_transmitter_core_wrapper.enc.v' in ../user_source/hdl_source/hdmi1.4b_transmitter_core/hdmi_1_4b_transmitter_core_wrapper.enc.v(77)
HDL-1007 : analyze verilog file ../user_source/hdl_source/test/i2s_test_tone_gen_pll.v
HDL-1007 : analyze verilog file ../user_source/hdl_source/rom/i2s_rom_player_single_pll_fix64_rom_ip.v
HDL-1007 : analyze verilog file ../user_source/hdl_source/top_tf_hdmi_audio.v
HDL-1007 : analyze verilog file ../user_source/hdl_source/SD/ax_debounce.v
HDL-1007 : analyze verilog file ../user_source/hdl_source/SD/bmp_read.v
HDL-1007 : analyze verilog file ../user_source/hdl_source/SD/color_bar.v
HDL-1007 : analyze included file ../user_source/hdl_source/SD/video_define.v in ../user_source/hdl_source/SD/color_bar.v(2)
HDL-1007 : back to file '../user_source/hdl_source/SD/color_bar.v' in ../user_source/hdl_source/SD/color_bar.v(2)
HDL-1007 : analyze verilog file ../user_source/hdl_source/SD/frame_fifo_read.v
HDL-1007 : analyze verilog file ../user_source/hdl_source/SD/frame_fifo_write.v
HDL-1007 : analyze verilog file ../user_source/hdl_source/SD/frame_read_write.v
HDL-1007 : analyze verilog file ../user_source/hdl_source/SD/sd_card_bmp.v
HDL-1007 : analyze verilog file ../user_source/hdl_source/SD/seg_decoder.v
HDL-1007 : analyze verilog file ../user_source/hdl_source/SD/seg_scan.v
HDL-1007 : analyze verilog file ../user_source/hdl_source/SD/video_delay.v
HDL-1007 : analyze verilog file ../user_source/hdl_source/SD/video_timing_data.v
HDL-1007 : analyze verilog file ../user_source/hdl_source/hdmi_audio_tone_i2s_64fs.v
HDL-1007 : analyze verilog file ../user_source/hdl_source/startup_pulse.v
HDL-1007 : analyze verilog file ../user_source/hdl_source/video_rgb_to_axis_640x480.v
HDL-1007 : analyze verilog file ../user_source/hdl_source/SD/sd_card_cmd.v
HDL-1007 : analyze verilog file ../user_source/hdl_source/SD/sd_card_sec_read_write.v
HDL-1007 : analyze verilog file ../user_source/hdl_source/SD/sd_card_top.v
HDL-1007 : analyze verilog file ../user_source/hdl_source/SD/spi_master.v
HDL-1007 : analyze verilog file ../user_source/hdl_source/SD/sdram.v
HDL-1007 : analyze included file ../user_source/hdl_source/include/global_def.v in ../user_source/hdl_source/SD/sdram.v(10)
HDL-1007 : back to file '../user_source/hdl_source/SD/sdram.v' in ../user_source/hdl_source/SD/sdram.v(10)
HDL-1007 : undeclared symbol 'SDR_CKE', assumed default net type 'wire' in ../user_source/hdl_source/SD/sdram.v(89)
HDL-1007 : analyze verilog file ../user_source/hdl_source/include/sdr_as_ram.enc.v
HDL-1007 : analyze included file ../user_source/hdl_source/include/global_def.v in ../user_source/hdl_source/include/sdr_as_ram.enc.v(10)
HDL-1007 : back to file '../user_source/hdl_source/include/sdr_as_ram.enc.v' in ../user_source/hdl_source/include/sdr_as_ram.enc.v(10)
HDL-1007 : back to file '../user_source/hdl_source/include/sdr_as_ram.enc.v' in ../user_source/hdl_source/include/sdr_as_ram.enc.v(45)
HDL-1007 : analyze verilog file ../user_source/hdl_source/include/sdr_init_ref.enc.v
HDL-1007 : analyze included file ../user_source/hdl_source/include/global_def.v in ../user_source/hdl_source/include/sdr_init_ref.enc.v(11)
HDL-1007 : back to file '../user_source/hdl_source/include/sdr_init_ref.enc.v' in ../user_source/hdl_source/include/sdr_init_ref.enc.v(11)
HDL-1007 : undeclared symbol '**', assumed default net type '**' in ../user_source/hdl_source/include/sdr_init_ref.enc.v(57)
HDL-1007 : back to file '../user_source/hdl_source/include/sdr_init_ref.enc.v' in ../user_source/hdl_source/include/sdr_init_ref.enc.v(149)
HDL-5007 WARNING: concatenation with an unsized literal will be treated as 32 bits in ../user_source/hdl_source/include/sdr_init_ref.enc.v(47)
HDL-1007 : analyze verilog file ../user_source/hdl_source/include/sdr_wrrd.enc.v
HDL-5007 WARNING: concatenation with an unsized literal will be treated as 32 bits in ../user_source/hdl_source/include/sdr_wrrd.enc.v(283)
HDL-1007 : back to file '../user_source/hdl_source/include/sdr_wrrd.enc.v' in ../user_source/hdl_source/include/sdr_wrrd.enc.v(19)
HDL-1007 : analyze verilog file ../user_source/hdl_source/hdmi_audio_tone_pcm_scale.v
RUN-1002 : start command "commit_param -step design"
RUN-1001 : Print Global Property
RUN-1001 : --------------------------------------------------------
RUN-1001 :   Parameters   |  Settings  |  Default Values  |  Note  
RUN-1001 : --------------------------------------------------------
RUN-1001 :   enable_seed  |    off     |       off        |        
RUN-1001 :     message    |  standard  |     standard     |        
RUN-1001 :   qor_monitor  |     on     |        on        |        
RUN-1001 :   syn_ip_flow  |    off     |       off        |        
RUN-1001 :     thread     |    auto    |       auto       |        
RUN-1001 : --------------------------------------------------------
RUN-1001 : Print Design Property
RUN-1001 : ----------------------------------------------------------------
RUN-1001 :       Parameters       |  Settings  |  Default Values  |  Note  
RUN-1001 : ----------------------------------------------------------------
RUN-1001 :   default_reg_initial  |    auto    |       auto       |        
RUN-1001 :    hdl_warning_level   |   normal   |      normal      |        
RUN-1001 : ----------------------------------------------------------------
HDL-1007 : analyze verilog file ../user_source/hdl_source/ip/afifo_16_32_256.v
HDL-1007 : analyze verilog file ../user_source/hdl_source/ip/afifo_32_16_256.v
HDL-1007 : analyze verilog file ../user_source/hdl_source/ip/sys_pll.v
HDL-1007 : undeclared symbol 'open', assumed default net type 'wire' in ../user_source/hdl_source/ip/sys_pll.v(77)
HDL-1007 : analyze verilog file ../user_source/hdl_source/ip/video_pll.v
HDL-1007 : undeclared symbol 'open', assumed default net type 'wire' in ../user_source/hdl_source/ip/video_pll.v(70)
HDL-1007 : analyze verilog file al_ip/AUDIO_SAMPLE_ROM.v
HDL-1007 : analyze verilog file al_ip/PLL.v
HDL-1007 : undeclared symbol 'PLL_open0', assumed default net type 'wire' in al_ip/PLL.v(78)
HDL-1007 : undeclared symbol 'PLL_open8', assumed default net type 'wire' in al_ip/PLL.v(84)
HDL-1007 : undeclared symbol 'PLL_open7', assumed default net type 'wire' in al_ip/PLL.v(84)
HDL-1007 : undeclared symbol 'PLL_open6', assumed default net type 'wire' in al_ip/PLL.v(84)
HDL-1007 : undeclared symbol 'PLL_open5', assumed default net type 'wire' in al_ip/PLL.v(84)
HDL-1007 : undeclared symbol 'PLL_open4', assumed default net type 'wire' in al_ip/PLL.v(84)
HDL-1007 : undeclared symbol 'PLL_open3', assumed default net type 'wire' in al_ip/PLL.v(84)
HDL-1007 : undeclared symbol 'PLL_open2', assumed default net type 'wire' in al_ip/PLL.v(84)
HDL-1007 : undeclared symbol 'PLL_open1', assumed default net type 'wire' in al_ip/PLL.v(84)
HDL-1007 : undeclared symbol 'PLL_open11', assumed default net type 'wire' in al_ip/PLL.v(86)
HDL-1007 : undeclared symbol 'PLL_open10', assumed default net type 'wire' in al_ip/PLL.v(86)
HDL-1007 : undeclared symbol 'PLL_open9', assumed default net type 'wire' in al_ip/PLL.v(86)
HDL-1007 : analyze verilog file al_ip/PLL_HDMI_AUDIO.v
HDL-1007 : undeclared symbol 'PLL_HDMI_AUDIO_open0', assumed default net type 'wire' in al_ip/PLL_HDMI_AUDIO.v(85)
HDL-1007 : undeclared symbol 'PLL_HDMI_AUDIO_open8', assumed default net type 'wire' in al_ip/PLL_HDMI_AUDIO.v(91)
HDL-1007 : undeclared symbol 'PLL_HDMI_AUDIO_open7', assumed default net type 'wire' in al_ip/PLL_HDMI_AUDIO.v(91)
HDL-1007 : undeclared symbol 'PLL_HDMI_AUDIO_open6', assumed default net type 'wire' in al_ip/PLL_HDMI_AUDIO.v(91)
HDL-1007 : undeclared symbol 'PLL_HDMI_AUDIO_open5', assumed default net type 'wire' in al_ip/PLL_HDMI_AUDIO.v(91)
HDL-1007 : undeclared symbol 'PLL_HDMI_AUDIO_open4', assumed default net type 'wire' in al_ip/PLL_HDMI_AUDIO.v(91)
HDL-1007 : undeclared symbol 'PLL_HDMI_AUDIO_open3', assumed default net type 'wire' in al_ip/PLL_HDMI_AUDIO.v(91)
HDL-1007 : undeclared symbol 'PLL_HDMI_AUDIO_open2', assumed default net type 'wire' in al_ip/PLL_HDMI_AUDIO.v(91)
HDL-1007 : undeclared symbol 'PLL_HDMI_AUDIO_open1', assumed default net type 'wire' in al_ip/PLL_HDMI_AUDIO.v(91)
HDL-1007 : undeclared symbol 'PLL_HDMI_AUDIO_open10', assumed default net type 'wire' in al_ip/PLL_HDMI_AUDIO.v(93)
HDL-1007 : undeclared symbol 'PLL_HDMI_AUDIO_open9', assumed default net type 'wire' in al_ip/PLL_HDMI_AUDIO.v(93)
HDL-1007 : analyze verilog file ../user_source/hdl_source/video_source_test.v
HDL-1007 : analyze verilog file ../user_source/hdl_source/key_remove_shakes.v
HDL-1007 : analyze verilog file ../user_source/hdl_source/I2S_receiver.v
HDL-1007 : analyze verilog file ../user_source/hdl_source/audio_arc_calculate.v
HDL-1007 : analyze verilog file ../user_source/hdl_source/hdmi_phy_warpper.v
HDL-1007 : analyze verilog file ../user_source/hdl_source/lane_lvds_10_1.v
HDL-1007 : analyze verilog file ../user_source/hdl_source/hdmi1.4b_transmitter_core/hdmi_1_4b_transmitter_core_wrapper.enc.v
HDL-1007 : undeclared symbol '**', assumed default net type '**' in ../user_source/hdl_source/hdmi1.4b_transmitter_core/hdmi_1_4b_transmitter_core_wrapper.enc.v(2614)
HDL-1007 : undeclared symbol '**', assumed default net type '**' in ../user_source/hdl_source/hdmi1.4b_transmitter_core/hdmi_1_4b_transmitter_core_wrapper.enc.v(2716)
HDL-1007 : undeclared symbol '**', assumed default net type '**' in ../user_source/hdl_source/hdmi1.4b_transmitter_core/hdmi_1_4b_transmitter_core_wrapper.enc.v(2724)
HDL-1007 : undeclared symbol '**', assumed default net type '**' in ../user_source/hdl_source/hdmi1.4b_transmitter_core/hdmi_1_4b_transmitter_core_wrapper.enc.v(4936)
HDL-1007 : undeclared symbol '**', assumed default net type '**' in ../user_source/hdl_source/hdmi1.4b_transmitter_core/hdmi_1_4b_transmitter_core_wrapper.enc.v(5989)
HDL-1007 : back to file '../user_source/hdl_source/hdmi1.4b_transmitter_core/hdmi_1_4b_transmitter_core_wrapper.enc.v' in ../user_source/hdl_source/hdmi1.4b_transmitter_core/hdmi_1_4b_transmitter_core_wrapper.enc.v(77)
HDL-1007 : analyze verilog file ../user_source/hdl_source/test/i2s_test_tone_gen_pll.v
HDL-1007 : analyze verilog file ../user_source/hdl_source/rom/i2s_rom_player_single_pll_fix64_rom_ip.v
HDL-1007 : analyze verilog file ../user_source/hdl_source/top_tf_hdmi_audio.v
HDL-1007 : analyze verilog file ../user_source/hdl_source/SD/ax_debounce.v
HDL-1007 : analyze verilog file ../user_source/hdl_source/SD/bmp_read.v
HDL-1007 : analyze verilog file ../user_source/hdl_source/SD/color_bar.v
HDL-1007 : analyze included file ../user_source/hdl_source/SD/video_define.v in ../user_source/hdl_source/SD/color_bar.v(2)
HDL-1007 : back to file '../user_source/hdl_source/SD/color_bar.v' in ../user_source/hdl_source/SD/color_bar.v(2)
HDL-1007 : analyze verilog file ../user_source/hdl_source/SD/frame_fifo_read.v
HDL-1007 : analyze verilog file ../user_source/hdl_source/SD/frame_fifo_write.v
HDL-1007 : analyze verilog file ../user_source/hdl_source/SD/frame_read_write.v
HDL-1007 : analyze verilog file ../user_source/hdl_source/SD/sd_card_bmp.v
HDL-1007 : analyze verilog file ../user_source/hdl_source/SD/seg_decoder.v
HDL-1007 : analyze verilog file ../user_source/hdl_source/SD/seg_scan.v
HDL-1007 : analyze verilog file ../user_source/hdl_source/SD/video_delay.v
HDL-1007 : analyze verilog file ../user_source/hdl_source/SD/video_timing_data.v
HDL-1007 : analyze verilog file ../user_source/hdl_source/hdmi_audio_tone_i2s_64fs.v
HDL-1007 : analyze verilog file ../user_source/hdl_source/startup_pulse.v
HDL-1007 : analyze verilog file ../user_source/hdl_source/video_rgb_to_axis_640x480.v
HDL-1007 : analyze verilog file ../user_source/hdl_source/SD/sd_card_cmd.v
HDL-1007 : analyze verilog file ../user_source/hdl_source/SD/sd_card_sec_read_write.v
HDL-1007 : analyze verilog file ../user_source/hdl_source/SD/sd_card_top.v
HDL-1007 : analyze verilog file ../user_source/hdl_source/SD/spi_master.v
HDL-1007 : analyze verilog file ../user_source/hdl_source/SD/sdram.v
HDL-1007 : analyze included file ../user_source/hdl_source/include/global_def.v in ../user_source/hdl_source/SD/sdram.v(10)
HDL-1007 : back to file '../user_source/hdl_source/SD/sdram.v' in ../user_source/hdl_source/SD/sdram.v(10)
HDL-1007 : undeclared symbol 'SDR_CKE', assumed default net type 'wire' in ../user_source/hdl_source/SD/sdram.v(89)
HDL-1007 : analyze verilog file ../user_source/hdl_source/include/sdr_as_ram.enc.v
HDL-1007 : analyze included file ../user_source/hdl_source/include/global_def.v in ../user_source/hdl_source/include/sdr_as_ram.enc.v(10)
HDL-1007 : back to file '../user_source/hdl_source/include/sdr_as_ram.enc.v' in ../user_source/hdl_source/include/sdr_as_ram.enc.v(10)
HDL-1007 : back to file '../user_source/hdl_source/include/sdr_as_ram.enc.v' in ../user_source/hdl_source/include/sdr_as_ram.enc.v(45)
HDL-1007 : analyze verilog file ../user_source/hdl_source/include/sdr_init_ref.enc.v
HDL-1007 : analyze included file ../user_source/hdl_source/include/global_def.v in ../user_source/hdl_source/include/sdr_init_ref.enc.v(11)
HDL-1007 : back to file '../user_source/hdl_source/include/sdr_init_ref.enc.v' in ../user_source/hdl_source/include/sdr_init_ref.enc.v(11)
HDL-1007 : undeclared symbol '**', assumed default net type '**' in ../user_source/hdl_source/include/sdr_init_ref.enc.v(57)
HDL-1007 : back to file '../user_source/hdl_source/include/sdr_init_ref.enc.v' in ../user_source/hdl_source/include/sdr_init_ref.enc.v(149)
HDL-5007 WARNING: concatenation with an unsized literal will be treated as 32 bits in ../user_source/hdl_source/include/sdr_init_ref.enc.v(47)
HDL-1007 : analyze verilog file ../user_source/hdl_source/include/sdr_wrrd.enc.v
HDL-5007 WARNING: concatenation with an unsized literal will be treated as 32 bits in ../user_source/hdl_source/include/sdr_wrrd.enc.v(283)
HDL-1007 : back to file '../user_source/hdl_source/include/sdr_wrrd.enc.v' in ../user_source/hdl_source/include/sdr_wrrd.enc.v(19)
HDL-1007 : analyze verilog file ../user_source/hdl_source/hdmi_audio_tone_pcm_scale.v
RUN-1002 : start command "commit_param -step design"
RUN-1001 : Print Global Property
RUN-1001 : --------------------------------------------------------
RUN-1001 :   Parameters   |  Settings  |  Default Values  |  Note  
RUN-1001 : --------------------------------------------------------
RUN-1001 :   enable_seed  |    off     |       off        |        
RUN-1001 :     message    |  standard  |     standard     |        
RUN-1001 :   qor_monitor  |     on     |        on        |        
RUN-1001 :   syn_ip_flow  |    off     |       off        |        
RUN-1001 :     thread     |    auto    |       auto       |        
RUN-1001 : --------------------------------------------------------
RUN-1001 : Print Design Property
RUN-1001 : ----------------------------------------------------------------
RUN-1001 :       Parameters       |  Settings  |  Default Values  |  Note  
RUN-1001 : ----------------------------------------------------------------
RUN-1001 :   default_reg_initial  |    auto    |       auto       |        
RUN-1001 :    hdl_warning_level   |   normal   |      normal      |        
RUN-1001 : ----------------------------------------------------------------
HDL-1007 : analyze verilog file ../user_source/hdl_source/ip/afifo_16_32_256.v
HDL-1007 : analyze verilog file ../user_source/hdl_source/ip/afifo_32_16_256.v
HDL-1007 : analyze verilog file ../user_source/hdl_source/ip/sys_pll.v
HDL-1007 : undeclared symbol 'open', assumed default net type 'wire' in ../user_source/hdl_source/ip/sys_pll.v(77)
HDL-1007 : analyze verilog file ../user_source/hdl_source/ip/video_pll.v
HDL-1007 : undeclared symbol 'open', assumed default net type 'wire' in ../user_source/hdl_source/ip/video_pll.v(70)
HDL-1007 : analyze verilog file al_ip/AUDIO_SAMPLE_ROM.v
HDL-1007 : analyze verilog file al_ip/PLL.v
HDL-1007 : undeclared symbol 'PLL_open0', assumed default net type 'wire' in al_ip/PLL.v(78)
HDL-1007 : undeclared symbol 'PLL_open8', assumed default net type 'wire' in al_ip/PLL.v(84)
HDL-1007 : undeclared symbol 'PLL_open7', assumed default net type 'wire' in al_ip/PLL.v(84)
HDL-1007 : undeclared symbol 'PLL_open6', assumed default net type 'wire' in al_ip/PLL.v(84)
HDL-1007 : undeclared symbol 'PLL_open5', assumed default net type 'wire' in al_ip/PLL.v(84)
HDL-1007 : undeclared symbol 'PLL_open4', assumed default net type 'wire' in al_ip/PLL.v(84)
HDL-1007 : undeclared symbol 'PLL_open3', assumed default net type 'wire' in al_ip/PLL.v(84)
HDL-1007 : undeclared symbol 'PLL_open2', assumed default net type 'wire' in al_ip/PLL.v(84)
HDL-1007 : undeclared symbol 'PLL_open1', assumed default net type 'wire' in al_ip/PLL.v(84)
HDL-1007 : undeclared symbol 'PLL_open11', assumed default net type 'wire' in al_ip/PLL.v(86)
HDL-1007 : undeclared symbol 'PLL_open10', assumed default net type 'wire' in al_ip/PLL.v(86)
HDL-1007 : undeclared symbol 'PLL_open9', assumed default net type 'wire' in al_ip/PLL.v(86)
HDL-1007 : analyze verilog file al_ip/PLL_HDMI_AUDIO.v
HDL-1007 : undeclared symbol 'PLL_HDMI_AUDIO_open0', assumed default net type 'wire' in al_ip/PLL_HDMI_AUDIO.v(85)
HDL-1007 : undeclared symbol 'PLL_HDMI_AUDIO_open8', assumed default net type 'wire' in al_ip/PLL_HDMI_AUDIO.v(91)
HDL-1007 : undeclared symbol 'PLL_HDMI_AUDIO_open7', assumed default net type 'wire' in al_ip/PLL_HDMI_AUDIO.v(91)
HDL-1007 : undeclared symbol 'PLL_HDMI_AUDIO_open6', assumed default net type 'wire' in al_ip/PLL_HDMI_AUDIO.v(91)
HDL-1007 : undeclared symbol 'PLL_HDMI_AUDIO_open5', assumed default net type 'wire' in al_ip/PLL_HDMI_AUDIO.v(91)
HDL-1007 : undeclared symbol 'PLL_HDMI_AUDIO_open4', assumed default net type 'wire' in al_ip/PLL_HDMI_AUDIO.v(91)
HDL-1007 : undeclared symbol 'PLL_HDMI_AUDIO_open3', assumed default net type 'wire' in al_ip/PLL_HDMI_AUDIO.v(91)
HDL-1007 : undeclared symbol 'PLL_HDMI_AUDIO_open2', assumed default net type 'wire' in al_ip/PLL_HDMI_AUDIO.v(91)
HDL-1007 : undeclared symbol 'PLL_HDMI_AUDIO_open1', assumed default net type 'wire' in al_ip/PLL_HDMI_AUDIO.v(91)
HDL-1007 : undeclared symbol 'PLL_HDMI_AUDIO_open10', assumed default net type 'wire' in al_ip/PLL_HDMI_AUDIO.v(93)
HDL-1007 : undeclared symbol 'PLL_HDMI_AUDIO_open9', assumed default net type 'wire' in al_ip/PLL_HDMI_AUDIO.v(93)
HDL-1007 : analyze verilog file ../user_source/hdl_source/video_source_test.v
HDL-1007 : analyze verilog file ../user_source/hdl_source/key_remove_shakes.v
HDL-1007 : analyze verilog file ../user_source/hdl_source/I2S_receiver.v
HDL-1007 : analyze verilog file ../user_source/hdl_source/audio_arc_calculate.v
HDL-1007 : analyze verilog file ../user_source/hdl_source/hdmi_phy_warpper.v
HDL-1007 : analyze verilog file ../user_source/hdl_source/lane_lvds_10_1.v
HDL-1007 : analyze verilog file ../user_source/hdl_source/hdmi1.4b_transmitter_core/hdmi_1_4b_transmitter_core_wrapper.enc.v
HDL-1007 : undeclared symbol '**', assumed default net type '**' in ../user_source/hdl_source/hdmi1.4b_transmitter_core/hdmi_1_4b_transmitter_core_wrapper.enc.v(2614)
HDL-1007 : undeclared symbol '**', assumed default net type '**' in ../user_source/hdl_source/hdmi1.4b_transmitter_core/hdmi_1_4b_transmitter_core_wrapper.enc.v(2716)
HDL-1007 : undeclared symbol '**', assumed default net type '**' in ../user_source/hdl_source/hdmi1.4b_transmitter_core/hdmi_1_4b_transmitter_core_wrapper.enc.v(2724)
HDL-1007 : undeclared symbol '**', assumed default net type '**' in ../user_source/hdl_source/hdmi1.4b_transmitter_core/hdmi_1_4b_transmitter_core_wrapper.enc.v(4936)
HDL-1007 : undeclared symbol '**', assumed default net type '**' in ../user_source/hdl_source/hdmi1.4b_transmitter_core/hdmi_1_4b_transmitter_core_wrapper.enc.v(5989)
HDL-1007 : back to file '../user_source/hdl_source/hdmi1.4b_transmitter_core/hdmi_1_4b_transmitter_core_wrapper.enc.v' in ../user_source/hdl_source/hdmi1.4b_transmitter_core/hdmi_1_4b_transmitter_core_wrapper.enc.v(77)
HDL-1007 : analyze verilog file ../user_source/hdl_source/test/i2s_test_tone_gen_pll.v
HDL-1007 : analyze verilog file ../user_source/hdl_source/rom/i2s_rom_player_single_pll_fix64_rom_ip.v
HDL-1007 : analyze verilog file ../user_source/hdl_source/top_tf_hdmi_audio.v
HDL-1007 : analyze verilog file ../user_source/hdl_source/SD/ax_debounce.v
HDL-1007 : analyze verilog file ../user_source/hdl_source/SD/bmp_read.v
HDL-1007 : analyze verilog file ../user_source/hdl_source/SD/color_bar.v
HDL-1007 : analyze included file ../user_source/hdl_source/SD/video_define.v in ../user_source/hdl_source/SD/color_bar.v(2)
HDL-1007 : back to file '../user_source/hdl_source/SD/color_bar.v' in ../user_source/hdl_source/SD/color_bar.v(2)
HDL-1007 : analyze verilog file ../user_source/hdl_source/SD/frame_fifo_read.v
HDL-1007 : analyze verilog file ../user_source/hdl_source/SD/frame_fifo_write.v
HDL-1007 : analyze verilog file ../user_source/hdl_source/SD/frame_read_write.v
HDL-1007 : analyze verilog file ../user_source/hdl_source/SD/sd_card_bmp.v
HDL-1007 : analyze verilog file ../user_source/hdl_source/SD/seg_decoder.v
HDL-1007 : analyze verilog file ../user_source/hdl_source/SD/seg_scan.v
HDL-1007 : analyze verilog file ../user_source/hdl_source/SD/video_delay.v
HDL-1007 : analyze verilog file ../user_source/hdl_source/SD/video_timing_data.v
HDL-1007 : analyze verilog file ../user_source/hdl_source/hdmi_audio_tone_i2s_64fs.v
HDL-1007 : analyze verilog file ../user_source/hdl_source/startup_pulse.v
HDL-1007 : analyze verilog file ../user_source/hdl_source/video_rgb_to_axis_640x480.v
HDL-1007 : analyze verilog file ../user_source/hdl_source/SD/sd_card_cmd.v
HDL-1007 : analyze verilog file ../user_source/hdl_source/SD/sd_card_sec_read_write.v
HDL-1007 : analyze verilog file ../user_source/hdl_source/SD/sd_card_top.v
HDL-1007 : analyze verilog file ../user_source/hdl_source/SD/spi_master.v
HDL-1007 : analyze verilog file ../user_source/hdl_source/SD/sdram.v
HDL-1007 : analyze included file ../user_source/hdl_source/include/global_def.v in ../user_source/hdl_source/SD/sdram.v(10)
HDL-1007 : back to file '../user_source/hdl_source/SD/sdram.v' in ../user_source/hdl_source/SD/sdram.v(10)
HDL-1007 : undeclared symbol 'SDR_CKE', assumed default net type 'wire' in ../user_source/hdl_source/SD/sdram.v(89)
HDL-1007 : analyze verilog file ../user_source/hdl_source/include/sdr_as_ram.enc.v
HDL-1007 : analyze included file ../user_source/hdl_source/include/global_def.v in ../user_source/hdl_source/include/sdr_as_ram.enc.v(10)
HDL-1007 : back to file '../user_source/hdl_source/include/sdr_as_ram.enc.v' in ../user_source/hdl_source/include/sdr_as_ram.enc.v(10)
HDL-1007 : back to file '../user_source/hdl_source/include/sdr_as_ram.enc.v' in ../user_source/hdl_source/include/sdr_as_ram.enc.v(45)
HDL-1007 : analyze verilog file ../user_source/hdl_source/include/sdr_init_ref.enc.v
HDL-1007 : analyze included file ../user_source/hdl_source/include/global_def.v in ../user_source/hdl_source/include/sdr_init_ref.enc.v(11)
HDL-1007 : back to file '../user_source/hdl_source/include/sdr_init_ref.enc.v' in ../user_source/hdl_source/include/sdr_init_ref.enc.v(11)
HDL-1007 : undeclared symbol '**', assumed default net type '**' in ../user_source/hdl_source/include/sdr_init_ref.enc.v(57)
HDL-1007 : back to file '../user_source/hdl_source/include/sdr_init_ref.enc.v' in ../user_source/hdl_source/include/sdr_init_ref.enc.v(149)
HDL-5007 WARNING: concatenation with an unsized literal will be treated as 32 bits in ../user_source/hdl_source/include/sdr_init_ref.enc.v(47)
HDL-1007 : analyze verilog file ../user_source/hdl_source/include/sdr_wrrd.enc.v
HDL-5007 WARNING: concatenation with an unsized literal will be treated as 32 bits in ../user_source/hdl_source/include/sdr_wrrd.enc.v(283)
HDL-1007 : back to file '../user_source/hdl_source/include/sdr_wrrd.enc.v' in ../user_source/hdl_source/include/sdr_wrrd.enc.v(19)
HDL-1007 : analyze verilog file ../user_source/hdl_source/hdmi_audio_tone_pcm_scale.v
RUN-1002 : start command "commit_param -step design"
RUN-1001 : Print Global Property
RUN-1001 : --------------------------------------------------------
RUN-1001 :   Parameters   |  Settings  |  Default Values  |  Note  
RUN-1001 : --------------------------------------------------------
RUN-1001 :   enable_seed  |    off     |       off        |        
RUN-1001 :     message    |  standard  |     standard     |        
RUN-1001 :   qor_monitor  |     on     |        on        |        
RUN-1001 :   syn_ip_flow  |    off     |       off        |        
RUN-1001 :     thread     |    auto    |       auto       |        
RUN-1001 : --------------------------------------------------------
RUN-1001 : Print Design Property
RUN-1001 : ----------------------------------------------------------------
RUN-1001 :       Parameters       |  Settings  |  Default Values  |  Note  
RUN-1001 : ----------------------------------------------------------------
RUN-1001 :   default_reg_initial  |    auto    |       auto       |        
RUN-1001 :    hdl_warning_level   |   normal   |      normal      |        
RUN-1001 : ----------------------------------------------------------------
HDL-1007 : analyze verilog file ../user_source/hdl_source/ip/afifo_16_32_256.v
HDL-1007 : analyze verilog file ../user_source/hdl_source/ip/afifo_32_16_256.v
HDL-1007 : analyze verilog file ../user_source/hdl_source/ip/sys_pll.v
HDL-1007 : undeclared symbol 'open', assumed default net type 'wire' in ../user_source/hdl_source/ip/sys_pll.v(77)
HDL-1007 : analyze verilog file ../user_source/hdl_source/ip/video_pll.v
HDL-1007 : undeclared symbol 'open', assumed default net type 'wire' in ../user_source/hdl_source/ip/video_pll.v(70)
HDL-1007 : analyze verilog file al_ip/AUDIO_SAMPLE_ROM.v
HDL-1007 : analyze verilog file al_ip/PLL.v
HDL-1007 : undeclared symbol 'PLL_open0', assumed default net type 'wire' in al_ip/PLL.v(78)
HDL-1007 : undeclared symbol 'PLL_open8', assumed default net type 'wire' in al_ip/PLL.v(84)
HDL-1007 : undeclared symbol 'PLL_open7', assumed default net type 'wire' in al_ip/PLL.v(84)
HDL-1007 : undeclared symbol 'PLL_open6', assumed default net type 'wire' in al_ip/PLL.v(84)
HDL-1007 : undeclared symbol 'PLL_open5', assumed default net type 'wire' in al_ip/PLL.v(84)
HDL-1007 : undeclared symbol 'PLL_open4', assumed default net type 'wire' in al_ip/PLL.v(84)
HDL-1007 : undeclared symbol 'PLL_open3', assumed default net type 'wire' in al_ip/PLL.v(84)
HDL-1007 : undeclared symbol 'PLL_open2', assumed default net type 'wire' in al_ip/PLL.v(84)
HDL-1007 : undeclared symbol 'PLL_open1', assumed default net type 'wire' in al_ip/PLL.v(84)
HDL-1007 : undeclared symbol 'PLL_open11', assumed default net type 'wire' in al_ip/PLL.v(86)
HDL-1007 : undeclared symbol 'PLL_open10', assumed default net type 'wire' in al_ip/PLL.v(86)
HDL-1007 : undeclared symbol 'PLL_open9', assumed default net type 'wire' in al_ip/PLL.v(86)
HDL-1007 : analyze verilog file al_ip/PLL_HDMI_AUDIO.v
HDL-1007 : undeclared symbol 'PLL_HDMI_AUDIO_open0', assumed default net type 'wire' in al_ip/PLL_HDMI_AUDIO.v(85)
HDL-1007 : undeclared symbol 'PLL_HDMI_AUDIO_open8', assumed default net type 'wire' in al_ip/PLL_HDMI_AUDIO.v(91)
HDL-1007 : undeclared symbol 'PLL_HDMI_AUDIO_open7', assumed default net type 'wire' in al_ip/PLL_HDMI_AUDIO.v(91)
HDL-1007 : undeclared symbol 'PLL_HDMI_AUDIO_open6', assumed default net type 'wire' in al_ip/PLL_HDMI_AUDIO.v(91)
HDL-1007 : undeclared symbol 'PLL_HDMI_AUDIO_open5', assumed default net type 'wire' in al_ip/PLL_HDMI_AUDIO.v(91)
HDL-1007 : undeclared symbol 'PLL_HDMI_AUDIO_open4', assumed default net type 'wire' in al_ip/PLL_HDMI_AUDIO.v(91)
HDL-1007 : undeclared symbol 'PLL_HDMI_AUDIO_open3', assumed default net type 'wire' in al_ip/PLL_HDMI_AUDIO.v(91)
HDL-1007 : undeclared symbol 'PLL_HDMI_AUDIO_open2', assumed default net type 'wire' in al_ip/PLL_HDMI_AUDIO.v(91)
HDL-1007 : undeclared symbol 'PLL_HDMI_AUDIO_open1', assumed default net type 'wire' in al_ip/PLL_HDMI_AUDIO.v(91)
HDL-1007 : undeclared symbol 'PLL_HDMI_AUDIO_open10', assumed default net type 'wire' in al_ip/PLL_HDMI_AUDIO.v(93)
HDL-1007 : undeclared symbol 'PLL_HDMI_AUDIO_open9', assumed default net type 'wire' in al_ip/PLL_HDMI_AUDIO.v(93)
HDL-1007 : analyze verilog file ../user_source/hdl_source/video_source_test.v
HDL-1007 : analyze verilog file ../user_source/hdl_source/key_remove_shakes.v
HDL-1007 : analyze verilog file ../user_source/hdl_source/I2S_receiver.v
HDL-1007 : analyze verilog file ../user_source/hdl_source/audio_arc_calculate.v
HDL-1007 : analyze verilog file ../user_source/hdl_source/hdmi_phy_warpper.v
HDL-1007 : analyze verilog file ../user_source/hdl_source/lane_lvds_10_1.v
HDL-1007 : analyze verilog file ../user_source/hdl_source/hdmi1.4b_transmitter_core/hdmi_1_4b_transmitter_core_wrapper.enc.v
HDL-1007 : undeclared symbol '**', assumed default net type '**' in ../user_source/hdl_source/hdmi1.4b_transmitter_core/hdmi_1_4b_transmitter_core_wrapper.enc.v(2614)
HDL-1007 : undeclared symbol '**', assumed default net type '**' in ../user_source/hdl_source/hdmi1.4b_transmitter_core/hdmi_1_4b_transmitter_core_wrapper.enc.v(2716)
HDL-1007 : undeclared symbol '**', assumed default net type '**' in ../user_source/hdl_source/hdmi1.4b_transmitter_core/hdmi_1_4b_transmitter_core_wrapper.enc.v(2724)
HDL-1007 : undeclared symbol '**', assumed default net type '**' in ../user_source/hdl_source/hdmi1.4b_transmitter_core/hdmi_1_4b_transmitter_core_wrapper.enc.v(4936)
HDL-1007 : undeclared symbol '**', assumed default net type '**' in ../user_source/hdl_source/hdmi1.4b_transmitter_core/hdmi_1_4b_transmitter_core_wrapper.enc.v(5989)
HDL-1007 : back to file '../user_source/hdl_source/hdmi1.4b_transmitter_core/hdmi_1_4b_transmitter_core_wrapper.enc.v' in ../user_source/hdl_source/hdmi1.4b_transmitter_core/hdmi_1_4b_transmitter_core_wrapper.enc.v(77)
HDL-1007 : analyze verilog file ../user_source/hdl_source/test/i2s_test_tone_gen_pll.v
HDL-1007 : analyze verilog file ../user_source/hdl_source/rom/i2s_rom_player_single_pll_fix64_rom_ip.v
HDL-1007 : analyze verilog file ../user_source/hdl_source/top_tf_hdmi_audio.v
HDL-1007 : analyze verilog file ../user_source/hdl_source/SD/ax_debounce.v
HDL-1007 : analyze verilog file ../user_source/hdl_source/SD/bmp_read.v
HDL-1007 : analyze verilog file ../user_source/hdl_source/SD/color_bar.v
HDL-1007 : analyze included file ../user_source/hdl_source/SD/video_define.v in ../user_source/hdl_source/SD/color_bar.v(2)
HDL-1007 : back to file '../user_source/hdl_source/SD/color_bar.v' in ../user_source/hdl_source/SD/color_bar.v(2)
HDL-1007 : analyze verilog file ../user_source/hdl_source/SD/frame_fifo_read.v
HDL-1007 : analyze verilog file ../user_source/hdl_source/SD/frame_fifo_write.v
HDL-1007 : analyze verilog file ../user_source/hdl_source/SD/frame_read_write.v
HDL-1007 : analyze verilog file ../user_source/hdl_source/SD/sd_card_bmp.v
HDL-1007 : analyze verilog file ../user_source/hdl_source/SD/seg_decoder.v
HDL-1007 : analyze verilog file ../user_source/hdl_source/SD/seg_scan.v
HDL-1007 : analyze verilog file ../user_source/hdl_source/SD/video_delay.v
HDL-1007 : analyze verilog file ../user_source/hdl_source/SD/video_timing_data.v
HDL-1007 : analyze verilog file ../user_source/hdl_source/hdmi_audio_tone_i2s_64fs.v
HDL-1007 : analyze verilog file ../user_source/hdl_source/startup_pulse.v
HDL-1007 : analyze verilog file ../user_source/hdl_source/video_rgb_to_axis_640x480.v
HDL-1007 : analyze verilog file ../user_source/hdl_source/SD/sd_card_cmd.v
HDL-1007 : analyze verilog file ../user_source/hdl_source/SD/sd_card_sec_read_write.v
HDL-1007 : analyze verilog file ../user_source/hdl_source/SD/sd_card_top.v
HDL-1007 : analyze verilog file ../user_source/hdl_source/SD/spi_master.v
HDL-1007 : analyze verilog file ../user_source/hdl_source/SD/sdram.v
HDL-1007 : analyze included file ../user_source/hdl_source/include/global_def.v in ../user_source/hdl_source/SD/sdram.v(10)
HDL-1007 : back to file '../user_source/hdl_source/SD/sdram.v' in ../user_source/hdl_source/SD/sdram.v(10)
HDL-1007 : undeclared symbol 'SDR_CKE', assumed default net type 'wire' in ../user_source/hdl_source/SD/sdram.v(89)
HDL-1007 : analyze verilog file ../user_source/hdl_source/include/sdr_as_ram.enc.v
HDL-1007 : analyze included file ../user_source/hdl_source/include/global_def.v in ../user_source/hdl_source/include/sdr_as_ram.enc.v(10)
HDL-1007 : back to file '../user_source/hdl_source/include/sdr_as_ram.enc.v' in ../user_source/hdl_source/include/sdr_as_ram.enc.v(10)
HDL-1007 : back to file '../user_source/hdl_source/include/sdr_as_ram.enc.v' in ../user_source/hdl_source/include/sdr_as_ram.enc.v(45)
HDL-1007 : analyze verilog file ../user_source/hdl_source/include/sdr_init_ref.enc.v
HDL-1007 : analyze included file ../user_source/hdl_source/include/global_def.v in ../user_source/hdl_source/include/sdr_init_ref.enc.v(11)
HDL-1007 : back to file '../user_source/hdl_source/include/sdr_init_ref.enc.v' in ../user_source/hdl_source/include/sdr_init_ref.enc.v(11)
HDL-1007 : undeclared symbol '**', assumed default net type '**' in ../user_source/hdl_source/include/sdr_init_ref.enc.v(57)
HDL-1007 : back to file '../user_source/hdl_source/include/sdr_init_ref.enc.v' in ../user_source/hdl_source/include/sdr_init_ref.enc.v(149)
HDL-5007 WARNING: concatenation with an unsized literal will be treated as 32 bits in ../user_source/hdl_source/include/sdr_init_ref.enc.v(47)
HDL-1007 : analyze verilog file ../user_source/hdl_source/include/sdr_wrrd.enc.v
HDL-5007 WARNING: concatenation with an unsized literal will be treated as 32 bits in ../user_source/hdl_source/include/sdr_wrrd.enc.v(283)
HDL-1007 : back to file '../user_source/hdl_source/include/sdr_wrrd.enc.v' in ../user_source/hdl_source/include/sdr_wrrd.enc.v(19)
HDL-1007 : analyze verilog file ../user_source/hdl_source/hdmi_audio_tone_pcm_scale.v
RUN-1002 : start command "commit_param -step design"
RUN-1001 : Print Global Property
RUN-1001 : --------------------------------------------------------
RUN-1001 :   Parameters   |  Settings  |  Default Values  |  Note  
RUN-1001 : --------------------------------------------------------
RUN-1001 :   enable_seed  |    off     |       off        |        
RUN-1001 :     message    |  standard  |     standard     |        
RUN-1001 :   qor_monitor  |     on     |        on        |        
RUN-1001 :   syn_ip_flow  |    off     |       off        |        
RUN-1001 :     thread     |    auto    |       auto       |        
RUN-1001 : --------------------------------------------------------
RUN-1001 : Print Design Property
RUN-1001 : ----------------------------------------------------------------
RUN-1001 :       Parameters       |  Settings  |  Default Values  |  Note  
RUN-1001 : ----------------------------------------------------------------
RUN-1001 :   default_reg_initial  |    auto    |       auto       |        
RUN-1001 :    hdl_warning_level   |   normal   |      normal      |        
RUN-1001 : ----------------------------------------------------------------
HDL-1007 : analyze verilog file ../user_source/hdl_source/ip/afifo_16_32_256.v
HDL-1007 : analyze verilog file ../user_source/hdl_source/ip/afifo_32_16_256.v
HDL-1007 : analyze verilog file ../user_source/hdl_source/ip/sys_pll.v
HDL-1007 : undeclared symbol 'open', assumed default net type 'wire' in ../user_source/hdl_source/ip/sys_pll.v(77)
HDL-1007 : analyze verilog file ../user_source/hdl_source/ip/video_pll.v
HDL-1007 : undeclared symbol 'open', assumed default net type 'wire' in ../user_source/hdl_source/ip/video_pll.v(70)
HDL-1007 : analyze verilog file al_ip/AUDIO_SAMPLE_ROM.v
HDL-1007 : analyze verilog file al_ip/PLL.v
HDL-1007 : undeclared symbol 'PLL_open0', assumed default net type 'wire' in al_ip/PLL.v(78)
HDL-1007 : undeclared symbol 'PLL_open8', assumed default net type 'wire' in al_ip/PLL.v(84)
HDL-1007 : undeclared symbol 'PLL_open7', assumed default net type 'wire' in al_ip/PLL.v(84)
HDL-1007 : undeclared symbol 'PLL_open6', assumed default net type 'wire' in al_ip/PLL.v(84)
HDL-1007 : undeclared symbol 'PLL_open5', assumed default net type 'wire' in al_ip/PLL.v(84)
HDL-1007 : undeclared symbol 'PLL_open4', assumed default net type 'wire' in al_ip/PLL.v(84)
HDL-1007 : undeclared symbol 'PLL_open3', assumed default net type 'wire' in al_ip/PLL.v(84)
HDL-1007 : undeclared symbol 'PLL_open2', assumed default net type 'wire' in al_ip/PLL.v(84)
HDL-1007 : undeclared symbol 'PLL_open1', assumed default net type 'wire' in al_ip/PLL.v(84)
HDL-1007 : undeclared symbol 'PLL_open11', assumed default net type 'wire' in al_ip/PLL.v(86)
HDL-1007 : undeclared symbol 'PLL_open10', assumed default net type 'wire' in al_ip/PLL.v(86)
HDL-1007 : undeclared symbol 'PLL_open9', assumed default net type 'wire' in al_ip/PLL.v(86)
HDL-1007 : analyze verilog file al_ip/PLL_HDMI_AUDIO.v
HDL-1007 : undeclared symbol 'PLL_HDMI_AUDIO_open0', assumed default net type 'wire' in al_ip/PLL_HDMI_AUDIO.v(85)
HDL-1007 : undeclared symbol 'PLL_HDMI_AUDIO_open8', assumed default net type 'wire' in al_ip/PLL_HDMI_AUDIO.v(91)
HDL-1007 : undeclared symbol 'PLL_HDMI_AUDIO_open7', assumed default net type 'wire' in al_ip/PLL_HDMI_AUDIO.v(91)
HDL-1007 : undeclared symbol 'PLL_HDMI_AUDIO_open6', assumed default net type 'wire' in al_ip/PLL_HDMI_AUDIO.v(91)
HDL-1007 : undeclared symbol 'PLL_HDMI_AUDIO_open5', assumed default net type 'wire' in al_ip/PLL_HDMI_AUDIO.v(91)
HDL-1007 : undeclared symbol 'PLL_HDMI_AUDIO_open4', assumed default net type 'wire' in al_ip/PLL_HDMI_AUDIO.v(91)
HDL-1007 : undeclared symbol 'PLL_HDMI_AUDIO_open3', assumed default net type 'wire' in al_ip/PLL_HDMI_AUDIO.v(91)
HDL-1007 : undeclared symbol 'PLL_HDMI_AUDIO_open2', assumed default net type 'wire' in al_ip/PLL_HDMI_AUDIO.v(91)
HDL-1007 : undeclared symbol 'PLL_HDMI_AUDIO_open1', assumed default net type 'wire' in al_ip/PLL_HDMI_AUDIO.v(91)
HDL-1007 : undeclared symbol 'PLL_HDMI_AUDIO_open10', assumed default net type 'wire' in al_ip/PLL_HDMI_AUDIO.v(93)
HDL-1007 : undeclared symbol 'PLL_HDMI_AUDIO_open9', assumed default net type 'wire' in al_ip/PLL_HDMI_AUDIO.v(93)
HDL-1007 : analyze verilog file ../user_source/hdl_source/video_source_test.v
HDL-1007 : analyze verilog file ../user_source/hdl_source/key_remove_shakes.v
HDL-1007 : analyze verilog file ../user_source/hdl_source/I2S_receiver.v
HDL-1007 : analyze verilog file ../user_source/hdl_source/audio_arc_calculate.v
HDL-1007 : analyze verilog file ../user_source/hdl_source/hdmi_phy_warpper.v
HDL-1007 : analyze verilog file ../user_source/hdl_source/lane_lvds_10_1.v
HDL-1007 : analyze verilog file ../user_source/hdl_source/hdmi1.4b_transmitter_core/hdmi_1_4b_transmitter_core_wrapper.enc.v
HDL-1007 : undeclared symbol '**', assumed default net type '**' in ../user_source/hdl_source/hdmi1.4b_transmitter_core/hdmi_1_4b_transmitter_core_wrapper.enc.v(2614)
HDL-1007 : undeclared symbol '**', assumed default net type '**' in ../user_source/hdl_source/hdmi1.4b_transmitter_core/hdmi_1_4b_transmitter_core_wrapper.enc.v(2716)
HDL-1007 : undeclared symbol '**', assumed default net type '**' in ../user_source/hdl_source/hdmi1.4b_transmitter_core/hdmi_1_4b_transmitter_core_wrapper.enc.v(2724)
HDL-1007 : undeclared symbol '**', assumed default net type '**' in ../user_source/hdl_source/hdmi1.4b_transmitter_core/hdmi_1_4b_transmitter_core_wrapper.enc.v(4936)
HDL-1007 : undeclared symbol '**', assumed default net type '**' in ../user_source/hdl_source/hdmi1.4b_transmitter_core/hdmi_1_4b_transmitter_core_wrapper.enc.v(5989)
HDL-1007 : back to file '../user_source/hdl_source/hdmi1.4b_transmitter_core/hdmi_1_4b_transmitter_core_wrapper.enc.v' in ../user_source/hdl_source/hdmi1.4b_transmitter_core/hdmi_1_4b_transmitter_core_wrapper.enc.v(77)
HDL-1007 : analyze verilog file ../user_source/hdl_source/test/i2s_test_tone_gen_pll.v
HDL-1007 : analyze verilog file ../user_source/hdl_source/rom/i2s_rom_player_single_pll_fix64_rom_ip.v
HDL-1007 : analyze verilog file ../user_source/hdl_source/top_tf_hdmi_audio.v
HDL-1007 : analyze verilog file ../user_source/hdl_source/SD/ax_debounce.v
HDL-1007 : analyze verilog file ../user_source/hdl_source/SD/bmp_read.v
HDL-1007 : analyze verilog file ../user_source/hdl_source/SD/color_bar.v
HDL-1007 : analyze included file ../user_source/hdl_source/SD/video_define.v in ../user_source/hdl_source/SD/color_bar.v(2)
HDL-1007 : back to file '../user_source/hdl_source/SD/color_bar.v' in ../user_source/hdl_source/SD/color_bar.v(2)
HDL-1007 : analyze verilog file ../user_source/hdl_source/SD/frame_fifo_read.v
HDL-1007 : analyze verilog file ../user_source/hdl_source/SD/frame_fifo_write.v
HDL-1007 : analyze verilog file ../user_source/hdl_source/SD/frame_read_write.v
HDL-1007 : analyze verilog file ../user_source/hdl_source/SD/sd_card_bmp.v
HDL-1007 : analyze verilog file ../user_source/hdl_source/SD/seg_decoder.v
HDL-1007 : analyze verilog file ../user_source/hdl_source/SD/seg_scan.v
HDL-1007 : analyze verilog file ../user_source/hdl_source/SD/video_delay.v
HDL-1007 : analyze verilog file ../user_source/hdl_source/SD/video_timing_data.v
HDL-1007 : analyze verilog file ../user_source/hdl_source/hdmi_audio_tone_i2s_64fs.v
HDL-1007 : analyze verilog file ../user_source/hdl_source/startup_pulse.v
HDL-1007 : analyze verilog file ../user_source/hdl_source/video_rgb_to_axis_640x480.v
HDL-1007 : analyze verilog file ../user_source/hdl_source/SD/sd_card_cmd.v
HDL-1007 : analyze verilog file ../user_source/hdl_source/SD/sd_card_sec_read_write.v
HDL-1007 : analyze verilog file ../user_source/hdl_source/SD/sd_card_top.v
HDL-1007 : analyze verilog file ../user_source/hdl_source/SD/spi_master.v
HDL-1007 : analyze verilog file ../user_source/hdl_source/SD/sdram.v
HDL-1007 : analyze included file ../user_source/hdl_source/include/global_def.v in ../user_source/hdl_source/SD/sdram.v(10)
HDL-1007 : back to file '../user_source/hdl_source/SD/sdram.v' in ../user_source/hdl_source/SD/sdram.v(10)
HDL-1007 : undeclared symbol 'SDR_CKE', assumed default net type 'wire' in ../user_source/hdl_source/SD/sdram.v(89)
HDL-1007 : analyze verilog file ../user_source/hdl_source/include/sdr_as_ram.enc.v
HDL-1007 : analyze included file ../user_source/hdl_source/include/global_def.v in ../user_source/hdl_source/include/sdr_as_ram.enc.v(10)
HDL-1007 : back to file '../user_source/hdl_source/include/sdr_as_ram.enc.v' in ../user_source/hdl_source/include/sdr_as_ram.enc.v(10)
HDL-1007 : back to file '../user_source/hdl_source/include/sdr_as_ram.enc.v' in ../user_source/hdl_source/include/sdr_as_ram.enc.v(45)
HDL-1007 : analyze verilog file ../user_source/hdl_source/include/sdr_init_ref.enc.v
HDL-1007 : analyze included file ../user_source/hdl_source/include/global_def.v in ../user_source/hdl_source/include/sdr_init_ref.enc.v(11)
HDL-1007 : back to file '../user_source/hdl_source/include/sdr_init_ref.enc.v' in ../user_source/hdl_source/include/sdr_init_ref.enc.v(11)
HDL-1007 : undeclared symbol '**', assumed default net type '**' in ../user_source/hdl_source/include/sdr_init_ref.enc.v(57)
HDL-1007 : back to file '../user_source/hdl_source/include/sdr_init_ref.enc.v' in ../user_source/hdl_source/include/sdr_init_ref.enc.v(149)
HDL-5007 WARNING: concatenation with an unsized literal will be treated as 32 bits in ../user_source/hdl_source/include/sdr_init_ref.enc.v(47)
HDL-1007 : analyze verilog file ../user_source/hdl_source/include/sdr_wrrd.enc.v
HDL-5007 WARNING: concatenation with an unsized literal will be treated as 32 bits in ../user_source/hdl_source/include/sdr_wrrd.enc.v(283)
HDL-1007 : back to file '../user_source/hdl_source/include/sdr_wrrd.enc.v' in ../user_source/hdl_source/include/sdr_wrrd.enc.v(19)
HDL-1007 : analyze verilog file ../user_source/hdl_source/hdmi_audio_tone_pcm_scale.v
PRJ-1412 : reset_run syn_1 phy_1.
PRJ-1409 : launch_runs syn_1 phy_1  -jobs 6.
PRJ-1410 : Run syn_1 success.
PRJ-1410 : Run phy_1 success.
RUN-1002 : start command "save_best_bits"
PRJ-1424 : The implemented result of phy_1 is saved as best result.
RUN-1002 : start command "import_db C:/Users/zbrmyyds/Desktop/anlu/FPGA_Prj/I2S/transmitor/APUG092_HDMI1.4b_Transmitter_V1.4/src/td_project/HDMI1.4b_Transmitter_v1.0_Runs/phy_1/HDMI1.4b_Transmitter_v1.0_pr.db"
RUN-1001 : Importing database generated by Tang Dynasty, V6.2.168116.
RUN-1001 : Database version number 46207
RUN-1001 : Import flow parameters
RUN-1001 : Import netlist
PHY-1001 : Generate detailed routing grids ...
PHY-1001 : End build routing graph; 0.923195s wall, 0.843750s user + 0.156250s system = 1.000000s CPU (108.3%)

PHY-1001 : Build lut bridge;  0.112817s wall, 0.078125s user + 0.015625s system = 0.093750s CPU (83.1%)

PHY-1001 : Generate nets ...
PHY-1001 : net clk_dup_1 will be routed on clock mesh
PHY-1001 : net U3/u2_ram/SDRAM_CLK will be routed on clock mesh
PHY-1001 : net U3/u2_ram/u1_init_ref/Sdr_clk will be routed on clock mesh
PHY-1001 : net u_hdmi_audio_tone_i2s_64fs/I_mclk will be routed on clock mesh
PHY-1001 : clock net sd_card_bmp_m0/bmp_read_m0/clk will be merged with clock sys_pll_m0/clk0_buf
PHY-1001 : clock net u_I2S_receiver/I_clk will be merged with clock video_pll_m0/clk0_buf
PHY-1001 : clock net u_audio_pll/clk0_out will be merged with clock u_audio_pll/clk0_buf
PHY-1001 : net u_hdmi2phy_wrapper/u0_lane_lvds_8_1/I_serial_clk will be routed on clock mesh
PHY-1001 : eco open net = 0
PHY-1001 : 120 feed throughs used by 79 nets
RUN-1001 : Import phy database
RUN-1001 : Import timing constraints
RUN-1001 : Import IO constraints
RUN-1001 : Import Inst constraints
RUN-1001 : Import ChipWatcher
RUN-1001 : Import design success TD_VERSION=6.2.168116 , DB_VERSION=46207
RUN-1003 : finish command "import_db C:/Users/zbrmyyds/Desktop/anlu/FPGA_Prj/I2S/transmitor/APUG092_HDMI1.4b_Transmitter_V1.4/src/td_project/HDMI1.4b_Transmitter_v1.0_Runs/phy_1/HDMI1.4b_Transmitter_v1.0_pr.db" in  3.718619s wall, 3.312500s user + 0.562500s system = 3.875000s CPU (104.2%)

RUN-1004 : used memory is 664 MB, reserved memory is 609 MB, peak memory is 727 MB
RUN-1002 : start command "commit_param -step design"
RUN-1001 : Print Global Property
RUN-1001 : --------------------------------------------------------
RUN-1001 :   Parameters   |  Settings  |  Default Values  |  Note  
RUN-1001 : --------------------------------------------------------
RUN-1001 :   enable_seed  |    off     |       off        |        
RUN-1001 :     message    |  standard  |     standard     |        
RUN-1001 :   qor_monitor  |     on     |        on        |        
RUN-1001 :   syn_ip_flow  |    off     |       off        |        
RUN-1001 :     thread     |    auto    |       auto       |        
RUN-1001 : --------------------------------------------------------
RUN-1001 : Print Design Property
RUN-1001 : ----------------------------------------------------------------
RUN-1001 :       Parameters       |  Settings  |  Default Values  |  Note  
RUN-1001 : ----------------------------------------------------------------
RUN-1001 :   default_reg_initial  |    auto    |       auto       |        
RUN-1001 :    hdl_warning_level   |   normal   |      normal      |        
RUN-1001 : ----------------------------------------------------------------
HDL-1007 : analyze verilog file ../user_source/hdl_source/ip/afifo_16_32_256.v
HDL-1007 : analyze verilog file ../user_source/hdl_source/ip/afifo_32_16_256.v
HDL-1007 : analyze verilog file ../user_source/hdl_source/ip/sys_pll.v
HDL-1007 : undeclared symbol 'open', assumed default net type 'wire' in ../user_source/hdl_source/ip/sys_pll.v(77)
HDL-1007 : analyze verilog file ../user_source/hdl_source/ip/video_pll.v
HDL-1007 : undeclared symbol 'open', assumed default net type 'wire' in ../user_source/hdl_source/ip/video_pll.v(70)
HDL-1007 : analyze verilog file al_ip/AUDIO_SAMPLE_ROM.v
HDL-1007 : analyze verilog file al_ip/PLL.v
HDL-1007 : undeclared symbol 'PLL_open0', assumed default net type 'wire' in al_ip/PLL.v(78)
HDL-1007 : undeclared symbol 'PLL_open8', assumed default net type 'wire' in al_ip/PLL.v(84)
HDL-1007 : undeclared symbol 'PLL_open7', assumed default net type 'wire' in al_ip/PLL.v(84)
HDL-1007 : undeclared symbol 'PLL_open6', assumed default net type 'wire' in al_ip/PLL.v(84)
HDL-1007 : undeclared symbol 'PLL_open5', assumed default net type 'wire' in al_ip/PLL.v(84)
HDL-1007 : undeclared symbol 'PLL_open4', assumed default net type 'wire' in al_ip/PLL.v(84)
HDL-1007 : undeclared symbol 'PLL_open3', assumed default net type 'wire' in al_ip/PLL.v(84)
HDL-1007 : undeclared symbol 'PLL_open2', assumed default net type 'wire' in al_ip/PLL.v(84)
HDL-1007 : undeclared symbol 'PLL_open1', assumed default net type 'wire' in al_ip/PLL.v(84)
HDL-1007 : undeclared symbol 'PLL_open11', assumed default net type 'wire' in al_ip/PLL.v(86)
HDL-1007 : undeclared symbol 'PLL_open10', assumed default net type 'wire' in al_ip/PLL.v(86)
HDL-1007 : undeclared symbol 'PLL_open9', assumed default net type 'wire' in al_ip/PLL.v(86)
HDL-1007 : analyze verilog file al_ip/PLL_HDMI_AUDIO.v
HDL-1007 : undeclared symbol 'PLL_HDMI_AUDIO_open0', assumed default net type 'wire' in al_ip/PLL_HDMI_AUDIO.v(85)
HDL-1007 : undeclared symbol 'PLL_HDMI_AUDIO_open8', assumed default net type 'wire' in al_ip/PLL_HDMI_AUDIO.v(91)
HDL-1007 : undeclared symbol 'PLL_HDMI_AUDIO_open7', assumed default net type 'wire' in al_ip/PLL_HDMI_AUDIO.v(91)
HDL-1007 : undeclared symbol 'PLL_HDMI_AUDIO_open6', assumed default net type 'wire' in al_ip/PLL_HDMI_AUDIO.v(91)
HDL-1007 : undeclared symbol 'PLL_HDMI_AUDIO_open5', assumed default net type 'wire' in al_ip/PLL_HDMI_AUDIO.v(91)
HDL-1007 : undeclared symbol 'PLL_HDMI_AUDIO_open4', assumed default net type 'wire' in al_ip/PLL_HDMI_AUDIO.v(91)
HDL-1007 : undeclared symbol 'PLL_HDMI_AUDIO_open3', assumed default net type 'wire' in al_ip/PLL_HDMI_AUDIO.v(91)
HDL-1007 : undeclared symbol 'PLL_HDMI_AUDIO_open2', assumed default net type 'wire' in al_ip/PLL_HDMI_AUDIO.v(91)
HDL-1007 : undeclared symbol 'PLL_HDMI_AUDIO_open1', assumed default net type 'wire' in al_ip/PLL_HDMI_AUDIO.v(91)
HDL-1007 : undeclared symbol 'PLL_HDMI_AUDIO_open10', assumed default net type 'wire' in al_ip/PLL_HDMI_AUDIO.v(93)
HDL-1007 : undeclared symbol 'PLL_HDMI_AUDIO_open9', assumed default net type 'wire' in al_ip/PLL_HDMI_AUDIO.v(93)
HDL-1007 : analyze verilog file ../user_source/hdl_source/video_source_test.v
HDL-1007 : analyze verilog file ../user_source/hdl_source/key_remove_shakes.v
HDL-1007 : analyze verilog file ../user_source/hdl_source/I2S_receiver.v
HDL-1007 : analyze verilog file ../user_source/hdl_source/audio_arc_calculate.v
HDL-1007 : analyze verilog file ../user_source/hdl_source/hdmi_phy_warpper.v
HDL-1007 : analyze verilog file ../user_source/hdl_source/lane_lvds_10_1.v
HDL-1007 : analyze verilog file ../user_source/hdl_source/hdmi1.4b_transmitter_core/hdmi_1_4b_transmitter_core_wrapper.enc.v
HDL-1007 : undeclared symbol '**', assumed default net type '**' in ../user_source/hdl_source/hdmi1.4b_transmitter_core/hdmi_1_4b_transmitter_core_wrapper.enc.v(2614)
HDL-1007 : undeclared symbol '**', assumed default net type '**' in ../user_source/hdl_source/hdmi1.4b_transmitter_core/hdmi_1_4b_transmitter_core_wrapper.enc.v(2716)
HDL-1007 : undeclared symbol '**', assumed default net type '**' in ../user_source/hdl_source/hdmi1.4b_transmitter_core/hdmi_1_4b_transmitter_core_wrapper.enc.v(2724)
HDL-1007 : undeclared symbol '**', assumed default net type '**' in ../user_source/hdl_source/hdmi1.4b_transmitter_core/hdmi_1_4b_transmitter_core_wrapper.enc.v(4936)
HDL-1007 : undeclared symbol '**', assumed default net type '**' in ../user_source/hdl_source/hdmi1.4b_transmitter_core/hdmi_1_4b_transmitter_core_wrapper.enc.v(5989)
HDL-1007 : back to file '../user_source/hdl_source/hdmi1.4b_transmitter_core/hdmi_1_4b_transmitter_core_wrapper.enc.v' in ../user_source/hdl_source/hdmi1.4b_transmitter_core/hdmi_1_4b_transmitter_core_wrapper.enc.v(77)
HDL-1007 : analyze verilog file ../user_source/hdl_source/test/i2s_test_tone_gen_pll.v
HDL-1007 : analyze verilog file ../user_source/hdl_source/rom/i2s_rom_player_single_pll_fix64_rom_ip.v
HDL-1007 : analyze verilog file ../user_source/hdl_source/top_tf_hdmi_audio.v
HDL-1007 : analyze verilog file ../user_source/hdl_source/SD/ax_debounce.v
HDL-1007 : analyze verilog file ../user_source/hdl_source/SD/bmp_read.v
HDL-1007 : analyze verilog file ../user_source/hdl_source/SD/color_bar.v
HDL-1007 : analyze included file ../user_source/hdl_source/SD/video_define.v in ../user_source/hdl_source/SD/color_bar.v(2)
HDL-1007 : back to file '../user_source/hdl_source/SD/color_bar.v' in ../user_source/hdl_source/SD/color_bar.v(2)
HDL-1007 : analyze verilog file ../user_source/hdl_source/SD/frame_fifo_read.v
HDL-1007 : analyze verilog file ../user_source/hdl_source/SD/frame_fifo_write.v
HDL-1007 : analyze verilog file ../user_source/hdl_source/SD/frame_read_write.v
HDL-1007 : analyze verilog file ../user_source/hdl_source/SD/sd_card_bmp.v
HDL-1007 : analyze verilog file ../user_source/hdl_source/SD/seg_decoder.v
HDL-1007 : analyze verilog file ../user_source/hdl_source/SD/seg_scan.v
HDL-1007 : analyze verilog file ../user_source/hdl_source/SD/video_delay.v
HDL-1007 : analyze verilog file ../user_source/hdl_source/SD/video_timing_data.v
HDL-1007 : analyze verilog file ../user_source/hdl_source/hdmi_audio_tone_i2s_64fs.v
HDL-1007 : analyze verilog file ../user_source/hdl_source/startup_pulse.v
HDL-1007 : analyze verilog file ../user_source/hdl_source/video_rgb_to_axis_640x480.v
HDL-1007 : analyze verilog file ../user_source/hdl_source/SD/sd_card_cmd.v
HDL-1007 : analyze verilog file ../user_source/hdl_source/SD/sd_card_sec_read_write.v
HDL-1007 : analyze verilog file ../user_source/hdl_source/SD/sd_card_top.v
HDL-1007 : analyze verilog file ../user_source/hdl_source/SD/spi_master.v
HDL-1007 : analyze verilog file ../user_source/hdl_source/SD/sdram.v
HDL-1007 : analyze included file ../user_source/hdl_source/include/global_def.v in ../user_source/hdl_source/SD/sdram.v(10)
HDL-1007 : back to file '../user_source/hdl_source/SD/sdram.v' in ../user_source/hdl_source/SD/sdram.v(10)
HDL-1007 : undeclared symbol 'SDR_CKE', assumed default net type 'wire' in ../user_source/hdl_source/SD/sdram.v(89)
HDL-1007 : analyze verilog file ../user_source/hdl_source/include/sdr_as_ram.enc.v
HDL-1007 : analyze included file ../user_source/hdl_source/include/global_def.v in ../user_source/hdl_source/include/sdr_as_ram.enc.v(10)
HDL-1007 : back to file '../user_source/hdl_source/include/sdr_as_ram.enc.v' in ../user_source/hdl_source/include/sdr_as_ram.enc.v(10)
HDL-1007 : back to file '../user_source/hdl_source/include/sdr_as_ram.enc.v' in ../user_source/hdl_source/include/sdr_as_ram.enc.v(45)
HDL-1007 : analyze verilog file ../user_source/hdl_source/include/sdr_init_ref.enc.v
HDL-1007 : analyze included file ../user_source/hdl_source/include/global_def.v in ../user_source/hdl_source/include/sdr_init_ref.enc.v(11)
HDL-1007 : back to file '../user_source/hdl_source/include/sdr_init_ref.enc.v' in ../user_source/hdl_source/include/sdr_init_ref.enc.v(11)
HDL-1007 : undeclared symbol '**', assumed default net type '**' in ../user_source/hdl_source/include/sdr_init_ref.enc.v(57)
HDL-1007 : back to file '../user_source/hdl_source/include/sdr_init_ref.enc.v' in ../user_source/hdl_source/include/sdr_init_ref.enc.v(149)
HDL-5007 WARNING: concatenation with an unsized literal will be treated as 32 bits in ../user_source/hdl_source/include/sdr_init_ref.enc.v(47)
HDL-1007 : analyze verilog file ../user_source/hdl_source/include/sdr_wrrd.enc.v
HDL-5007 WARNING: concatenation with an unsized literal will be treated as 32 bits in ../user_source/hdl_source/include/sdr_wrrd.enc.v(283)
HDL-1007 : back to file '../user_source/hdl_source/include/sdr_wrrd.enc.v' in ../user_source/hdl_source/include/sdr_wrrd.enc.v(19)
HDL-1007 : analyze verilog file ../user_source/hdl_source/hdmi_audio_tone_pcm_scale.v
PRJ-1412 : reset_run syn_1 phy_1.
PRJ-1409 : launch_runs syn_1 phy_1  -jobs 6.
PRJ-1410 : Run syn_1 success.
RUN-1002 : start command "save_best_bits"
PRJ-1424 : The implemented result of phy_1 is saved as best result.
PRJ-1410 : Run phy_1 success.
RUN-1002 : start command "import_db C:/Users/zbrmyyds/Desktop/anlu/FPGA_Prj/I2S/transmitor/APUG092_HDMI1.4b_Transmitter_V1.4/src/td_project/HDMI1.4b_Transmitter_v1.0_Runs/phy_1/HDMI1.4b_Transmitter_v1.0_pr.db"
RUN-1001 : Importing database generated by Tang Dynasty, V6.2.168116.
RUN-1001 : Database version number 46207
RUN-1001 : Import flow parameters
RUN-1001 : Import netlist
PHY-1001 : Generate detailed routing grids ...
PHY-1001 : End build routing graph; 0.868561s wall, 0.781250s user + 0.062500s system = 0.843750s CPU (97.1%)

PHY-1001 : Build lut bridge;  0.109375s wall, 0.093750s user + 0.000000s system = 0.093750s CPU (85.7%)

PHY-1001 : Generate nets ...
PHY-1001 : net clk_dup_1 will be routed on clock mesh
PHY-1001 : net U3/u2_ram/SDRAM_CLK will be routed on clock mesh
PHY-1001 : net U3/u2_ram/u1_init_ref/Sdr_clk will be routed on clock mesh
PHY-1001 : net u_hdmi_audio_tone_i2s_64fs/I_mclk will be routed on clock mesh
PHY-1001 : clock net sd_card_bmp_m0/bmp_read_m0/clk will be merged with clock sys_pll_m0/clk0_buf
PHY-1001 : clock net u_I2S_receiver/I_clk will be merged with clock video_pll_m0/clk0_buf
PHY-1001 : clock net u_audio_pll/clk0_out will be merged with clock u_audio_pll/clk0_buf
PHY-1001 : net u_hdmi2phy_wrapper/u0_lane_lvds_8_1/I_serial_clk will be routed on clock mesh
PHY-1001 : eco open net = 0
PHY-1001 : 113 feed throughs used by 78 nets
RUN-1001 : Import phy database
RUN-1001 : Import timing constraints
RUN-1001 : Import IO constraints
RUN-1001 : Import Inst constraints
RUN-1001 : Import ChipWatcher
RUN-1001 : Import design success TD_VERSION=6.2.168116 , DB_VERSION=46207
RUN-1003 : finish command "import_db C:/Users/zbrmyyds/Desktop/anlu/FPGA_Prj/I2S/transmitor/APUG092_HDMI1.4b_Transmitter_V1.4/src/td_project/HDMI1.4b_Transmitter_v1.0_Runs/phy_1/HDMI1.4b_Transmitter_v1.0_pr.db" in  3.625646s wall, 3.406250s user + 0.359375s system = 3.765625s CPU (103.9%)

RUN-1004 : used memory is 666 MB, reserved memory is 610 MB, peak memory is 728 MB
RUN-1002 : start command "commit_param -step design"
RUN-1001 : Print Global Property
RUN-1001 : --------------------------------------------------------
RUN-1001 :   Parameters   |  Settings  |  Default Values  |  Note  
RUN-1001 : --------------------------------------------------------
RUN-1001 :   enable_seed  |    off     |       off        |        
RUN-1001 :     message    |  standard  |     standard     |        
RUN-1001 :   qor_monitor  |     on     |        on        |        
RUN-1001 :   syn_ip_flow  |    off     |       off        |        
RUN-1001 :     thread     |    auto    |       auto       |        
RUN-1001 : --------------------------------------------------------
RUN-1001 : Print Design Property
RUN-1001 : ----------------------------------------------------------------
RUN-1001 :       Parameters       |  Settings  |  Default Values  |  Note  
RUN-1001 : ----------------------------------------------------------------
RUN-1001 :   default_reg_initial  |    auto    |       auto       |        
RUN-1001 :    hdl_warning_level   |   normal   |      normal      |        
RUN-1001 : ----------------------------------------------------------------
HDL-1007 : analyze verilog file ../user_source/hdl_source/ip/afifo_16_32_256.v
HDL-1007 : analyze verilog file ../user_source/hdl_source/ip/afifo_32_16_256.v
HDL-1007 : analyze verilog file ../user_source/hdl_source/ip/sys_pll.v
HDL-1007 : undeclared symbol 'open', assumed default net type 'wire' in ../user_source/hdl_source/ip/sys_pll.v(77)
HDL-1007 : analyze verilog file ../user_source/hdl_source/ip/video_pll.v
HDL-1007 : undeclared symbol 'open', assumed default net type 'wire' in ../user_source/hdl_source/ip/video_pll.v(70)
HDL-1007 : analyze verilog file al_ip/AUDIO_SAMPLE_ROM.v
HDL-1007 : analyze verilog file al_ip/PLL.v
HDL-1007 : undeclared symbol 'PLL_open0', assumed default net type 'wire' in al_ip/PLL.v(78)
HDL-1007 : undeclared symbol 'PLL_open8', assumed default net type 'wire' in al_ip/PLL.v(84)
HDL-1007 : undeclared symbol 'PLL_open7', assumed default net type 'wire' in al_ip/PLL.v(84)
HDL-1007 : undeclared symbol 'PLL_open6', assumed default net type 'wire' in al_ip/PLL.v(84)
HDL-1007 : undeclared symbol 'PLL_open5', assumed default net type 'wire' in al_ip/PLL.v(84)
HDL-1007 : undeclared symbol 'PLL_open4', assumed default net type 'wire' in al_ip/PLL.v(84)
HDL-1007 : undeclared symbol 'PLL_open3', assumed default net type 'wire' in al_ip/PLL.v(84)
HDL-1007 : undeclared symbol 'PLL_open2', assumed default net type 'wire' in al_ip/PLL.v(84)
HDL-1007 : undeclared symbol 'PLL_open1', assumed default net type 'wire' in al_ip/PLL.v(84)
HDL-1007 : undeclared symbol 'PLL_open11', assumed default net type 'wire' in al_ip/PLL.v(86)
HDL-1007 : undeclared symbol 'PLL_open10', assumed default net type 'wire' in al_ip/PLL.v(86)
HDL-1007 : undeclared symbol 'PLL_open9', assumed default net type 'wire' in al_ip/PLL.v(86)
HDL-1007 : analyze verilog file al_ip/PLL_HDMI_AUDIO.v
HDL-1007 : undeclared symbol 'PLL_HDMI_AUDIO_open0', assumed default net type 'wire' in al_ip/PLL_HDMI_AUDIO.v(85)
HDL-1007 : undeclared symbol 'PLL_HDMI_AUDIO_open8', assumed default net type 'wire' in al_ip/PLL_HDMI_AUDIO.v(91)
HDL-1007 : undeclared symbol 'PLL_HDMI_AUDIO_open7', assumed default net type 'wire' in al_ip/PLL_HDMI_AUDIO.v(91)
HDL-1007 : undeclared symbol 'PLL_HDMI_AUDIO_open6', assumed default net type 'wire' in al_ip/PLL_HDMI_AUDIO.v(91)
HDL-1007 : undeclared symbol 'PLL_HDMI_AUDIO_open5', assumed default net type 'wire' in al_ip/PLL_HDMI_AUDIO.v(91)
HDL-1007 : undeclared symbol 'PLL_HDMI_AUDIO_open4', assumed default net type 'wire' in al_ip/PLL_HDMI_AUDIO.v(91)
HDL-1007 : undeclared symbol 'PLL_HDMI_AUDIO_open3', assumed default net type 'wire' in al_ip/PLL_HDMI_AUDIO.v(91)
HDL-1007 : undeclared symbol 'PLL_HDMI_AUDIO_open2', assumed default net type 'wire' in al_ip/PLL_HDMI_AUDIO.v(91)
HDL-1007 : undeclared symbol 'PLL_HDMI_AUDIO_open1', assumed default net type 'wire' in al_ip/PLL_HDMI_AUDIO.v(91)
HDL-1007 : undeclared symbol 'PLL_HDMI_AUDIO_open10', assumed default net type 'wire' in al_ip/PLL_HDMI_AUDIO.v(93)
HDL-1007 : undeclared symbol 'PLL_HDMI_AUDIO_open9', assumed default net type 'wire' in al_ip/PLL_HDMI_AUDIO.v(93)
HDL-1007 : analyze verilog file ../user_source/hdl_source/video_source_test.v
HDL-1007 : analyze verilog file ../user_source/hdl_source/key_remove_shakes.v
HDL-1007 : analyze verilog file ../user_source/hdl_source/I2S_receiver.v
HDL-1007 : analyze verilog file ../user_source/hdl_source/audio_arc_calculate.v
HDL-1007 : analyze verilog file ../user_source/hdl_source/hdmi_phy_warpper.v
HDL-1007 : analyze verilog file ../user_source/hdl_source/lane_lvds_10_1.v
HDL-1007 : analyze verilog file ../user_source/hdl_source/hdmi1.4b_transmitter_core/hdmi_1_4b_transmitter_core_wrapper.enc.v
HDL-1007 : undeclared symbol '**', assumed default net type '**' in ../user_source/hdl_source/hdmi1.4b_transmitter_core/hdmi_1_4b_transmitter_core_wrapper.enc.v(2614)
HDL-1007 : undeclared symbol '**', assumed default net type '**' in ../user_source/hdl_source/hdmi1.4b_transmitter_core/hdmi_1_4b_transmitter_core_wrapper.enc.v(2716)
HDL-1007 : undeclared symbol '**', assumed default net type '**' in ../user_source/hdl_source/hdmi1.4b_transmitter_core/hdmi_1_4b_transmitter_core_wrapper.enc.v(2724)
HDL-1007 : undeclared symbol '**', assumed default net type '**' in ../user_source/hdl_source/hdmi1.4b_transmitter_core/hdmi_1_4b_transmitter_core_wrapper.enc.v(4936)
HDL-1007 : undeclared symbol '**', assumed default net type '**' in ../user_source/hdl_source/hdmi1.4b_transmitter_core/hdmi_1_4b_transmitter_core_wrapper.enc.v(5989)
HDL-1007 : back to file '../user_source/hdl_source/hdmi1.4b_transmitter_core/hdmi_1_4b_transmitter_core_wrapper.enc.v' in ../user_source/hdl_source/hdmi1.4b_transmitter_core/hdmi_1_4b_transmitter_core_wrapper.enc.v(77)
HDL-1007 : analyze verilog file ../user_source/hdl_source/test/i2s_test_tone_gen_pll.v
HDL-1007 : analyze verilog file ../user_source/hdl_source/rom/i2s_rom_player_single_pll_fix64_rom_ip.v
HDL-1007 : analyze verilog file ../user_source/hdl_source/top_tf_hdmi_audio.v
HDL-1007 : analyze verilog file ../user_source/hdl_source/SD/ax_debounce.v
HDL-1007 : analyze verilog file ../user_source/hdl_source/SD/bmp_read.v
HDL-1007 : analyze verilog file ../user_source/hdl_source/SD/color_bar.v
HDL-1007 : analyze included file ../user_source/hdl_source/SD/video_define.v in ../user_source/hdl_source/SD/color_bar.v(2)
HDL-1007 : back to file '../user_source/hdl_source/SD/color_bar.v' in ../user_source/hdl_source/SD/color_bar.v(2)
HDL-1007 : analyze verilog file ../user_source/hdl_source/SD/frame_fifo_read.v
HDL-1007 : analyze verilog file ../user_source/hdl_source/SD/frame_fifo_write.v
HDL-1007 : analyze verilog file ../user_source/hdl_source/SD/frame_read_write.v
HDL-1007 : analyze verilog file ../user_source/hdl_source/SD/sd_card_bmp.v
HDL-1007 : analyze verilog file ../user_source/hdl_source/SD/seg_decoder.v
HDL-1007 : analyze verilog file ../user_source/hdl_source/SD/seg_scan.v
HDL-1007 : analyze verilog file ../user_source/hdl_source/SD/video_delay.v
HDL-1007 : analyze verilog file ../user_source/hdl_source/SD/video_timing_data.v
HDL-1007 : analyze verilog file ../user_source/hdl_source/hdmi_audio_tone_i2s_64fs.v
HDL-1007 : analyze verilog file ../user_source/hdl_source/startup_pulse.v
HDL-1007 : analyze verilog file ../user_source/hdl_source/video_rgb_to_axis_640x480.v
HDL-1007 : analyze verilog file ../user_source/hdl_source/SD/sd_card_cmd.v
HDL-1007 : analyze verilog file ../user_source/hdl_source/SD/sd_card_sec_read_write.v
HDL-1007 : analyze verilog file ../user_source/hdl_source/SD/sd_card_top.v
HDL-1007 : analyze verilog file ../user_source/hdl_source/SD/spi_master.v
HDL-1007 : analyze verilog file ../user_source/hdl_source/SD/sdram.v
HDL-1007 : analyze included file ../user_source/hdl_source/include/global_def.v in ../user_source/hdl_source/SD/sdram.v(10)
HDL-1007 : back to file '../user_source/hdl_source/SD/sdram.v' in ../user_source/hdl_source/SD/sdram.v(10)
HDL-1007 : undeclared symbol 'SDR_CKE', assumed default net type 'wire' in ../user_source/hdl_source/SD/sdram.v(89)
HDL-1007 : analyze verilog file ../user_source/hdl_source/include/sdr_as_ram.enc.v
HDL-1007 : analyze included file ../user_source/hdl_source/include/global_def.v in ../user_source/hdl_source/include/sdr_as_ram.enc.v(10)
HDL-1007 : back to file '../user_source/hdl_source/include/sdr_as_ram.enc.v' in ../user_source/hdl_source/include/sdr_as_ram.enc.v(10)
HDL-1007 : back to file '../user_source/hdl_source/include/sdr_as_ram.enc.v' in ../user_source/hdl_source/include/sdr_as_ram.enc.v(45)
HDL-1007 : analyze verilog file ../user_source/hdl_source/include/sdr_init_ref.enc.v
HDL-1007 : analyze included file ../user_source/hdl_source/include/global_def.v in ../user_source/hdl_source/include/sdr_init_ref.enc.v(11)
HDL-1007 : back to file '../user_source/hdl_source/include/sdr_init_ref.enc.v' in ../user_source/hdl_source/include/sdr_init_ref.enc.v(11)
HDL-1007 : undeclared symbol '**', assumed default net type '**' in ../user_source/hdl_source/include/sdr_init_ref.enc.v(57)
HDL-1007 : back to file '../user_source/hdl_source/include/sdr_init_ref.enc.v' in ../user_source/hdl_source/include/sdr_init_ref.enc.v(149)
HDL-5007 WARNING: concatenation with an unsized literal will be treated as 32 bits in ../user_source/hdl_source/include/sdr_init_ref.enc.v(47)
HDL-1007 : analyze verilog file ../user_source/hdl_source/include/sdr_wrrd.enc.v
HDL-5007 WARNING: concatenation with an unsized literal will be treated as 32 bits in ../user_source/hdl_source/include/sdr_wrrd.enc.v(283)
HDL-1007 : back to file '../user_source/hdl_source/include/sdr_wrrd.enc.v' in ../user_source/hdl_source/include/sdr_wrrd.enc.v(19)
HDL-1007 : analyze verilog file ../user_source/hdl_source/hdmi_audio_tone_pcm_scale.v
PRJ-1412 : reset_run syn_1 phy_1.
PRJ-1409 : launch_runs syn_1 phy_1  -jobs 6.
PRJ-1410 : Run syn_1 success.
RUN-1002 : start command "save_best_bits"
PRJ-1424 : The implemented result of phy_1 is saved as best result.
PRJ-1410 : Run phy_1 success.
RUN-1002 : start command "import_db C:/Users/zbrmyyds/Desktop/anlu/FPGA_Prj/I2S/transmitor/APUG092_HDMI1.4b_Transmitter_V1.4/src/td_project/HDMI1.4b_Transmitter_v1.0_Runs/phy_1/HDMI1.4b_Transmitter_v1.0_pr.db"
RUN-1001 : Importing database generated by Tang Dynasty, V6.2.168116.
RUN-1001 : Database version number 46207
RUN-1001 : Import flow parameters
RUN-1001 : Import netlist
PHY-1001 : Generate detailed routing grids ...
PHY-1001 : End build routing graph; 0.506777s wall, 0.468750s user + 0.078125s system = 0.546875s CPU (107.9%)

PHY-1001 : Build lut bridge;  0.055956s wall, 0.062500s user + 0.015625s system = 0.078125s CPU (139.6%)

PHY-1001 : Generate nets ...
PHY-1001 : net clk_dup_1 will be routed on clock mesh
PHY-1001 : net U3/u2_ram/SDRAM_CLK will be routed on clock mesh
PHY-1001 : net U3/u2_ram/u1_init_ref/Sdr_clk will be routed on clock mesh
PHY-1001 : net u_hdmi_audio_tone_i2s_64fs/I_mclk will be routed on clock mesh
PHY-1001 : clock net sd_card_bmp_m0/bmp_read_m0/clk will be merged with clock sys_pll_m0/clk0_buf
PHY-1001 : clock net u_I2S_receiver/I_clk will be merged with clock video_pll_m0/clk0_buf
PHY-1001 : clock net u_audio_pll/clk0_out will be merged with clock u_audio_pll/clk0_buf
PHY-1001 : net u_hdmi2phy_wrapper/u0_lane_lvds_8_1/I_serial_clk will be routed on clock mesh
PHY-1001 : eco open net = 0
PHY-1001 : 103 feed throughs used by 72 nets
RUN-1001 : Import phy database
RUN-1001 : Import timing constraints
RUN-1001 : Import IO constraints
RUN-1001 : Import Inst constraints
RUN-1001 : Import ChipWatcher
RUN-1001 : Import design success TD_VERSION=6.2.168116 , DB_VERSION=46207
RUN-1003 : finish command "import_db C:/Users/zbrmyyds/Desktop/anlu/FPGA_Prj/I2S/transmitor/APUG092_HDMI1.4b_Transmitter_V1.4/src/td_project/HDMI1.4b_Transmitter_v1.0_Runs/phy_1/HDMI1.4b_Transmitter_v1.0_pr.db" in  1.998311s wall, 1.968750s user + 0.187500s system = 2.156250s CPU (107.9%)

RUN-1004 : used memory is 704 MB, reserved memory is 655 MB, peak memory is 739 MB
RUN-1002 : start command "commit_param -step design"
RUN-1001 : Print Global Property
RUN-1001 : --------------------------------------------------------
RUN-1001 :   Parameters   |  Settings  |  Default Values  |  Note  
RUN-1001 : --------------------------------------------------------
RUN-1001 :   enable_seed  |    off     |       off        |        
RUN-1001 :     message    |  standard  |     standard     |        
RUN-1001 :   qor_monitor  |     on     |        on        |        
RUN-1001 :   syn_ip_flow  |    off     |       off        |        
RUN-1001 :     thread     |    auto    |       auto       |        
RUN-1001 : --------------------------------------------------------
RUN-1001 : Print Design Property
RUN-1001 : ----------------------------------------------------------------
RUN-1001 :       Parameters       |  Settings  |  Default Values  |  Note  
RUN-1001 : ----------------------------------------------------------------
RUN-1001 :   default_reg_initial  |    auto    |       auto       |        
RUN-1001 :    hdl_warning_level   |   normal   |      normal      |        
RUN-1001 : ----------------------------------------------------------------
HDL-1007 : analyze verilog file ../user_source/hdl_source/ip/afifo_16_32_256.v
HDL-1007 : analyze verilog file ../user_source/hdl_source/ip/afifo_32_16_256.v
HDL-1007 : analyze verilog file ../user_source/hdl_source/ip/sys_pll.v
HDL-1007 : undeclared symbol 'open', assumed default net type 'wire' in ../user_source/hdl_source/ip/sys_pll.v(77)
HDL-1007 : analyze verilog file ../user_source/hdl_source/ip/video_pll.v
HDL-1007 : undeclared symbol 'open', assumed default net type 'wire' in ../user_source/hdl_source/ip/video_pll.v(70)
HDL-1007 : analyze verilog file al_ip/AUDIO_SAMPLE_ROM.v
HDL-1007 : analyze verilog file al_ip/PLL.v
HDL-1007 : undeclared symbol 'PLL_open0', assumed default net type 'wire' in al_ip/PLL.v(78)
HDL-1007 : undeclared symbol 'PLL_open8', assumed default net type 'wire' in al_ip/PLL.v(84)
HDL-1007 : undeclared symbol 'PLL_open7', assumed default net type 'wire' in al_ip/PLL.v(84)
HDL-1007 : undeclared symbol 'PLL_open6', assumed default net type 'wire' in al_ip/PLL.v(84)
HDL-1007 : undeclared symbol 'PLL_open5', assumed default net type 'wire' in al_ip/PLL.v(84)
HDL-1007 : undeclared symbol 'PLL_open4', assumed default net type 'wire' in al_ip/PLL.v(84)
HDL-1007 : undeclared symbol 'PLL_open3', assumed default net type 'wire' in al_ip/PLL.v(84)
HDL-1007 : undeclared symbol 'PLL_open2', assumed default net type 'wire' in al_ip/PLL.v(84)
HDL-1007 : undeclared symbol 'PLL_open1', assumed default net type 'wire' in al_ip/PLL.v(84)
HDL-1007 : undeclared symbol 'PLL_open11', assumed default net type 'wire' in al_ip/PLL.v(86)
HDL-1007 : undeclared symbol 'PLL_open10', assumed default net type 'wire' in al_ip/PLL.v(86)
HDL-1007 : undeclared symbol 'PLL_open9', assumed default net type 'wire' in al_ip/PLL.v(86)
HDL-1007 : analyze verilog file al_ip/PLL_HDMI_AUDIO.v
HDL-1007 : undeclared symbol 'PLL_HDMI_AUDIO_open0', assumed default net type 'wire' in al_ip/PLL_HDMI_AUDIO.v(85)
HDL-1007 : undeclared symbol 'PLL_HDMI_AUDIO_open8', assumed default net type 'wire' in al_ip/PLL_HDMI_AUDIO.v(91)
HDL-1007 : undeclared symbol 'PLL_HDMI_AUDIO_open7', assumed default net type 'wire' in al_ip/PLL_HDMI_AUDIO.v(91)
HDL-1007 : undeclared symbol 'PLL_HDMI_AUDIO_open6', assumed default net type 'wire' in al_ip/PLL_HDMI_AUDIO.v(91)
HDL-1007 : undeclared symbol 'PLL_HDMI_AUDIO_open5', assumed default net type 'wire' in al_ip/PLL_HDMI_AUDIO.v(91)
HDL-1007 : undeclared symbol 'PLL_HDMI_AUDIO_open4', assumed default net type 'wire' in al_ip/PLL_HDMI_AUDIO.v(91)
HDL-1007 : undeclared symbol 'PLL_HDMI_AUDIO_open3', assumed default net type 'wire' in al_ip/PLL_HDMI_AUDIO.v(91)
HDL-1007 : undeclared symbol 'PLL_HDMI_AUDIO_open2', assumed default net type 'wire' in al_ip/PLL_HDMI_AUDIO.v(91)
HDL-1007 : undeclared symbol 'PLL_HDMI_AUDIO_open1', assumed default net type 'wire' in al_ip/PLL_HDMI_AUDIO.v(91)
HDL-1007 : undeclared symbol 'PLL_HDMI_AUDIO_open10', assumed default net type 'wire' in al_ip/PLL_HDMI_AUDIO.v(93)
HDL-1007 : undeclared symbol 'PLL_HDMI_AUDIO_open9', assumed default net type 'wire' in al_ip/PLL_HDMI_AUDIO.v(93)
HDL-1007 : analyze verilog file ../user_source/hdl_source/video_source_test.v
HDL-1007 : analyze verilog file ../user_source/hdl_source/key_remove_shakes.v
HDL-1007 : analyze verilog file ../user_source/hdl_source/I2S_receiver.v
HDL-1007 : analyze verilog file ../user_source/hdl_source/audio_arc_calculate.v
HDL-1007 : analyze verilog file ../user_source/hdl_source/hdmi_phy_warpper.v
HDL-1007 : analyze verilog file ../user_source/hdl_source/lane_lvds_10_1.v
HDL-1007 : analyze verilog file ../user_source/hdl_source/hdmi1.4b_transmitter_core/hdmi_1_4b_transmitter_core_wrapper.enc.v
HDL-1007 : undeclared symbol '**', assumed default net type '**' in ../user_source/hdl_source/hdmi1.4b_transmitter_core/hdmi_1_4b_transmitter_core_wrapper.enc.v(2614)
HDL-1007 : undeclared symbol '**', assumed default net type '**' in ../user_source/hdl_source/hdmi1.4b_transmitter_core/hdmi_1_4b_transmitter_core_wrapper.enc.v(2716)
HDL-1007 : undeclared symbol '**', assumed default net type '**' in ../user_source/hdl_source/hdmi1.4b_transmitter_core/hdmi_1_4b_transmitter_core_wrapper.enc.v(2724)
HDL-1007 : undeclared symbol '**', assumed default net type '**' in ../user_source/hdl_source/hdmi1.4b_transmitter_core/hdmi_1_4b_transmitter_core_wrapper.enc.v(4936)
HDL-1007 : undeclared symbol '**', assumed default net type '**' in ../user_source/hdl_source/hdmi1.4b_transmitter_core/hdmi_1_4b_transmitter_core_wrapper.enc.v(5989)
HDL-1007 : back to file '../user_source/hdl_source/hdmi1.4b_transmitter_core/hdmi_1_4b_transmitter_core_wrapper.enc.v' in ../user_source/hdl_source/hdmi1.4b_transmitter_core/hdmi_1_4b_transmitter_core_wrapper.enc.v(77)
HDL-1007 : analyze verilog file ../user_source/hdl_source/test/i2s_test_tone_gen_pll.v
HDL-1007 : analyze verilog file ../user_source/hdl_source/rom/i2s_rom_player_single_pll_fix64_rom_ip.v
HDL-1007 : analyze verilog file ../user_source/hdl_source/top_tf_hdmi_audio.v
HDL-1007 : analyze verilog file ../user_source/hdl_source/SD/ax_debounce.v
HDL-1007 : analyze verilog file ../user_source/hdl_source/SD/bmp_read.v
HDL-1007 : analyze verilog file ../user_source/hdl_source/SD/color_bar.v
HDL-1007 : analyze included file ../user_source/hdl_source/SD/video_define.v in ../user_source/hdl_source/SD/color_bar.v(2)
HDL-1007 : back to file '../user_source/hdl_source/SD/color_bar.v' in ../user_source/hdl_source/SD/color_bar.v(2)
HDL-1007 : analyze verilog file ../user_source/hdl_source/SD/frame_fifo_read.v
HDL-1007 : analyze verilog file ../user_source/hdl_source/SD/frame_fifo_write.v
HDL-1007 : analyze verilog file ../user_source/hdl_source/SD/frame_read_write.v
HDL-1007 : analyze verilog file ../user_source/hdl_source/SD/sd_card_bmp.v
HDL-1007 : analyze verilog file ../user_source/hdl_source/SD/seg_decoder.v
HDL-1007 : analyze verilog file ../user_source/hdl_source/SD/seg_scan.v
HDL-1007 : analyze verilog file ../user_source/hdl_source/SD/video_delay.v
HDL-1007 : analyze verilog file ../user_source/hdl_source/SD/video_timing_data.v
HDL-1007 : analyze verilog file ../user_source/hdl_source/hdmi_audio_tone_i2s_64fs.v
HDL-1007 : analyze verilog file ../user_source/hdl_source/startup_pulse.v
HDL-1007 : analyze verilog file ../user_source/hdl_source/video_rgb_to_axis_640x480.v
HDL-1007 : analyze verilog file ../user_source/hdl_source/SD/sd_card_cmd.v
HDL-1007 : analyze verilog file ../user_source/hdl_source/SD/sd_card_sec_read_write.v
HDL-1007 : analyze verilog file ../user_source/hdl_source/SD/sd_card_top.v
HDL-1007 : analyze verilog file ../user_source/hdl_source/SD/spi_master.v
HDL-1007 : analyze verilog file ../user_source/hdl_source/SD/sdram.v
HDL-1007 : analyze included file ../user_source/hdl_source/include/global_def.v in ../user_source/hdl_source/SD/sdram.v(10)
HDL-1007 : back to file '../user_source/hdl_source/SD/sdram.v' in ../user_source/hdl_source/SD/sdram.v(10)
HDL-1007 : undeclared symbol 'SDR_CKE', assumed default net type 'wire' in ../user_source/hdl_source/SD/sdram.v(89)
HDL-1007 : analyze verilog file ../user_source/hdl_source/include/sdr_as_ram.enc.v
HDL-1007 : analyze included file ../user_source/hdl_source/include/global_def.v in ../user_source/hdl_source/include/sdr_as_ram.enc.v(10)
HDL-1007 : back to file '../user_source/hdl_source/include/sdr_as_ram.enc.v' in ../user_source/hdl_source/include/sdr_as_ram.enc.v(10)
HDL-1007 : back to file '../user_source/hdl_source/include/sdr_as_ram.enc.v' in ../user_source/hdl_source/include/sdr_as_ram.enc.v(45)
HDL-1007 : analyze verilog file ../user_source/hdl_source/include/sdr_init_ref.enc.v
HDL-1007 : analyze included file ../user_source/hdl_source/include/global_def.v in ../user_source/hdl_source/include/sdr_init_ref.enc.v(11)
HDL-1007 : back to file '../user_source/hdl_source/include/sdr_init_ref.enc.v' in ../user_source/hdl_source/include/sdr_init_ref.enc.v(11)
HDL-1007 : undeclared symbol '**', assumed default net type '**' in ../user_source/hdl_source/include/sdr_init_ref.enc.v(57)
HDL-1007 : back to file '../user_source/hdl_source/include/sdr_init_ref.enc.v' in ../user_source/hdl_source/include/sdr_init_ref.enc.v(149)
HDL-5007 WARNING: concatenation with an unsized literal will be treated as 32 bits in ../user_source/hdl_source/include/sdr_init_ref.enc.v(47)
HDL-1007 : analyze verilog file ../user_source/hdl_source/include/sdr_wrrd.enc.v
HDL-5007 WARNING: concatenation with an unsized literal will be treated as 32 bits in ../user_source/hdl_source/include/sdr_wrrd.enc.v(283)
HDL-1007 : back to file '../user_source/hdl_source/include/sdr_wrrd.enc.v' in ../user_source/hdl_source/include/sdr_wrrd.enc.v(19)
HDL-1007 : analyze verilog file ../user_source/hdl_source/hdmi_audio_tone_pcm_scale.v
PRJ-1412 : reset_run syn_1 phy_1.
PRJ-1409 : launch_runs syn_1 phy_1  -jobs 6.
PRJ-1410 : Run syn_1 success.
PRJ-1410 : Run phy_1 success.
RUN-1002 : start command "save_best_bits"
PRJ-1424 : The implemented result of phy_1 is saved as best result.
RUN-1002 : start command "import_db C:/Users/zbrmyyds/Desktop/anlu/FPGA_Prj/I2S/transmitor/APUG092_HDMI1.4b_Transmitter_V1.4/src/td_project/HDMI1.4b_Transmitter_v1.0_Runs/phy_1/HDMI1.4b_Transmitter_v1.0_pr.db"
RUN-1001 : Importing database generated by Tang Dynasty, V6.2.168116.
RUN-1001 : Database version number 46207
RUN-1001 : Import flow parameters
RUN-1001 : Import netlist
PHY-1001 : Generate detailed routing grids ...
PHY-1001 : End build routing graph; 0.982284s wall, 0.750000s user + 0.093750s system = 0.843750s CPU (85.9%)

PHY-1001 : Build lut bridge;  0.103480s wall, 0.109375s user + 0.000000s system = 0.109375s CPU (105.7%)

PHY-1001 : Generate nets ...
PHY-1001 : net clk_dup_1 will be routed on clock mesh
PHY-1001 : net U3/u2_ram/SDRAM_CLK will be routed on clock mesh
PHY-1001 : net U3/u2_ram/u1_init_ref/Sdr_clk will be routed on clock mesh
PHY-1001 : net u_hdmi_audio_tone_i2s_64fs/I_mclk will be routed on clock mesh
PHY-1001 : clock net sd_card_bmp_m0/bmp_read_m0/clk will be merged with clock sys_pll_m0/clk0_buf
PHY-1001 : clock net u_I2S_receiver/I_clk will be merged with clock video_pll_m0/clk0_buf
PHY-1001 : clock net u_audio_pll/clk0_out will be merged with clock u_audio_pll/clk0_buf
PHY-1001 : net u_hdmi2phy_wrapper/u0_lane_lvds_8_1/I_serial_clk will be routed on clock mesh
PHY-1001 : eco open net = 0
PHY-1001 : 106 feed throughs used by 80 nets
RUN-1001 : Import phy database
RUN-1001 : Import timing constraints
RUN-1001 : Import IO constraints
RUN-1001 : Import Inst constraints
RUN-1001 : Import ChipWatcher
RUN-1001 : Import design success TD_VERSION=6.2.168116 , DB_VERSION=46207
RUN-1003 : finish command "import_db C:/Users/zbrmyyds/Desktop/anlu/FPGA_Prj/I2S/transmitor/APUG092_HDMI1.4b_Transmitter_V1.4/src/td_project/HDMI1.4b_Transmitter_v1.0_Runs/phy_1/HDMI1.4b_Transmitter_v1.0_pr.db" in  3.769445s wall, 3.421875s user + 0.453125s system = 3.875000s CPU (102.8%)

RUN-1004 : used memory is 706 MB, reserved memory is 655 MB, peak memory is 740 MB
RUN-1002 : start command "commit_param -step design"
RUN-1001 : Print Global Property
RUN-1001 : --------------------------------------------------------
RUN-1001 :   Parameters   |  Settings  |  Default Values  |  Note  
RUN-1001 : --------------------------------------------------------
RUN-1001 :   enable_seed  |    off     |       off        |        
RUN-1001 :     message    |  standard  |     standard     |        
RUN-1001 :   qor_monitor  |     on     |        on        |        
RUN-1001 :   syn_ip_flow  |    off     |       off        |        
RUN-1001 :     thread     |    auto    |       auto       |        
RUN-1001 : --------------------------------------------------------
RUN-1001 : Print Design Property
RUN-1001 : ----------------------------------------------------------------
RUN-1001 :       Parameters       |  Settings  |  Default Values  |  Note  
RUN-1001 : ----------------------------------------------------------------
RUN-1001 :   default_reg_initial  |    auto    |       auto       |        
RUN-1001 :    hdl_warning_level   |   normal   |      normal      |        
RUN-1001 : ----------------------------------------------------------------
HDL-1007 : analyze verilog file ../user_source/hdl_source/ip/afifo_16_32_256.v
HDL-1007 : analyze verilog file ../user_source/hdl_source/ip/afifo_32_16_256.v
HDL-1007 : analyze verilog file ../user_source/hdl_source/ip/sys_pll.v
HDL-1007 : undeclared symbol 'open', assumed default net type 'wire' in ../user_source/hdl_source/ip/sys_pll.v(77)
HDL-1007 : analyze verilog file ../user_source/hdl_source/ip/video_pll.v
HDL-1007 : undeclared symbol 'open', assumed default net type 'wire' in ../user_source/hdl_source/ip/video_pll.v(70)
HDL-1007 : analyze verilog file al_ip/AUDIO_SAMPLE_ROM.v
HDL-1007 : analyze verilog file al_ip/PLL.v
HDL-1007 : undeclared symbol 'PLL_open0', assumed default net type 'wire' in al_ip/PLL.v(78)
HDL-1007 : undeclared symbol 'PLL_open8', assumed default net type 'wire' in al_ip/PLL.v(84)
HDL-1007 : undeclared symbol 'PLL_open7', assumed default net type 'wire' in al_ip/PLL.v(84)
HDL-1007 : undeclared symbol 'PLL_open6', assumed default net type 'wire' in al_ip/PLL.v(84)
HDL-1007 : undeclared symbol 'PLL_open5', assumed default net type 'wire' in al_ip/PLL.v(84)
HDL-1007 : undeclared symbol 'PLL_open4', assumed default net type 'wire' in al_ip/PLL.v(84)
HDL-1007 : undeclared symbol 'PLL_open3', assumed default net type 'wire' in al_ip/PLL.v(84)
HDL-1007 : undeclared symbol 'PLL_open2', assumed default net type 'wire' in al_ip/PLL.v(84)
HDL-1007 : undeclared symbol 'PLL_open1', assumed default net type 'wire' in al_ip/PLL.v(84)
HDL-1007 : undeclared symbol 'PLL_open11', assumed default net type 'wire' in al_ip/PLL.v(86)
HDL-1007 : undeclared symbol 'PLL_open10', assumed default net type 'wire' in al_ip/PLL.v(86)
HDL-1007 : undeclared symbol 'PLL_open9', assumed default net type 'wire' in al_ip/PLL.v(86)
HDL-1007 : analyze verilog file al_ip/PLL_HDMI_AUDIO.v
HDL-1007 : undeclared symbol 'PLL_HDMI_AUDIO_open0', assumed default net type 'wire' in al_ip/PLL_HDMI_AUDIO.v(85)
HDL-1007 : undeclared symbol 'PLL_HDMI_AUDIO_open8', assumed default net type 'wire' in al_ip/PLL_HDMI_AUDIO.v(91)
HDL-1007 : undeclared symbol 'PLL_HDMI_AUDIO_open7', assumed default net type 'wire' in al_ip/PLL_HDMI_AUDIO.v(91)
HDL-1007 : undeclared symbol 'PLL_HDMI_AUDIO_open6', assumed default net type 'wire' in al_ip/PLL_HDMI_AUDIO.v(91)
HDL-1007 : undeclared symbol 'PLL_HDMI_AUDIO_open5', assumed default net type 'wire' in al_ip/PLL_HDMI_AUDIO.v(91)
HDL-1007 : undeclared symbol 'PLL_HDMI_AUDIO_open4', assumed default net type 'wire' in al_ip/PLL_HDMI_AUDIO.v(91)
HDL-1007 : undeclared symbol 'PLL_HDMI_AUDIO_open3', assumed default net type 'wire' in al_ip/PLL_HDMI_AUDIO.v(91)
HDL-1007 : undeclared symbol 'PLL_HDMI_AUDIO_open2', assumed default net type 'wire' in al_ip/PLL_HDMI_AUDIO.v(91)
HDL-1007 : undeclared symbol 'PLL_HDMI_AUDIO_open1', assumed default net type 'wire' in al_ip/PLL_HDMI_AUDIO.v(91)
HDL-1007 : undeclared symbol 'PLL_HDMI_AUDIO_open10', assumed default net type 'wire' in al_ip/PLL_HDMI_AUDIO.v(93)
HDL-1007 : undeclared symbol 'PLL_HDMI_AUDIO_open9', assumed default net type 'wire' in al_ip/PLL_HDMI_AUDIO.v(93)
HDL-1007 : analyze verilog file ../user_source/hdl_source/video_source_test.v
HDL-1007 : analyze verilog file ../user_source/hdl_source/key_remove_shakes.v
HDL-1007 : analyze verilog file ../user_source/hdl_source/I2S_receiver.v
HDL-1007 : analyze verilog file ../user_source/hdl_source/audio_arc_calculate.v
HDL-1007 : analyze verilog file ../user_source/hdl_source/hdmi_phy_warpper.v
HDL-1007 : analyze verilog file ../user_source/hdl_source/lane_lvds_10_1.v
HDL-1007 : analyze verilog file ../user_source/hdl_source/hdmi1.4b_transmitter_core/hdmi_1_4b_transmitter_core_wrapper.enc.v
HDL-1007 : undeclared symbol '**', assumed default net type '**' in ../user_source/hdl_source/hdmi1.4b_transmitter_core/hdmi_1_4b_transmitter_core_wrapper.enc.v(2614)
HDL-1007 : undeclared symbol '**', assumed default net type '**' in ../user_source/hdl_source/hdmi1.4b_transmitter_core/hdmi_1_4b_transmitter_core_wrapper.enc.v(2716)
HDL-1007 : undeclared symbol '**', assumed default net type '**' in ../user_source/hdl_source/hdmi1.4b_transmitter_core/hdmi_1_4b_transmitter_core_wrapper.enc.v(2724)
HDL-1007 : undeclared symbol '**', assumed default net type '**' in ../user_source/hdl_source/hdmi1.4b_transmitter_core/hdmi_1_4b_transmitter_core_wrapper.enc.v(4936)
HDL-1007 : undeclared symbol '**', assumed default net type '**' in ../user_source/hdl_source/hdmi1.4b_transmitter_core/hdmi_1_4b_transmitter_core_wrapper.enc.v(5989)
HDL-1007 : back to file '../user_source/hdl_source/hdmi1.4b_transmitter_core/hdmi_1_4b_transmitter_core_wrapper.enc.v' in ../user_source/hdl_source/hdmi1.4b_transmitter_core/hdmi_1_4b_transmitter_core_wrapper.enc.v(77)
HDL-1007 : analyze verilog file ../user_source/hdl_source/test/i2s_test_tone_gen_pll.v
HDL-1007 : analyze verilog file ../user_source/hdl_source/rom/i2s_rom_player_single_pll_fix64_rom_ip.v
HDL-1007 : analyze verilog file ../user_source/hdl_source/top_tf_hdmi_audio.v
HDL-1007 : analyze verilog file ../user_source/hdl_source/SD/ax_debounce.v
HDL-1007 : analyze verilog file ../user_source/hdl_source/SD/bmp_read.v
HDL-1007 : analyze verilog file ../user_source/hdl_source/SD/color_bar.v
HDL-1007 : analyze included file ../user_source/hdl_source/SD/video_define.v in ../user_source/hdl_source/SD/color_bar.v(2)
HDL-1007 : back to file '../user_source/hdl_source/SD/color_bar.v' in ../user_source/hdl_source/SD/color_bar.v(2)
HDL-1007 : analyze verilog file ../user_source/hdl_source/SD/frame_fifo_read.v
HDL-1007 : analyze verilog file ../user_source/hdl_source/SD/frame_fifo_write.v
HDL-1007 : analyze verilog file ../user_source/hdl_source/SD/frame_read_write.v
HDL-1007 : analyze verilog file ../user_source/hdl_source/SD/sd_card_bmp.v
HDL-1007 : analyze verilog file ../user_source/hdl_source/SD/seg_decoder.v
HDL-1007 : analyze verilog file ../user_source/hdl_source/SD/seg_scan.v
HDL-1007 : analyze verilog file ../user_source/hdl_source/SD/video_delay.v
HDL-1007 : analyze verilog file ../user_source/hdl_source/SD/video_timing_data.v
HDL-1007 : analyze verilog file ../user_source/hdl_source/hdmi_audio_tone_i2s_64fs.v
HDL-1007 : analyze verilog file ../user_source/hdl_source/startup_pulse.v
HDL-1007 : analyze verilog file ../user_source/hdl_source/video_rgb_to_axis_640x480.v
HDL-1007 : analyze verilog file ../user_source/hdl_source/SD/sd_card_cmd.v
HDL-1007 : analyze verilog file ../user_source/hdl_source/SD/sd_card_sec_read_write.v
HDL-1007 : analyze verilog file ../user_source/hdl_source/SD/sd_card_top.v
HDL-1007 : analyze verilog file ../user_source/hdl_source/SD/spi_master.v
HDL-1007 : analyze verilog file ../user_source/hdl_source/SD/sdram.v
HDL-1007 : analyze included file ../user_source/hdl_source/include/global_def.v in ../user_source/hdl_source/SD/sdram.v(10)
HDL-1007 : back to file '../user_source/hdl_source/SD/sdram.v' in ../user_source/hdl_source/SD/sdram.v(10)
HDL-1007 : undeclared symbol 'SDR_CKE', assumed default net type 'wire' in ../user_source/hdl_source/SD/sdram.v(89)
HDL-1007 : analyze verilog file ../user_source/hdl_source/include/sdr_as_ram.enc.v
HDL-1007 : analyze included file ../user_source/hdl_source/include/global_def.v in ../user_source/hdl_source/include/sdr_as_ram.enc.v(10)
HDL-1007 : back to file '../user_source/hdl_source/include/sdr_as_ram.enc.v' in ../user_source/hdl_source/include/sdr_as_ram.enc.v(10)
HDL-1007 : back to file '../user_source/hdl_source/include/sdr_as_ram.enc.v' in ../user_source/hdl_source/include/sdr_as_ram.enc.v(45)
HDL-1007 : analyze verilog file ../user_source/hdl_source/include/sdr_init_ref.enc.v
HDL-1007 : analyze included file ../user_source/hdl_source/include/global_def.v in ../user_source/hdl_source/include/sdr_init_ref.enc.v(11)
HDL-1007 : back to file '../user_source/hdl_source/include/sdr_init_ref.enc.v' in ../user_source/hdl_source/include/sdr_init_ref.enc.v(11)
HDL-1007 : undeclared symbol '**', assumed default net type '**' in ../user_source/hdl_source/include/sdr_init_ref.enc.v(57)
HDL-1007 : back to file '../user_source/hdl_source/include/sdr_init_ref.enc.v' in ../user_source/hdl_source/include/sdr_init_ref.enc.v(149)
HDL-5007 WARNING: concatenation with an unsized literal will be treated as 32 bits in ../user_source/hdl_source/include/sdr_init_ref.enc.v(47)
HDL-1007 : analyze verilog file ../user_source/hdl_source/include/sdr_wrrd.enc.v
HDL-5007 WARNING: concatenation with an unsized literal will be treated as 32 bits in ../user_source/hdl_source/include/sdr_wrrd.enc.v(283)
HDL-1007 : back to file '../user_source/hdl_source/include/sdr_wrrd.enc.v' in ../user_source/hdl_source/include/sdr_wrrd.enc.v(19)
HDL-1007 : analyze verilog file ../user_source/hdl_source/hdmi_audio_tone_pcm_scale.v
PRJ-1412 : reset_run syn_1 phy_1.
PRJ-1409 : launch_runs syn_1 phy_1  -jobs 6.
PRJ-1410 : Run syn_1 success.
RUN-1002 : start command "save_best_bits"
PRJ-1424 : The implemented result of phy_1 is saved as best result.
PRJ-1410 : Run phy_1 success.
RUN-1002 : start command "import_db C:/Users/zbrmyyds/Desktop/anlu/FPGA_Prj/I2S/transmitor/APUG092_HDMI1.4b_Transmitter_V1.4/src/td_project/HDMI1.4b_Transmitter_v1.0_Runs/phy_1/HDMI1.4b_Transmitter_v1.0_pr.db"
RUN-1001 : Importing database generated by Tang Dynasty, V6.2.168116.
RUN-1001 : Database version number 46207
RUN-1001 : Import flow parameters
RUN-1001 : Import netlist
PHY-1001 : Generate detailed routing grids ...
PHY-1001 : End build routing graph; 0.476771s wall, 0.468750s user + 0.015625s system = 0.484375s CPU (101.6%)

PHY-1001 : Build lut bridge;  0.056850s wall, 0.062500s user + 0.015625s system = 0.078125s CPU (137.4%)

PHY-1001 : Generate nets ...
PHY-1001 : net clk_dup_1 will be routed on clock mesh
PHY-1001 : net U3/u2_ram/SDRAM_CLK will be routed on clock mesh
PHY-1001 : net U3/u2_ram/u1_init_ref/Sdr_clk will be routed on clock mesh
PHY-1001 : net u_hdmi_audio_tone_i2s_64fs/I_mclk will be routed on clock mesh
PHY-1001 : clock net sd_card_bmp_m0/bmp_read_m0/clk will be merged with clock sys_pll_m0/clk0_buf
PHY-1001 : clock net u_I2S_receiver/I_clk will be merged with clock video_pll_m0/clk0_buf
PHY-1001 : clock net u_audio_pll/clk0_out will be merged with clock u_audio_pll/clk0_buf
PHY-1001 : net u_hdmi2phy_wrapper/u0_lane_lvds_8_1/I_serial_clk will be routed on clock mesh
PHY-1001 : eco open net = 0
PHY-1001 : 80 feed throughs used by 61 nets
RUN-1001 : Import phy database
RUN-1001 : Import timing constraints
RUN-1001 : Import IO constraints
RUN-1001 : Import Inst constraints
RUN-1001 : Import ChipWatcher
RUN-1001 : Import design success TD_VERSION=6.2.168116 , DB_VERSION=46207
RUN-1003 : finish command "import_db C:/Users/zbrmyyds/Desktop/anlu/FPGA_Prj/I2S/transmitor/APUG092_HDMI1.4b_Transmitter_V1.4/src/td_project/HDMI1.4b_Transmitter_v1.0_Runs/phy_1/HDMI1.4b_Transmitter_v1.0_pr.db" in  1.904235s wall, 1.812500s user + 0.187500s system = 2.000000s CPU (105.0%)

RUN-1004 : used memory is 703 MB, reserved memory is 654 MB, peak memory is 740 MB
RUN-1002 : start command "commit_param -step design"
RUN-1001 : Print Global Property
RUN-1001 : --------------------------------------------------------
RUN-1001 :   Parameters   |  Settings  |  Default Values  |  Note  
RUN-1001 : --------------------------------------------------------
RUN-1001 :   enable_seed  |    off     |       off        |        
RUN-1001 :     message    |  standard  |     standard     |        
RUN-1001 :   qor_monitor  |     on     |        on        |        
RUN-1001 :   syn_ip_flow  |    off     |       off        |        
RUN-1001 :     thread     |    auto    |       auto       |        
RUN-1001 : --------------------------------------------------------
RUN-1001 : Print Design Property
RUN-1001 : ----------------------------------------------------------------
RUN-1001 :       Parameters       |  Settings  |  Default Values  |  Note  
RUN-1001 : ----------------------------------------------------------------
RUN-1001 :   default_reg_initial  |    auto    |       auto       |        
RUN-1001 :    hdl_warning_level   |   normal   |      normal      |        
RUN-1001 : ----------------------------------------------------------------
HDL-1007 : analyze verilog file ../user_source/hdl_source/ip/afifo_16_32_256.v
HDL-1007 : analyze verilog file ../user_source/hdl_source/ip/afifo_32_16_256.v
HDL-1007 : analyze verilog file ../user_source/hdl_source/ip/sys_pll.v
HDL-1007 : undeclared symbol 'open', assumed default net type 'wire' in ../user_source/hdl_source/ip/sys_pll.v(77)
HDL-1007 : analyze verilog file ../user_source/hdl_source/ip/video_pll.v
HDL-1007 : undeclared symbol 'open', assumed default net type 'wire' in ../user_source/hdl_source/ip/video_pll.v(70)
HDL-1007 : analyze verilog file al_ip/AUDIO_SAMPLE_ROM.v
HDL-1007 : analyze verilog file al_ip/PLL.v
HDL-1007 : undeclared symbol 'PLL_open0', assumed default net type 'wire' in al_ip/PLL.v(78)
HDL-1007 : undeclared symbol 'PLL_open8', assumed default net type 'wire' in al_ip/PLL.v(84)
HDL-1007 : undeclared symbol 'PLL_open7', assumed default net type 'wire' in al_ip/PLL.v(84)
HDL-1007 : undeclared symbol 'PLL_open6', assumed default net type 'wire' in al_ip/PLL.v(84)
HDL-1007 : undeclared symbol 'PLL_open5', assumed default net type 'wire' in al_ip/PLL.v(84)
HDL-1007 : undeclared symbol 'PLL_open4', assumed default net type 'wire' in al_ip/PLL.v(84)
HDL-1007 : undeclared symbol 'PLL_open3', assumed default net type 'wire' in al_ip/PLL.v(84)
HDL-1007 : undeclared symbol 'PLL_open2', assumed default net type 'wire' in al_ip/PLL.v(84)
HDL-1007 : undeclared symbol 'PLL_open1', assumed default net type 'wire' in al_ip/PLL.v(84)
HDL-1007 : undeclared symbol 'PLL_open11', assumed default net type 'wire' in al_ip/PLL.v(86)
HDL-1007 : undeclared symbol 'PLL_open10', assumed default net type 'wire' in al_ip/PLL.v(86)
HDL-1007 : undeclared symbol 'PLL_open9', assumed default net type 'wire' in al_ip/PLL.v(86)
HDL-1007 : analyze verilog file al_ip/PLL_HDMI_AUDIO.v
HDL-1007 : undeclared symbol 'PLL_HDMI_AUDIO_open0', assumed default net type 'wire' in al_ip/PLL_HDMI_AUDIO.v(85)
HDL-1007 : undeclared symbol 'PLL_HDMI_AUDIO_open8', assumed default net type 'wire' in al_ip/PLL_HDMI_AUDIO.v(91)
HDL-1007 : undeclared symbol 'PLL_HDMI_AUDIO_open7', assumed default net type 'wire' in al_ip/PLL_HDMI_AUDIO.v(91)
HDL-1007 : undeclared symbol 'PLL_HDMI_AUDIO_open6', assumed default net type 'wire' in al_ip/PLL_HDMI_AUDIO.v(91)
HDL-1007 : undeclared symbol 'PLL_HDMI_AUDIO_open5', assumed default net type 'wire' in al_ip/PLL_HDMI_AUDIO.v(91)
HDL-1007 : undeclared symbol 'PLL_HDMI_AUDIO_open4', assumed default net type 'wire' in al_ip/PLL_HDMI_AUDIO.v(91)
HDL-1007 : undeclared symbol 'PLL_HDMI_AUDIO_open3', assumed default net type 'wire' in al_ip/PLL_HDMI_AUDIO.v(91)
HDL-1007 : undeclared symbol 'PLL_HDMI_AUDIO_open2', assumed default net type 'wire' in al_ip/PLL_HDMI_AUDIO.v(91)
HDL-1007 : undeclared symbol 'PLL_HDMI_AUDIO_open1', assumed default net type 'wire' in al_ip/PLL_HDMI_AUDIO.v(91)
HDL-1007 : undeclared symbol 'PLL_HDMI_AUDIO_open10', assumed default net type 'wire' in al_ip/PLL_HDMI_AUDIO.v(93)
HDL-1007 : undeclared symbol 'PLL_HDMI_AUDIO_open9', assumed default net type 'wire' in al_ip/PLL_HDMI_AUDIO.v(93)
HDL-1007 : analyze verilog file ../user_source/hdl_source/video_source_test.v
HDL-1007 : analyze verilog file ../user_source/hdl_source/key_remove_shakes.v
HDL-1007 : analyze verilog file ../user_source/hdl_source/I2S_receiver.v
HDL-1007 : analyze verilog file ../user_source/hdl_source/audio_arc_calculate.v
HDL-1007 : analyze verilog file ../user_source/hdl_source/hdmi_phy_warpper.v
HDL-1007 : analyze verilog file ../user_source/hdl_source/lane_lvds_10_1.v
HDL-1007 : analyze verilog file ../user_source/hdl_source/hdmi1.4b_transmitter_core/hdmi_1_4b_transmitter_core_wrapper.enc.v
HDL-1007 : undeclared symbol '**', assumed default net type '**' in ../user_source/hdl_source/hdmi1.4b_transmitter_core/hdmi_1_4b_transmitter_core_wrapper.enc.v(2614)
HDL-1007 : undeclared symbol '**', assumed default net type '**' in ../user_source/hdl_source/hdmi1.4b_transmitter_core/hdmi_1_4b_transmitter_core_wrapper.enc.v(2716)
HDL-1007 : undeclared symbol '**', assumed default net type '**' in ../user_source/hdl_source/hdmi1.4b_transmitter_core/hdmi_1_4b_transmitter_core_wrapper.enc.v(2724)
HDL-1007 : undeclared symbol '**', assumed default net type '**' in ../user_source/hdl_source/hdmi1.4b_transmitter_core/hdmi_1_4b_transmitter_core_wrapper.enc.v(4936)
HDL-1007 : undeclared symbol '**', assumed default net type '**' in ../user_source/hdl_source/hdmi1.4b_transmitter_core/hdmi_1_4b_transmitter_core_wrapper.enc.v(5989)
HDL-1007 : back to file '../user_source/hdl_source/hdmi1.4b_transmitter_core/hdmi_1_4b_transmitter_core_wrapper.enc.v' in ../user_source/hdl_source/hdmi1.4b_transmitter_core/hdmi_1_4b_transmitter_core_wrapper.enc.v(77)
HDL-1007 : analyze verilog file ../user_source/hdl_source/test/i2s_test_tone_gen_pll.v
HDL-1007 : analyze verilog file ../user_source/hdl_source/rom/i2s_rom_player_single_pll_fix64_rom_ip.v
HDL-1007 : analyze verilog file ../user_source/hdl_source/top_tf_hdmi_audio.v
HDL-1007 : analyze verilog file ../user_source/hdl_source/SD/ax_debounce.v
HDL-1007 : analyze verilog file ../user_source/hdl_source/SD/bmp_read.v
HDL-1007 : analyze verilog file ../user_source/hdl_source/SD/color_bar.v
HDL-1007 : analyze included file ../user_source/hdl_source/SD/video_define.v in ../user_source/hdl_source/SD/color_bar.v(2)
HDL-1007 : back to file '../user_source/hdl_source/SD/color_bar.v' in ../user_source/hdl_source/SD/color_bar.v(2)
HDL-1007 : analyze verilog file ../user_source/hdl_source/SD/frame_fifo_read.v
HDL-1007 : analyze verilog file ../user_source/hdl_source/SD/frame_fifo_write.v
HDL-1007 : analyze verilog file ../user_source/hdl_source/SD/frame_read_write.v
HDL-1007 : analyze verilog file ../user_source/hdl_source/SD/sd_card_bmp.v
HDL-1007 : analyze verilog file ../user_source/hdl_source/SD/seg_decoder.v
HDL-1007 : analyze verilog file ../user_source/hdl_source/SD/seg_scan.v
HDL-1007 : analyze verilog file ../user_source/hdl_source/SD/video_delay.v
HDL-1007 : analyze verilog file ../user_source/hdl_source/SD/video_timing_data.v
HDL-1007 : analyze verilog file ../user_source/hdl_source/hdmi_audio_tone_i2s_64fs.v
HDL-1007 : analyze verilog file ../user_source/hdl_source/startup_pulse.v
HDL-1007 : analyze verilog file ../user_source/hdl_source/video_rgb_to_axis_640x480.v
HDL-1007 : analyze verilog file ../user_source/hdl_source/SD/sd_card_cmd.v
HDL-1007 : analyze verilog file ../user_source/hdl_source/SD/sd_card_sec_read_write.v
HDL-1007 : analyze verilog file ../user_source/hdl_source/SD/sd_card_top.v
HDL-1007 : analyze verilog file ../user_source/hdl_source/SD/spi_master.v
HDL-1007 : analyze verilog file ../user_source/hdl_source/SD/sdram.v
HDL-1007 : analyze included file ../user_source/hdl_source/include/global_def.v in ../user_source/hdl_source/SD/sdram.v(10)
HDL-1007 : back to file '../user_source/hdl_source/SD/sdram.v' in ../user_source/hdl_source/SD/sdram.v(10)
HDL-1007 : undeclared symbol 'SDR_CKE', assumed default net type 'wire' in ../user_source/hdl_source/SD/sdram.v(89)
HDL-1007 : analyze verilog file ../user_source/hdl_source/include/sdr_as_ram.enc.v
HDL-1007 : analyze included file ../user_source/hdl_source/include/global_def.v in ../user_source/hdl_source/include/sdr_as_ram.enc.v(10)
HDL-1007 : back to file '../user_source/hdl_source/include/sdr_as_ram.enc.v' in ../user_source/hdl_source/include/sdr_as_ram.enc.v(10)
HDL-1007 : back to file '../user_source/hdl_source/include/sdr_as_ram.enc.v' in ../user_source/hdl_source/include/sdr_as_ram.enc.v(45)
HDL-1007 : analyze verilog file ../user_source/hdl_source/include/sdr_init_ref.enc.v
HDL-1007 : analyze included file ../user_source/hdl_source/include/global_def.v in ../user_source/hdl_source/include/sdr_init_ref.enc.v(11)
HDL-1007 : back to file '../user_source/hdl_source/include/sdr_init_ref.enc.v' in ../user_source/hdl_source/include/sdr_init_ref.enc.v(11)
HDL-1007 : undeclared symbol '**', assumed default net type '**' in ../user_source/hdl_source/include/sdr_init_ref.enc.v(57)
HDL-1007 : back to file '../user_source/hdl_source/include/sdr_init_ref.enc.v' in ../user_source/hdl_source/include/sdr_init_ref.enc.v(149)
HDL-5007 WARNING: concatenation with an unsized literal will be treated as 32 bits in ../user_source/hdl_source/include/sdr_init_ref.enc.v(47)
HDL-1007 : analyze verilog file ../user_source/hdl_source/include/sdr_wrrd.enc.v
HDL-5007 WARNING: concatenation with an unsized literal will be treated as 32 bits in ../user_source/hdl_source/include/sdr_wrrd.enc.v(283)
HDL-1007 : back to file '../user_source/hdl_source/include/sdr_wrrd.enc.v' in ../user_source/hdl_source/include/sdr_wrrd.enc.v(19)
HDL-1007 : analyze verilog file ../user_source/hdl_source/hdmi_audio_tone_pcm_scale.v
PRJ-1412 : reset_run syn_1 phy_1.
PRJ-1409 : launch_runs syn_1 phy_1  -jobs 6.
PRJ-1410 : Run syn_1 success.
PRJ-1410 : Run phy_1 success.
RUN-1002 : start command "save_best_bits"
PRJ-1424 : The implemented result of phy_1 is saved as best result.
RUN-1002 : start command "import_db C:/Users/zbrmyyds/Desktop/anlu/FPGA_Prj/I2S/transmitor/APUG092_HDMI1.4b_Transmitter_V1.4/src/td_project/HDMI1.4b_Transmitter_v1.0_Runs/phy_1/HDMI1.4b_Transmitter_v1.0_pr.db"
RUN-1001 : Importing database generated by Tang Dynasty, V6.2.168116.
RUN-1001 : Database version number 46207
RUN-1001 : Import flow parameters
RUN-1001 : Import netlist
PHY-1001 : Generate detailed routing grids ...
PHY-1001 : End build routing graph; 0.470911s wall, 0.437500s user + 0.031250s system = 0.468750s CPU (99.5%)

PHY-1001 : Build lut bridge;  0.053830s wall, 0.062500s user + 0.000000s system = 0.062500s CPU (116.1%)

PHY-1001 : Generate nets ...
PHY-1001 : net clk_dup_1 will be routed on clock mesh
PHY-1001 : net U3/u2_ram/SDRAM_CLK will be routed on clock mesh
PHY-1001 : net U3/u2_ram/u1_init_ref/Sdr_clk will be routed on clock mesh
PHY-1001 : net u_hdmi_audio_tone_i2s_64fs/I_mclk will be routed on clock mesh
PHY-1001 : clock net sd_card_bmp_m0/bmp_read_m0/clk will be merged with clock sys_pll_m0/clk0_buf
PHY-1001 : clock net u_I2S_receiver/I_clk will be merged with clock video_pll_m0/clk0_buf
PHY-1001 : clock net u_audio_pll/clk0_out will be merged with clock u_audio_pll/clk0_buf
PHY-1001 : net u_hdmi2phy_wrapper/u0_lane_lvds_8_1/I_serial_clk will be routed on clock mesh
PHY-1001 : eco open net = 0
PHY-1001 : 106 feed throughs used by 76 nets
RUN-1001 : Import phy database
RUN-1001 : Import timing constraints
RUN-1001 : Import IO constraints
RUN-1001 : Import Inst constraints
RUN-1001 : Import ChipWatcher
RUN-1001 : Import design success TD_VERSION=6.2.168116 , DB_VERSION=46207
RUN-1003 : finish command "import_db C:/Users/zbrmyyds/Desktop/anlu/FPGA_Prj/I2S/transmitor/APUG092_HDMI1.4b_Transmitter_V1.4/src/td_project/HDMI1.4b_Transmitter_v1.0_Runs/phy_1/HDMI1.4b_Transmitter_v1.0_pr.db" in  1.858799s wall, 1.828125s user + 0.203125s system = 2.031250s CPU (109.3%)

RUN-1004 : used memory is 706 MB, reserved memory is 658 MB, peak memory is 740 MB
RUN-1002 : start command "commit_param -step design"
RUN-1001 : Print Global Property
RUN-1001 : --------------------------------------------------------
RUN-1001 :   Parameters   |  Settings  |  Default Values  |  Note  
RUN-1001 : --------------------------------------------------------
RUN-1001 :   enable_seed  |    off     |       off        |        
RUN-1001 :     message    |  standard  |     standard     |        
RUN-1001 :   qor_monitor  |     on     |        on        |        
RUN-1001 :   syn_ip_flow  |    off     |       off        |        
RUN-1001 :     thread     |    auto    |       auto       |        
RUN-1001 : --------------------------------------------------------
RUN-1001 : Print Design Property
RUN-1001 : ----------------------------------------------------------------
RUN-1001 :       Parameters       |  Settings  |  Default Values  |  Note  
RUN-1001 : ----------------------------------------------------------------
RUN-1001 :   default_reg_initial  |    auto    |       auto       |        
RUN-1001 :    hdl_warning_level   |   normal   |      normal      |        
RUN-1001 : ----------------------------------------------------------------
HDL-1007 : analyze verilog file ../user_source/hdl_source/ip/afifo_16_32_256.v
HDL-1007 : analyze verilog file ../user_source/hdl_source/ip/afifo_32_16_256.v
HDL-1007 : analyze verilog file ../user_source/hdl_source/ip/sys_pll.v
HDL-1007 : undeclared symbol 'open', assumed default net type 'wire' in ../user_source/hdl_source/ip/sys_pll.v(77)
HDL-1007 : analyze verilog file ../user_source/hdl_source/ip/video_pll.v
HDL-1007 : undeclared symbol 'open', assumed default net type 'wire' in ../user_source/hdl_source/ip/video_pll.v(70)
HDL-1007 : analyze verilog file al_ip/AUDIO_SAMPLE_ROM.v
HDL-1007 : analyze verilog file al_ip/PLL.v
HDL-1007 : undeclared symbol 'PLL_open0', assumed default net type 'wire' in al_ip/PLL.v(78)
HDL-1007 : undeclared symbol 'PLL_open8', assumed default net type 'wire' in al_ip/PLL.v(84)
HDL-1007 : undeclared symbol 'PLL_open7', assumed default net type 'wire' in al_ip/PLL.v(84)
HDL-1007 : undeclared symbol 'PLL_open6', assumed default net type 'wire' in al_ip/PLL.v(84)
HDL-1007 : undeclared symbol 'PLL_open5', assumed default net type 'wire' in al_ip/PLL.v(84)
HDL-1007 : undeclared symbol 'PLL_open4', assumed default net type 'wire' in al_ip/PLL.v(84)
HDL-1007 : undeclared symbol 'PLL_open3', assumed default net type 'wire' in al_ip/PLL.v(84)
HDL-1007 : undeclared symbol 'PLL_open2', assumed default net type 'wire' in al_ip/PLL.v(84)
HDL-1007 : undeclared symbol 'PLL_open1', assumed default net type 'wire' in al_ip/PLL.v(84)
HDL-1007 : undeclared symbol 'PLL_open11', assumed default net type 'wire' in al_ip/PLL.v(86)
HDL-1007 : undeclared symbol 'PLL_open10', assumed default net type 'wire' in al_ip/PLL.v(86)
HDL-1007 : undeclared symbol 'PLL_open9', assumed default net type 'wire' in al_ip/PLL.v(86)
HDL-1007 : analyze verilog file al_ip/PLL_HDMI_AUDIO.v
HDL-1007 : undeclared symbol 'PLL_HDMI_AUDIO_open0', assumed default net type 'wire' in al_ip/PLL_HDMI_AUDIO.v(85)
HDL-1007 : undeclared symbol 'PLL_HDMI_AUDIO_open8', assumed default net type 'wire' in al_ip/PLL_HDMI_AUDIO.v(91)
HDL-1007 : undeclared symbol 'PLL_HDMI_AUDIO_open7', assumed default net type 'wire' in al_ip/PLL_HDMI_AUDIO.v(91)
HDL-1007 : undeclared symbol 'PLL_HDMI_AUDIO_open6', assumed default net type 'wire' in al_ip/PLL_HDMI_AUDIO.v(91)
HDL-1007 : undeclared symbol 'PLL_HDMI_AUDIO_open5', assumed default net type 'wire' in al_ip/PLL_HDMI_AUDIO.v(91)
HDL-1007 : undeclared symbol 'PLL_HDMI_AUDIO_open4', assumed default net type 'wire' in al_ip/PLL_HDMI_AUDIO.v(91)
HDL-1007 : undeclared symbol 'PLL_HDMI_AUDIO_open3', assumed default net type 'wire' in al_ip/PLL_HDMI_AUDIO.v(91)
HDL-1007 : undeclared symbol 'PLL_HDMI_AUDIO_open2', assumed default net type 'wire' in al_ip/PLL_HDMI_AUDIO.v(91)
HDL-1007 : undeclared symbol 'PLL_HDMI_AUDIO_open1', assumed default net type 'wire' in al_ip/PLL_HDMI_AUDIO.v(91)
HDL-1007 : undeclared symbol 'PLL_HDMI_AUDIO_open10', assumed default net type 'wire' in al_ip/PLL_HDMI_AUDIO.v(93)
HDL-1007 : undeclared symbol 'PLL_HDMI_AUDIO_open9', assumed default net type 'wire' in al_ip/PLL_HDMI_AUDIO.v(93)
HDL-1007 : analyze verilog file ../user_source/hdl_source/video_source_test.v
HDL-1007 : analyze verilog file ../user_source/hdl_source/key_remove_shakes.v
HDL-1007 : analyze verilog file ../user_source/hdl_source/I2S_receiver.v
HDL-1007 : analyze verilog file ../user_source/hdl_source/audio_arc_calculate.v
HDL-1007 : analyze verilog file ../user_source/hdl_source/hdmi_phy_warpper.v
HDL-1007 : analyze verilog file ../user_source/hdl_source/lane_lvds_10_1.v
HDL-1007 : analyze verilog file ../user_source/hdl_source/hdmi1.4b_transmitter_core/hdmi_1_4b_transmitter_core_wrapper.enc.v
HDL-1007 : undeclared symbol '**', assumed default net type '**' in ../user_source/hdl_source/hdmi1.4b_transmitter_core/hdmi_1_4b_transmitter_core_wrapper.enc.v(2614)
HDL-1007 : undeclared symbol '**', assumed default net type '**' in ../user_source/hdl_source/hdmi1.4b_transmitter_core/hdmi_1_4b_transmitter_core_wrapper.enc.v(2716)
HDL-1007 : undeclared symbol '**', assumed default net type '**' in ../user_source/hdl_source/hdmi1.4b_transmitter_core/hdmi_1_4b_transmitter_core_wrapper.enc.v(2724)
HDL-1007 : undeclared symbol '**', assumed default net type '**' in ../user_source/hdl_source/hdmi1.4b_transmitter_core/hdmi_1_4b_transmitter_core_wrapper.enc.v(4936)
HDL-1007 : undeclared symbol '**', assumed default net type '**' in ../user_source/hdl_source/hdmi1.4b_transmitter_core/hdmi_1_4b_transmitter_core_wrapper.enc.v(5989)
HDL-1007 : back to file '../user_source/hdl_source/hdmi1.4b_transmitter_core/hdmi_1_4b_transmitter_core_wrapper.enc.v' in ../user_source/hdl_source/hdmi1.4b_transmitter_core/hdmi_1_4b_transmitter_core_wrapper.enc.v(77)
HDL-1007 : analyze verilog file ../user_source/hdl_source/test/i2s_test_tone_gen_pll.v
HDL-1007 : analyze verilog file ../user_source/hdl_source/rom/i2s_rom_player_single_pll_fix64_rom_ip.v
HDL-1007 : analyze verilog file ../user_source/hdl_source/top_tf_hdmi_audio.v
HDL-1007 : analyze verilog file ../user_source/hdl_source/SD/ax_debounce.v
HDL-1007 : analyze verilog file ../user_source/hdl_source/SD/bmp_read.v
HDL-1007 : analyze verilog file ../user_source/hdl_source/SD/color_bar.v
HDL-1007 : analyze included file ../user_source/hdl_source/SD/video_define.v in ../user_source/hdl_source/SD/color_bar.v(2)
HDL-1007 : back to file '../user_source/hdl_source/SD/color_bar.v' in ../user_source/hdl_source/SD/color_bar.v(2)
HDL-1007 : analyze verilog file ../user_source/hdl_source/SD/frame_fifo_read.v
HDL-1007 : analyze verilog file ../user_source/hdl_source/SD/frame_fifo_write.v
HDL-1007 : analyze verilog file ../user_source/hdl_source/SD/frame_read_write.v
HDL-1007 : analyze verilog file ../user_source/hdl_source/SD/sd_card_bmp.v
HDL-1007 : analyze verilog file ../user_source/hdl_source/SD/seg_decoder.v
HDL-1007 : analyze verilog file ../user_source/hdl_source/SD/seg_scan.v
HDL-1007 : analyze verilog file ../user_source/hdl_source/SD/video_delay.v
HDL-1007 : analyze verilog file ../user_source/hdl_source/SD/video_timing_data.v
HDL-1007 : analyze verilog file ../user_source/hdl_source/hdmi_audio_tone_i2s_64fs.v
HDL-1007 : analyze verilog file ../user_source/hdl_source/startup_pulse.v
HDL-1007 : analyze verilog file ../user_source/hdl_source/video_rgb_to_axis_640x480.v
HDL-1007 : analyze verilog file ../user_source/hdl_source/SD/sd_card_cmd.v
HDL-1007 : analyze verilog file ../user_source/hdl_source/SD/sd_card_sec_read_write.v
HDL-1007 : analyze verilog file ../user_source/hdl_source/SD/sd_card_top.v
HDL-1007 : analyze verilog file ../user_source/hdl_source/SD/spi_master.v
HDL-1007 : analyze verilog file ../user_source/hdl_source/SD/sdram.v
HDL-1007 : analyze included file ../user_source/hdl_source/include/global_def.v in ../user_source/hdl_source/SD/sdram.v(10)
HDL-1007 : back to file '../user_source/hdl_source/SD/sdram.v' in ../user_source/hdl_source/SD/sdram.v(10)
HDL-1007 : undeclared symbol 'SDR_CKE', assumed default net type 'wire' in ../user_source/hdl_source/SD/sdram.v(89)
HDL-1007 : analyze verilog file ../user_source/hdl_source/include/sdr_as_ram.enc.v
HDL-1007 : analyze included file ../user_source/hdl_source/include/global_def.v in ../user_source/hdl_source/include/sdr_as_ram.enc.v(10)
HDL-1007 : back to file '../user_source/hdl_source/include/sdr_as_ram.enc.v' in ../user_source/hdl_source/include/sdr_as_ram.enc.v(10)
HDL-1007 : back to file '../user_source/hdl_source/include/sdr_as_ram.enc.v' in ../user_source/hdl_source/include/sdr_as_ram.enc.v(45)
HDL-1007 : analyze verilog file ../user_source/hdl_source/include/sdr_init_ref.enc.v
HDL-1007 : analyze included file ../user_source/hdl_source/include/global_def.v in ../user_source/hdl_source/include/sdr_init_ref.enc.v(11)
HDL-1007 : back to file '../user_source/hdl_source/include/sdr_init_ref.enc.v' in ../user_source/hdl_source/include/sdr_init_ref.enc.v(11)
HDL-1007 : undeclared symbol '**', assumed default net type '**' in ../user_source/hdl_source/include/sdr_init_ref.enc.v(57)
HDL-1007 : back to file '../user_source/hdl_source/include/sdr_init_ref.enc.v' in ../user_source/hdl_source/include/sdr_init_ref.enc.v(149)
HDL-5007 WARNING: concatenation with an unsized literal will be treated as 32 bits in ../user_source/hdl_source/include/sdr_init_ref.enc.v(47)
HDL-1007 : analyze verilog file ../user_source/hdl_source/include/sdr_wrrd.enc.v
HDL-5007 WARNING: concatenation with an unsized literal will be treated as 32 bits in ../user_source/hdl_source/include/sdr_wrrd.enc.v(283)
HDL-1007 : back to file '../user_source/hdl_source/include/sdr_wrrd.enc.v' in ../user_source/hdl_source/include/sdr_wrrd.enc.v(19)
HDL-1007 : analyze verilog file ../user_source/hdl_source/hdmi_audio_tone_pcm_scale.v
PRJ-1412 : reset_run syn_1 phy_1.
PRJ-1409 : launch_runs syn_1 phy_1  -jobs 6.
PRJ-1410 : Run syn_1 success.
PRJ-1410 : Run phy_1 success.
RUN-1002 : start command "save_best_bits"
PRJ-1424 : The implemented result of phy_1 is saved as best result.
RUN-1002 : start command "import_db C:/Users/zbrmyyds/Desktop/anlu/FPGA_Prj/I2S/transmitor/APUG092_HDMI1.4b_Transmitter_V1.4/src/td_project/HDMI1.4b_Transmitter_v1.0_Runs/phy_1/HDMI1.4b_Transmitter_v1.0_pr.db"
RUN-1001 : Importing database generated by Tang Dynasty, V6.2.168116.
RUN-1001 : Database version number 46207
RUN-1001 : Import flow parameters
RUN-1001 : Import netlist
PHY-1001 : Generate detailed routing grids ...
PHY-1001 : End build routing graph; 0.478735s wall, 0.468750s user + 0.015625s system = 0.484375s CPU (101.2%)

PHY-1001 : Build lut bridge;  0.054649s wall, 0.046875s user + 0.000000s system = 0.046875s CPU (85.8%)

PHY-1001 : Generate nets ...
PHY-1001 : net clk_dup_1 will be routed on clock mesh
PHY-1001 : net U3/u2_ram/SDRAM_CLK will be routed on clock mesh
PHY-1001 : net U3/u2_ram/u1_init_ref/Sdr_clk will be routed on clock mesh
PHY-1001 : net u_hdmi_audio_tone_i2s_64fs/I_mclk will be routed on clock mesh
PHY-1001 : clock net sd_card_bmp_m0/bmp_read_m0/clk will be merged with clock sys_pll_m0/clk0_buf
PHY-1001 : clock net u_I2S_receiver/I_clk will be merged with clock video_pll_m0/clk0_buf
PHY-1001 : clock net u_audio_pll/clk0_out will be merged with clock u_audio_pll/clk0_buf
PHY-1001 : net u_hdmi2phy_wrapper/u0_lane_lvds_8_1/I_serial_clk will be routed on clock mesh
PHY-1001 : eco open net = 0
PHY-1001 : 106 feed throughs used by 76 nets
RUN-1001 : Import phy database
RUN-1001 : Import timing constraints
RUN-1001 : Import IO constraints
RUN-1001 : Import Inst constraints
RUN-1001 : Import ChipWatcher
RUN-1001 : Import design success TD_VERSION=6.2.168116 , DB_VERSION=46207
RUN-1003 : finish command "import_db C:/Users/zbrmyyds/Desktop/anlu/FPGA_Prj/I2S/transmitor/APUG092_HDMI1.4b_Transmitter_V1.4/src/td_project/HDMI1.4b_Transmitter_v1.0_Runs/phy_1/HDMI1.4b_Transmitter_v1.0_pr.db" in  1.865697s wall, 1.828125s user + 0.093750s system = 1.921875s CPU (103.0%)

RUN-1004 : used memory is 718 MB, reserved memory is 669 MB, peak memory is 752 MB
RUN-1002 : start command "commit_param -step design"
RUN-1001 : Print Global Property
RUN-1001 : --------------------------------------------------------
RUN-1001 :   Parameters   |  Settings  |  Default Values  |  Note  
RUN-1001 : --------------------------------------------------------
RUN-1001 :   enable_seed  |    off     |       off        |        
RUN-1001 :     message    |  standard  |     standard     |        
RUN-1001 :   qor_monitor  |     on     |        on        |        
RUN-1001 :   syn_ip_flow  |    off     |       off        |        
RUN-1001 :     thread     |    auto    |       auto       |        
RUN-1001 : --------------------------------------------------------
RUN-1001 : Print Design Property
RUN-1001 : ----------------------------------------------------------------
RUN-1001 :       Parameters       |  Settings  |  Default Values  |  Note  
RUN-1001 : ----------------------------------------------------------------
RUN-1001 :   default_reg_initial  |    auto    |       auto       |        
RUN-1001 :    hdl_warning_level   |   normal   |      normal      |        
RUN-1001 : ----------------------------------------------------------------
HDL-1007 : analyze verilog file ../user_source/hdl_source/ip/afifo_16_32_256.v
HDL-1007 : analyze verilog file ../user_source/hdl_source/ip/afifo_32_16_256.v
HDL-1007 : analyze verilog file ../user_source/hdl_source/ip/sys_pll.v
HDL-1007 : undeclared symbol 'open', assumed default net type 'wire' in ../user_source/hdl_source/ip/sys_pll.v(77)
HDL-1007 : analyze verilog file ../user_source/hdl_source/ip/video_pll.v
HDL-1007 : undeclared symbol 'open', assumed default net type 'wire' in ../user_source/hdl_source/ip/video_pll.v(70)
HDL-1007 : analyze verilog file al_ip/AUDIO_SAMPLE_ROM.v
HDL-1007 : analyze verilog file al_ip/PLL.v
HDL-1007 : undeclared symbol 'PLL_open0', assumed default net type 'wire' in al_ip/PLL.v(78)
HDL-1007 : undeclared symbol 'PLL_open8', assumed default net type 'wire' in al_ip/PLL.v(84)
HDL-1007 : undeclared symbol 'PLL_open7', assumed default net type 'wire' in al_ip/PLL.v(84)
HDL-1007 : undeclared symbol 'PLL_open6', assumed default net type 'wire' in al_ip/PLL.v(84)
HDL-1007 : undeclared symbol 'PLL_open5', assumed default net type 'wire' in al_ip/PLL.v(84)
HDL-1007 : undeclared symbol 'PLL_open4', assumed default net type 'wire' in al_ip/PLL.v(84)
HDL-1007 : undeclared symbol 'PLL_open3', assumed default net type 'wire' in al_ip/PLL.v(84)
HDL-1007 : undeclared symbol 'PLL_open2', assumed default net type 'wire' in al_ip/PLL.v(84)
HDL-1007 : undeclared symbol 'PLL_open1', assumed default net type 'wire' in al_ip/PLL.v(84)
HDL-1007 : undeclared symbol 'PLL_open11', assumed default net type 'wire' in al_ip/PLL.v(86)
HDL-1007 : undeclared symbol 'PLL_open10', assumed default net type 'wire' in al_ip/PLL.v(86)
HDL-1007 : undeclared symbol 'PLL_open9', assumed default net type 'wire' in al_ip/PLL.v(86)
HDL-1007 : analyze verilog file al_ip/PLL_HDMI_AUDIO.v
HDL-1007 : undeclared symbol 'PLL_HDMI_AUDIO_open0', assumed default net type 'wire' in al_ip/PLL_HDMI_AUDIO.v(85)
HDL-1007 : undeclared symbol 'PLL_HDMI_AUDIO_open8', assumed default net type 'wire' in al_ip/PLL_HDMI_AUDIO.v(91)
HDL-1007 : undeclared symbol 'PLL_HDMI_AUDIO_open7', assumed default net type 'wire' in al_ip/PLL_HDMI_AUDIO.v(91)
HDL-1007 : undeclared symbol 'PLL_HDMI_AUDIO_open6', assumed default net type 'wire' in al_ip/PLL_HDMI_AUDIO.v(91)
HDL-1007 : undeclared symbol 'PLL_HDMI_AUDIO_open5', assumed default net type 'wire' in al_ip/PLL_HDMI_AUDIO.v(91)
HDL-1007 : undeclared symbol 'PLL_HDMI_AUDIO_open4', assumed default net type 'wire' in al_ip/PLL_HDMI_AUDIO.v(91)
HDL-1007 : undeclared symbol 'PLL_HDMI_AUDIO_open3', assumed default net type 'wire' in al_ip/PLL_HDMI_AUDIO.v(91)
HDL-1007 : undeclared symbol 'PLL_HDMI_AUDIO_open2', assumed default net type 'wire' in al_ip/PLL_HDMI_AUDIO.v(91)
HDL-1007 : undeclared symbol 'PLL_HDMI_AUDIO_open1', assumed default net type 'wire' in al_ip/PLL_HDMI_AUDIO.v(91)
HDL-1007 : undeclared symbol 'PLL_HDMI_AUDIO_open10', assumed default net type 'wire' in al_ip/PLL_HDMI_AUDIO.v(93)
HDL-1007 : undeclared symbol 'PLL_HDMI_AUDIO_open9', assumed default net type 'wire' in al_ip/PLL_HDMI_AUDIO.v(93)
HDL-1007 : analyze verilog file ../user_source/hdl_source/video_source_test.v
HDL-1007 : analyze verilog file ../user_source/hdl_source/key_remove_shakes.v
HDL-1007 : analyze verilog file ../user_source/hdl_source/I2S_receiver.v
HDL-1007 : analyze verilog file ../user_source/hdl_source/audio_arc_calculate.v
HDL-1007 : analyze verilog file ../user_source/hdl_source/hdmi_phy_warpper.v
HDL-1007 : analyze verilog file ../user_source/hdl_source/lane_lvds_10_1.v
HDL-1007 : analyze verilog file ../user_source/hdl_source/hdmi1.4b_transmitter_core/hdmi_1_4b_transmitter_core_wrapper.enc.v
HDL-1007 : undeclared symbol '**', assumed default net type '**' in ../user_source/hdl_source/hdmi1.4b_transmitter_core/hdmi_1_4b_transmitter_core_wrapper.enc.v(2614)
HDL-1007 : undeclared symbol '**', assumed default net type '**' in ../user_source/hdl_source/hdmi1.4b_transmitter_core/hdmi_1_4b_transmitter_core_wrapper.enc.v(2716)
HDL-1007 : undeclared symbol '**', assumed default net type '**' in ../user_source/hdl_source/hdmi1.4b_transmitter_core/hdmi_1_4b_transmitter_core_wrapper.enc.v(2724)
HDL-1007 : undeclared symbol '**', assumed default net type '**' in ../user_source/hdl_source/hdmi1.4b_transmitter_core/hdmi_1_4b_transmitter_core_wrapper.enc.v(4936)
HDL-1007 : undeclared symbol '**', assumed default net type '**' in ../user_source/hdl_source/hdmi1.4b_transmitter_core/hdmi_1_4b_transmitter_core_wrapper.enc.v(5989)
HDL-1007 : back to file '../user_source/hdl_source/hdmi1.4b_transmitter_core/hdmi_1_4b_transmitter_core_wrapper.enc.v' in ../user_source/hdl_source/hdmi1.4b_transmitter_core/hdmi_1_4b_transmitter_core_wrapper.enc.v(77)
HDL-1007 : analyze verilog file ../user_source/hdl_source/test/i2s_test_tone_gen_pll.v
HDL-1007 : analyze verilog file ../user_source/hdl_source/rom/i2s_rom_player_single_pll_fix64_rom_ip.v
HDL-1007 : analyze verilog file ../user_source/hdl_source/top_tf_hdmi_audio.v
HDL-1007 : analyze verilog file ../user_source/hdl_source/SD/ax_debounce.v
HDL-1007 : analyze verilog file ../user_source/hdl_source/SD/bmp_read.v
HDL-1007 : analyze verilog file ../user_source/hdl_source/SD/color_bar.v
HDL-1007 : analyze included file ../user_source/hdl_source/SD/video_define.v in ../user_source/hdl_source/SD/color_bar.v(2)
HDL-1007 : back to file '../user_source/hdl_source/SD/color_bar.v' in ../user_source/hdl_source/SD/color_bar.v(2)
HDL-1007 : analyze verilog file ../user_source/hdl_source/SD/frame_fifo_read.v
HDL-1007 : analyze verilog file ../user_source/hdl_source/SD/frame_fifo_write.v
HDL-1007 : analyze verilog file ../user_source/hdl_source/SD/frame_read_write.v
HDL-1007 : analyze verilog file ../user_source/hdl_source/SD/sd_card_bmp.v
HDL-1007 : analyze verilog file ../user_source/hdl_source/SD/seg_decoder.v
HDL-1007 : analyze verilog file ../user_source/hdl_source/SD/seg_scan.v
HDL-1007 : analyze verilog file ../user_source/hdl_source/SD/video_delay.v
HDL-1007 : analyze verilog file ../user_source/hdl_source/SD/video_timing_data.v
HDL-1007 : analyze verilog file ../user_source/hdl_source/hdmi_audio_tone_i2s_64fs.v
HDL-1007 : analyze verilog file ../user_source/hdl_source/startup_pulse.v
HDL-1007 : analyze verilog file ../user_source/hdl_source/video_rgb_to_axis_640x480.v
HDL-1007 : analyze verilog file ../user_source/hdl_source/SD/sd_card_cmd.v
HDL-1007 : analyze verilog file ../user_source/hdl_source/SD/sd_card_sec_read_write.v
HDL-1007 : analyze verilog file ../user_source/hdl_source/SD/sd_card_top.v
HDL-1007 : analyze verilog file ../user_source/hdl_source/SD/spi_master.v
HDL-1007 : analyze verilog file ../user_source/hdl_source/SD/sdram.v
HDL-1007 : analyze included file ../user_source/hdl_source/include/global_def.v in ../user_source/hdl_source/SD/sdram.v(10)
HDL-1007 : back to file '../user_source/hdl_source/SD/sdram.v' in ../user_source/hdl_source/SD/sdram.v(10)
HDL-1007 : undeclared symbol 'SDR_CKE', assumed default net type 'wire' in ../user_source/hdl_source/SD/sdram.v(89)
HDL-1007 : analyze verilog file ../user_source/hdl_source/include/sdr_as_ram.enc.v
HDL-1007 : analyze included file ../user_source/hdl_source/include/global_def.v in ../user_source/hdl_source/include/sdr_as_ram.enc.v(10)
HDL-1007 : back to file '../user_source/hdl_source/include/sdr_as_ram.enc.v' in ../user_source/hdl_source/include/sdr_as_ram.enc.v(10)
HDL-1007 : back to file '../user_source/hdl_source/include/sdr_as_ram.enc.v' in ../user_source/hdl_source/include/sdr_as_ram.enc.v(45)
HDL-1007 : analyze verilog file ../user_source/hdl_source/include/sdr_init_ref.enc.v
HDL-1007 : analyze included file ../user_source/hdl_source/include/global_def.v in ../user_source/hdl_source/include/sdr_init_ref.enc.v(11)
HDL-1007 : back to file '../user_source/hdl_source/include/sdr_init_ref.enc.v' in ../user_source/hdl_source/include/sdr_init_ref.enc.v(11)
HDL-1007 : undeclared symbol '**', assumed default net type '**' in ../user_source/hdl_source/include/sdr_init_ref.enc.v(57)
HDL-1007 : back to file '../user_source/hdl_source/include/sdr_init_ref.enc.v' in ../user_source/hdl_source/include/sdr_init_ref.enc.v(149)
HDL-5007 WARNING: concatenation with an unsized literal will be treated as 32 bits in ../user_source/hdl_source/include/sdr_init_ref.enc.v(47)
HDL-1007 : analyze verilog file ../user_source/hdl_source/include/sdr_wrrd.enc.v
HDL-5007 WARNING: concatenation with an unsized literal will be treated as 32 bits in ../user_source/hdl_source/include/sdr_wrrd.enc.v(283)
HDL-1007 : back to file '../user_source/hdl_source/include/sdr_wrrd.enc.v' in ../user_source/hdl_source/include/sdr_wrrd.enc.v(19)
HDL-1007 : analyze verilog file ../user_source/hdl_source/hdmi_audio_tone_pcm_scale.v
PRJ-1412 : reset_run syn_1 phy_1.
PRJ-1409 : launch_runs syn_1 phy_1  -jobs 6.
PRJ-1410 : Run syn_1 success.
PRJ-1410 : Run phy_1 success.
RUN-1002 : start command "save_best_bits"
PRJ-1424 : The implemented result of phy_1 is saved as best result.
RUN-1002 : start command "import_db C:/Users/zbrmyyds/Desktop/anlu/FPGA_Prj/I2S/transmitor/APUG092_HDMI1.4b_Transmitter_V1.4/src/td_project/HDMI1.4b_Transmitter_v1.0_Runs/phy_1/HDMI1.4b_Transmitter_v1.0_pr.db"
RUN-1001 : Importing database generated by Tang Dynasty, V6.2.168116.
RUN-1001 : Database version number 46207
RUN-1001 : Import flow parameters
RUN-1001 : Import netlist
PHY-1001 : Generate detailed routing grids ...
PHY-1001 : End build routing graph; 0.484539s wall, 0.468750s user + 0.031250s system = 0.500000s CPU (103.2%)

PHY-1001 : Build lut bridge;  0.061651s wall, 0.062500s user + 0.000000s system = 0.062500s CPU (101.4%)

PHY-1001 : Generate nets ...
PHY-1001 : net clk_dup_1 will be routed on clock mesh
PHY-1001 : net U3/u2_ram/SDRAM_CLK will be routed on clock mesh
PHY-1001 : net U3/u2_ram/u1_init_ref/Sdr_clk will be routed on clock mesh
PHY-1001 : net u_hdmi_audio_tone_i2s_64fs/I_mclk will be routed on clock mesh
PHY-1001 : clock net sd_card_bmp_m0/bmp_read_m0/clk will be merged with clock sys_pll_m0/clk0_buf
PHY-1001 : clock net u_I2S_receiver/I_clk will be merged with clock video_pll_m0/clk0_buf
PHY-1001 : clock net u_audio_pll/clk0_out will be merged with clock u_audio_pll/clk0_buf
PHY-1001 : net u_hdmi2phy_wrapper/u0_lane_lvds_8_1/I_serial_clk will be routed on clock mesh
PHY-1001 : eco open net = 0
PHY-1001 : 80 feed throughs used by 61 nets
RUN-1001 : Import phy database
RUN-1001 : Import timing constraints
RUN-1001 : Import IO constraints
RUN-1001 : Import Inst constraints
RUN-1001 : Import ChipWatcher
RUN-1001 : Import design success TD_VERSION=6.2.168116 , DB_VERSION=46207
RUN-1003 : finish command "import_db C:/Users/zbrmyyds/Desktop/anlu/FPGA_Prj/I2S/transmitor/APUG092_HDMI1.4b_Transmitter_V1.4/src/td_project/HDMI1.4b_Transmitter_v1.0_Runs/phy_1/HDMI1.4b_Transmitter_v1.0_pr.db" in  1.945580s wall, 1.968750s user + 0.156250s system = 2.125000s CPU (109.2%)

RUN-1004 : used memory is 713 MB, reserved memory is 669 MB, peak memory is 752 MB
RUN-1002 : start command "commit_param -step design"
RUN-1001 : Print Global Property
RUN-1001 : --------------------------------------------------------
RUN-1001 :   Parameters   |  Settings  |  Default Values  |  Note  
RUN-1001 : --------------------------------------------------------
RUN-1001 :   enable_seed  |    off     |       off        |        
RUN-1001 :     message    |  standard  |     standard     |        
RUN-1001 :   qor_monitor  |     on     |        on        |        
RUN-1001 :   syn_ip_flow  |    off     |       off        |        
RUN-1001 :     thread     |    auto    |       auto       |        
RUN-1001 : --------------------------------------------------------
RUN-1001 : Print Design Property
RUN-1001 : ----------------------------------------------------------------
RUN-1001 :       Parameters       |  Settings  |  Default Values  |  Note  
RUN-1001 : ----------------------------------------------------------------
RUN-1001 :   default_reg_initial  |    auto    |       auto       |        
RUN-1001 :    hdl_warning_level   |   normal   |      normal      |        
RUN-1001 : ----------------------------------------------------------------
HDL-1007 : analyze verilog file ../user_source/hdl_source/ip/afifo_16_32_256.v
HDL-1007 : analyze verilog file ../user_source/hdl_source/ip/afifo_32_16_256.v
HDL-1007 : analyze verilog file ../user_source/hdl_source/ip/sys_pll.v
HDL-1007 : undeclared symbol 'open', assumed default net type 'wire' in ../user_source/hdl_source/ip/sys_pll.v(77)
HDL-1007 : analyze verilog file ../user_source/hdl_source/ip/video_pll.v
HDL-1007 : undeclared symbol 'open', assumed default net type 'wire' in ../user_source/hdl_source/ip/video_pll.v(70)
HDL-1007 : analyze verilog file al_ip/AUDIO_SAMPLE_ROM.v
HDL-1007 : analyze verilog file al_ip/PLL.v
HDL-1007 : undeclared symbol 'PLL_open0', assumed default net type 'wire' in al_ip/PLL.v(78)
HDL-1007 : undeclared symbol 'PLL_open8', assumed default net type 'wire' in al_ip/PLL.v(84)
HDL-1007 : undeclared symbol 'PLL_open7', assumed default net type 'wire' in al_ip/PLL.v(84)
HDL-1007 : undeclared symbol 'PLL_open6', assumed default net type 'wire' in al_ip/PLL.v(84)
HDL-1007 : undeclared symbol 'PLL_open5', assumed default net type 'wire' in al_ip/PLL.v(84)
HDL-1007 : undeclared symbol 'PLL_open4', assumed default net type 'wire' in al_ip/PLL.v(84)
HDL-1007 : undeclared symbol 'PLL_open3', assumed default net type 'wire' in al_ip/PLL.v(84)
HDL-1007 : undeclared symbol 'PLL_open2', assumed default net type 'wire' in al_ip/PLL.v(84)
HDL-1007 : undeclared symbol 'PLL_open1', assumed default net type 'wire' in al_ip/PLL.v(84)
HDL-1007 : undeclared symbol 'PLL_open11', assumed default net type 'wire' in al_ip/PLL.v(86)
HDL-1007 : undeclared symbol 'PLL_open10', assumed default net type 'wire' in al_ip/PLL.v(86)
HDL-1007 : undeclared symbol 'PLL_open9', assumed default net type 'wire' in al_ip/PLL.v(86)
HDL-1007 : analyze verilog file al_ip/PLL_HDMI_AUDIO.v
HDL-1007 : undeclared symbol 'PLL_HDMI_AUDIO_open0', assumed default net type 'wire' in al_ip/PLL_HDMI_AUDIO.v(85)
HDL-1007 : undeclared symbol 'PLL_HDMI_AUDIO_open8', assumed default net type 'wire' in al_ip/PLL_HDMI_AUDIO.v(91)
HDL-1007 : undeclared symbol 'PLL_HDMI_AUDIO_open7', assumed default net type 'wire' in al_ip/PLL_HDMI_AUDIO.v(91)
HDL-1007 : undeclared symbol 'PLL_HDMI_AUDIO_open6', assumed default net type 'wire' in al_ip/PLL_HDMI_AUDIO.v(91)
HDL-1007 : undeclared symbol 'PLL_HDMI_AUDIO_open5', assumed default net type 'wire' in al_ip/PLL_HDMI_AUDIO.v(91)
HDL-1007 : undeclared symbol 'PLL_HDMI_AUDIO_open4', assumed default net type 'wire' in al_ip/PLL_HDMI_AUDIO.v(91)
HDL-1007 : undeclared symbol 'PLL_HDMI_AUDIO_open3', assumed default net type 'wire' in al_ip/PLL_HDMI_AUDIO.v(91)
HDL-1007 : undeclared symbol 'PLL_HDMI_AUDIO_open2', assumed default net type 'wire' in al_ip/PLL_HDMI_AUDIO.v(91)
HDL-1007 : undeclared symbol 'PLL_HDMI_AUDIO_open1', assumed default net type 'wire' in al_ip/PLL_HDMI_AUDIO.v(91)
HDL-1007 : undeclared symbol 'PLL_HDMI_AUDIO_open10', assumed default net type 'wire' in al_ip/PLL_HDMI_AUDIO.v(93)
HDL-1007 : undeclared symbol 'PLL_HDMI_AUDIO_open9', assumed default net type 'wire' in al_ip/PLL_HDMI_AUDIO.v(93)
HDL-1007 : analyze verilog file ../user_source/hdl_source/video_source_test.v
HDL-1007 : analyze verilog file ../user_source/hdl_source/key_remove_shakes.v
HDL-1007 : analyze verilog file ../user_source/hdl_source/I2S_receiver.v
HDL-1007 : analyze verilog file ../user_source/hdl_source/audio_arc_calculate.v
HDL-1007 : analyze verilog file ../user_source/hdl_source/hdmi_phy_warpper.v
HDL-1007 : analyze verilog file ../user_source/hdl_source/lane_lvds_10_1.v
HDL-1007 : analyze verilog file ../user_source/hdl_source/hdmi1.4b_transmitter_core/hdmi_1_4b_transmitter_core_wrapper.enc.v
HDL-1007 : undeclared symbol '**', assumed default net type '**' in ../user_source/hdl_source/hdmi1.4b_transmitter_core/hdmi_1_4b_transmitter_core_wrapper.enc.v(2614)
HDL-1007 : undeclared symbol '**', assumed default net type '**' in ../user_source/hdl_source/hdmi1.4b_transmitter_core/hdmi_1_4b_transmitter_core_wrapper.enc.v(2716)
HDL-1007 : undeclared symbol '**', assumed default net type '**' in ../user_source/hdl_source/hdmi1.4b_transmitter_core/hdmi_1_4b_transmitter_core_wrapper.enc.v(2724)
HDL-1007 : undeclared symbol '**', assumed default net type '**' in ../user_source/hdl_source/hdmi1.4b_transmitter_core/hdmi_1_4b_transmitter_core_wrapper.enc.v(4936)
HDL-1007 : undeclared symbol '**', assumed default net type '**' in ../user_source/hdl_source/hdmi1.4b_transmitter_core/hdmi_1_4b_transmitter_core_wrapper.enc.v(5989)
HDL-1007 : back to file '../user_source/hdl_source/hdmi1.4b_transmitter_core/hdmi_1_4b_transmitter_core_wrapper.enc.v' in ../user_source/hdl_source/hdmi1.4b_transmitter_core/hdmi_1_4b_transmitter_core_wrapper.enc.v(77)
HDL-1007 : analyze verilog file ../user_source/hdl_source/test/i2s_test_tone_gen_pll.v
HDL-1007 : analyze verilog file ../user_source/hdl_source/rom/i2s_rom_player_single_pll_fix64_rom_ip.v
HDL-1007 : analyze verilog file ../user_source/hdl_source/top_tf_hdmi_audio.v
HDL-1007 : analyze verilog file ../user_source/hdl_source/SD/ax_debounce.v
HDL-1007 : analyze verilog file ../user_source/hdl_source/SD/bmp_read.v
HDL-1007 : analyze verilog file ../user_source/hdl_source/SD/color_bar.v
HDL-1007 : analyze included file ../user_source/hdl_source/SD/video_define.v in ../user_source/hdl_source/SD/color_bar.v(2)
HDL-1007 : back to file '../user_source/hdl_source/SD/color_bar.v' in ../user_source/hdl_source/SD/color_bar.v(2)
HDL-1007 : analyze verilog file ../user_source/hdl_source/SD/frame_fifo_read.v
HDL-1007 : analyze verilog file ../user_source/hdl_source/SD/frame_fifo_write.v
HDL-1007 : analyze verilog file ../user_source/hdl_source/SD/frame_read_write.v
HDL-1007 : analyze verilog file ../user_source/hdl_source/SD/sd_card_bmp.v
HDL-1007 : analyze verilog file ../user_source/hdl_source/SD/seg_decoder.v
HDL-1007 : analyze verilog file ../user_source/hdl_source/SD/seg_scan.v
HDL-1007 : analyze verilog file ../user_source/hdl_source/SD/video_delay.v
HDL-1007 : analyze verilog file ../user_source/hdl_source/SD/video_timing_data.v
HDL-1007 : analyze verilog file ../user_source/hdl_source/hdmi_audio_tone_i2s_64fs.v
HDL-1007 : analyze verilog file ../user_source/hdl_source/startup_pulse.v
HDL-1007 : analyze verilog file ../user_source/hdl_source/video_rgb_to_axis_640x480.v
HDL-1007 : analyze verilog file ../user_source/hdl_source/SD/sd_card_cmd.v
HDL-1007 : analyze verilog file ../user_source/hdl_source/SD/sd_card_sec_read_write.v
HDL-1007 : analyze verilog file ../user_source/hdl_source/SD/sd_card_top.v
HDL-1007 : analyze verilog file ../user_source/hdl_source/SD/spi_master.v
HDL-1007 : analyze verilog file ../user_source/hdl_source/SD/sdram.v
HDL-1007 : analyze included file ../user_source/hdl_source/include/global_def.v in ../user_source/hdl_source/SD/sdram.v(10)
HDL-1007 : back to file '../user_source/hdl_source/SD/sdram.v' in ../user_source/hdl_source/SD/sdram.v(10)
HDL-1007 : undeclared symbol 'SDR_CKE', assumed default net type 'wire' in ../user_source/hdl_source/SD/sdram.v(89)
HDL-1007 : analyze verilog file ../user_source/hdl_source/include/sdr_as_ram.enc.v
HDL-1007 : analyze included file ../user_source/hdl_source/include/global_def.v in ../user_source/hdl_source/include/sdr_as_ram.enc.v(10)
HDL-1007 : back to file '../user_source/hdl_source/include/sdr_as_ram.enc.v' in ../user_source/hdl_source/include/sdr_as_ram.enc.v(10)
HDL-1007 : back to file '../user_source/hdl_source/include/sdr_as_ram.enc.v' in ../user_source/hdl_source/include/sdr_as_ram.enc.v(45)
HDL-1007 : analyze verilog file ../user_source/hdl_source/include/sdr_init_ref.enc.v
HDL-1007 : analyze included file ../user_source/hdl_source/include/global_def.v in ../user_source/hdl_source/include/sdr_init_ref.enc.v(11)
HDL-1007 : back to file '../user_source/hdl_source/include/sdr_init_ref.enc.v' in ../user_source/hdl_source/include/sdr_init_ref.enc.v(11)
HDL-1007 : undeclared symbol '**', assumed default net type '**' in ../user_source/hdl_source/include/sdr_init_ref.enc.v(57)
HDL-1007 : back to file '../user_source/hdl_source/include/sdr_init_ref.enc.v' in ../user_source/hdl_source/include/sdr_init_ref.enc.v(149)
HDL-5007 WARNING: concatenation with an unsized literal will be treated as 32 bits in ../user_source/hdl_source/include/sdr_init_ref.enc.v(47)
HDL-1007 : analyze verilog file ../user_source/hdl_source/include/sdr_wrrd.enc.v
HDL-5007 WARNING: concatenation with an unsized literal will be treated as 32 bits in ../user_source/hdl_source/include/sdr_wrrd.enc.v(283)
HDL-1007 : back to file '../user_source/hdl_source/include/sdr_wrrd.enc.v' in ../user_source/hdl_source/include/sdr_wrrd.enc.v(19)
HDL-1007 : analyze verilog file ../user_source/hdl_source/hdmi_audio_tone_pcm_scale.v
PRJ-1412 : reset_run syn_1 phy_1.
PRJ-1409 : launch_runs syn_1 phy_1  -jobs 6.
PRJ-1410 : Run syn_1 success.
RUN-1002 : start command "save_best_bits"
PRJ-1424 : The implemented result of phy_1 is saved as best result.
PRJ-1410 : Run phy_1 success.
RUN-1002 : start command "import_db C:/Users/zbrmyyds/Desktop/anlu/FPGA_Prj/I2S/transmitor/APUG092_HDMI1.4b_Transmitter_V1.4/src/td_project/HDMI1.4b_Transmitter_v1.0_Runs/phy_1/HDMI1.4b_Transmitter_v1.0_pr.db"
RUN-1001 : Importing database generated by Tang Dynasty, V6.2.168116.
RUN-1001 : Database version number 46207
RUN-1001 : Import flow parameters
RUN-1001 : Import netlist
PHY-1001 : Generate detailed routing grids ...
PHY-1001 : End build routing graph; 0.475703s wall, 0.421875s user + 0.031250s system = 0.453125s CPU (95.3%)

PHY-1001 : Build lut bridge;  0.070825s wall, 0.078125s user + 0.015625s system = 0.093750s CPU (132.4%)

PHY-1001 : Generate nets ...
PHY-1001 : net clk_dup_1 will be routed on clock mesh
PHY-1001 : net U3/u2_ram/SDRAM_CLK will be routed on clock mesh
PHY-1001 : net U3/u2_ram/u1_init_ref/Sdr_clk will be routed on clock mesh
PHY-1001 : net u_hdmi_audio_tone_i2s_64fs/I_mclk will be routed on clock mesh
PHY-1001 : clock net sd_card_bmp_m0/bmp_read_m0/clk will be merged with clock sys_pll_m0/clk0_buf
PHY-1001 : clock net u_I2S_receiver/I_clk will be merged with clock video_pll_m0/clk0_buf
PHY-1001 : clock net u_audio_pll/clk0_out will be merged with clock u_audio_pll/clk0_buf
PHY-1001 : net u_hdmi2phy_wrapper/u0_lane_lvds_8_1/I_serial_clk will be routed on clock mesh
PHY-1001 : eco open net = 0
PHY-1001 : 103 feed throughs used by 72 nets
RUN-1001 : Import phy database
RUN-1001 : Import timing constraints
RUN-1001 : Import IO constraints
RUN-1001 : Import Inst constraints
RUN-1001 : Import ChipWatcher
RUN-1001 : Import design success TD_VERSION=6.2.168116 , DB_VERSION=46207
RUN-1003 : finish command "import_db C:/Users/zbrmyyds/Desktop/anlu/FPGA_Prj/I2S/transmitor/APUG092_HDMI1.4b_Transmitter_V1.4/src/td_project/HDMI1.4b_Transmitter_v1.0_Runs/phy_1/HDMI1.4b_Transmitter_v1.0_pr.db" in  1.877260s wall, 1.796875s user + 0.125000s system = 1.921875s CPU (102.4%)

RUN-1004 : used memory is 726 MB, reserved memory is 680 MB, peak memory is 759 MB
RUN-1002 : start command "commit_param -step design"
RUN-1001 : Print Global Property
RUN-1001 : --------------------------------------------------------
RUN-1001 :   Parameters   |  Settings  |  Default Values  |  Note  
RUN-1001 : --------------------------------------------------------
RUN-1001 :   enable_seed  |    off     |       off        |        
RUN-1001 :     message    |  standard  |     standard     |        
RUN-1001 :   qor_monitor  |     on     |        on        |        
RUN-1001 :   syn_ip_flow  |    off     |       off        |        
RUN-1001 :     thread     |    auto    |       auto       |        
RUN-1001 : --------------------------------------------------------
RUN-1001 : Print Design Property
RUN-1001 : ----------------------------------------------------------------
RUN-1001 :       Parameters       |  Settings  |  Default Values  |  Note  
RUN-1001 : ----------------------------------------------------------------
RUN-1001 :   default_reg_initial  |    auto    |       auto       |        
RUN-1001 :    hdl_warning_level   |   normal   |      normal      |        
RUN-1001 : ----------------------------------------------------------------
HDL-1007 : analyze verilog file ../user_source/hdl_source/ip/afifo_16_32_256.v
HDL-1007 : analyze verilog file ../user_source/hdl_source/ip/afifo_32_16_256.v
HDL-1007 : analyze verilog file ../user_source/hdl_source/ip/sys_pll.v
HDL-1007 : undeclared symbol 'open', assumed default net type 'wire' in ../user_source/hdl_source/ip/sys_pll.v(77)
HDL-1007 : analyze verilog file ../user_source/hdl_source/ip/video_pll.v
HDL-1007 : undeclared symbol 'open', assumed default net type 'wire' in ../user_source/hdl_source/ip/video_pll.v(70)
HDL-1007 : analyze verilog file al_ip/AUDIO_SAMPLE_ROM.v
HDL-1007 : analyze verilog file al_ip/PLL.v
HDL-1007 : undeclared symbol 'PLL_open0', assumed default net type 'wire' in al_ip/PLL.v(78)
HDL-1007 : undeclared symbol 'PLL_open8', assumed default net type 'wire' in al_ip/PLL.v(84)
HDL-1007 : undeclared symbol 'PLL_open7', assumed default net type 'wire' in al_ip/PLL.v(84)
HDL-1007 : undeclared symbol 'PLL_open6', assumed default net type 'wire' in al_ip/PLL.v(84)
HDL-1007 : undeclared symbol 'PLL_open5', assumed default net type 'wire' in al_ip/PLL.v(84)
HDL-1007 : undeclared symbol 'PLL_open4', assumed default net type 'wire' in al_ip/PLL.v(84)
HDL-1007 : undeclared symbol 'PLL_open3', assumed default net type 'wire' in al_ip/PLL.v(84)
HDL-1007 : undeclared symbol 'PLL_open2', assumed default net type 'wire' in al_ip/PLL.v(84)
HDL-1007 : undeclared symbol 'PLL_open1', assumed default net type 'wire' in al_ip/PLL.v(84)
HDL-1007 : undeclared symbol 'PLL_open11', assumed default net type 'wire' in al_ip/PLL.v(86)
HDL-1007 : undeclared symbol 'PLL_open10', assumed default net type 'wire' in al_ip/PLL.v(86)
HDL-1007 : undeclared symbol 'PLL_open9', assumed default net type 'wire' in al_ip/PLL.v(86)
HDL-1007 : analyze verilog file al_ip/PLL_HDMI_AUDIO.v
HDL-1007 : undeclared symbol 'PLL_HDMI_AUDIO_open0', assumed default net type 'wire' in al_ip/PLL_HDMI_AUDIO.v(85)
HDL-1007 : undeclared symbol 'PLL_HDMI_AUDIO_open8', assumed default net type 'wire' in al_ip/PLL_HDMI_AUDIO.v(91)
HDL-1007 : undeclared symbol 'PLL_HDMI_AUDIO_open7', assumed default net type 'wire' in al_ip/PLL_HDMI_AUDIO.v(91)
HDL-1007 : undeclared symbol 'PLL_HDMI_AUDIO_open6', assumed default net type 'wire' in al_ip/PLL_HDMI_AUDIO.v(91)
HDL-1007 : undeclared symbol 'PLL_HDMI_AUDIO_open5', assumed default net type 'wire' in al_ip/PLL_HDMI_AUDIO.v(91)
HDL-1007 : undeclared symbol 'PLL_HDMI_AUDIO_open4', assumed default net type 'wire' in al_ip/PLL_HDMI_AUDIO.v(91)
HDL-1007 : undeclared symbol 'PLL_HDMI_AUDIO_open3', assumed default net type 'wire' in al_ip/PLL_HDMI_AUDIO.v(91)
HDL-1007 : undeclared symbol 'PLL_HDMI_AUDIO_open2', assumed default net type 'wire' in al_ip/PLL_HDMI_AUDIO.v(91)
HDL-1007 : undeclared symbol 'PLL_HDMI_AUDIO_open1', assumed default net type 'wire' in al_ip/PLL_HDMI_AUDIO.v(91)
HDL-1007 : undeclared symbol 'PLL_HDMI_AUDIO_open10', assumed default net type 'wire' in al_ip/PLL_HDMI_AUDIO.v(93)
HDL-1007 : undeclared symbol 'PLL_HDMI_AUDIO_open9', assumed default net type 'wire' in al_ip/PLL_HDMI_AUDIO.v(93)
HDL-1007 : analyze verilog file ../user_source/hdl_source/video_source_test.v
HDL-1007 : analyze verilog file ../user_source/hdl_source/key_remove_shakes.v
HDL-1007 : analyze verilog file ../user_source/hdl_source/I2S_receiver.v
HDL-1007 : analyze verilog file ../user_source/hdl_source/audio_arc_calculate.v
HDL-1007 : analyze verilog file ../user_source/hdl_source/hdmi_phy_warpper.v
HDL-1007 : analyze verilog file ../user_source/hdl_source/lane_lvds_10_1.v
HDL-1007 : analyze verilog file ../user_source/hdl_source/hdmi1.4b_transmitter_core/hdmi_1_4b_transmitter_core_wrapper.enc.v
HDL-1007 : undeclared symbol '**', assumed default net type '**' in ../user_source/hdl_source/hdmi1.4b_transmitter_core/hdmi_1_4b_transmitter_core_wrapper.enc.v(2614)
HDL-1007 : undeclared symbol '**', assumed default net type '**' in ../user_source/hdl_source/hdmi1.4b_transmitter_core/hdmi_1_4b_transmitter_core_wrapper.enc.v(2716)
HDL-1007 : undeclared symbol '**', assumed default net type '**' in ../user_source/hdl_source/hdmi1.4b_transmitter_core/hdmi_1_4b_transmitter_core_wrapper.enc.v(2724)
HDL-1007 : undeclared symbol '**', assumed default net type '**' in ../user_source/hdl_source/hdmi1.4b_transmitter_core/hdmi_1_4b_transmitter_core_wrapper.enc.v(4936)
HDL-1007 : undeclared symbol '**', assumed default net type '**' in ../user_source/hdl_source/hdmi1.4b_transmitter_core/hdmi_1_4b_transmitter_core_wrapper.enc.v(5989)
HDL-1007 : back to file '../user_source/hdl_source/hdmi1.4b_transmitter_core/hdmi_1_4b_transmitter_core_wrapper.enc.v' in ../user_source/hdl_source/hdmi1.4b_transmitter_core/hdmi_1_4b_transmitter_core_wrapper.enc.v(77)
HDL-1007 : analyze verilog file ../user_source/hdl_source/test/i2s_test_tone_gen_pll.v
HDL-1007 : analyze verilog file ../user_source/hdl_source/rom/i2s_rom_player_single_pll_fix64_rom_ip.v
HDL-1007 : analyze verilog file ../user_source/hdl_source/top_tf_hdmi_audio.v
HDL-1007 : analyze verilog file ../user_source/hdl_source/SD/ax_debounce.v
HDL-1007 : analyze verilog file ../user_source/hdl_source/SD/bmp_read.v
HDL-1007 : analyze verilog file ../user_source/hdl_source/SD/color_bar.v
HDL-1007 : analyze included file ../user_source/hdl_source/SD/video_define.v in ../user_source/hdl_source/SD/color_bar.v(2)
HDL-1007 : back to file '../user_source/hdl_source/SD/color_bar.v' in ../user_source/hdl_source/SD/color_bar.v(2)
HDL-1007 : analyze verilog file ../user_source/hdl_source/SD/frame_fifo_read.v
HDL-1007 : analyze verilog file ../user_source/hdl_source/SD/frame_fifo_write.v
HDL-1007 : analyze verilog file ../user_source/hdl_source/SD/frame_read_write.v
HDL-1007 : analyze verilog file ../user_source/hdl_source/SD/sd_card_bmp.v
HDL-1007 : analyze verilog file ../user_source/hdl_source/SD/seg_decoder.v
HDL-1007 : analyze verilog file ../user_source/hdl_source/SD/seg_scan.v
HDL-1007 : analyze verilog file ../user_source/hdl_source/SD/video_delay.v
HDL-1007 : analyze verilog file ../user_source/hdl_source/SD/video_timing_data.v
HDL-1007 : analyze verilog file ../user_source/hdl_source/hdmi_audio_tone_i2s_64fs.v
HDL-1007 : analyze verilog file ../user_source/hdl_source/startup_pulse.v
HDL-1007 : analyze verilog file ../user_source/hdl_source/video_rgb_to_axis_640x480.v
HDL-1007 : analyze verilog file ../user_source/hdl_source/SD/sd_card_cmd.v
HDL-1007 : analyze verilog file ../user_source/hdl_source/SD/sd_card_sec_read_write.v
HDL-1007 : analyze verilog file ../user_source/hdl_source/SD/sd_card_top.v
HDL-1007 : analyze verilog file ../user_source/hdl_source/SD/spi_master.v
HDL-1007 : analyze verilog file ../user_source/hdl_source/SD/sdram.v
HDL-1007 : analyze included file ../user_source/hdl_source/include/global_def.v in ../user_source/hdl_source/SD/sdram.v(10)
HDL-1007 : back to file '../user_source/hdl_source/SD/sdram.v' in ../user_source/hdl_source/SD/sdram.v(10)
HDL-1007 : undeclared symbol 'SDR_CKE', assumed default net type 'wire' in ../user_source/hdl_source/SD/sdram.v(89)
HDL-1007 : analyze verilog file ../user_source/hdl_source/include/sdr_as_ram.enc.v
HDL-1007 : analyze included file ../user_source/hdl_source/include/global_def.v in ../user_source/hdl_source/include/sdr_as_ram.enc.v(10)
HDL-1007 : back to file '../user_source/hdl_source/include/sdr_as_ram.enc.v' in ../user_source/hdl_source/include/sdr_as_ram.enc.v(10)
HDL-1007 : back to file '../user_source/hdl_source/include/sdr_as_ram.enc.v' in ../user_source/hdl_source/include/sdr_as_ram.enc.v(45)
HDL-1007 : analyze verilog file ../user_source/hdl_source/include/sdr_init_ref.enc.v
HDL-1007 : analyze included file ../user_source/hdl_source/include/global_def.v in ../user_source/hdl_source/include/sdr_init_ref.enc.v(11)
HDL-1007 : back to file '../user_source/hdl_source/include/sdr_init_ref.enc.v' in ../user_source/hdl_source/include/sdr_init_ref.enc.v(11)
HDL-1007 : undeclared symbol '**', assumed default net type '**' in ../user_source/hdl_source/include/sdr_init_ref.enc.v(57)
HDL-1007 : back to file '../user_source/hdl_source/include/sdr_init_ref.enc.v' in ../user_source/hdl_source/include/sdr_init_ref.enc.v(149)
HDL-5007 WARNING: concatenation with an unsized literal will be treated as 32 bits in ../user_source/hdl_source/include/sdr_init_ref.enc.v(47)
HDL-1007 : analyze verilog file ../user_source/hdl_source/include/sdr_wrrd.enc.v
HDL-5007 WARNING: concatenation with an unsized literal will be treated as 32 bits in ../user_source/hdl_source/include/sdr_wrrd.enc.v(283)
HDL-1007 : back to file '../user_source/hdl_source/include/sdr_wrrd.enc.v' in ../user_source/hdl_source/include/sdr_wrrd.enc.v(19)
HDL-1007 : analyze verilog file ../user_source/hdl_source/hdmi_audio_tone_pcm_scale.v
PRJ-1412 : reset_run syn_1 phy_1.
PRJ-1409 : launch_runs syn_1 phy_1  -jobs 6.
PRJ-1410 : Run syn_1 success.
PRJ-1410 : Run phy_1 success.
RUN-1002 : start command "save_best_bits"
PRJ-1424 : The implemented result of phy_1 is saved as best result.
RUN-1002 : start command "import_db C:/Users/zbrmyyds/Desktop/anlu/FPGA_Prj/I2S/transmitor/APUG092_HDMI1.4b_Transmitter_V1.4/src/td_project/HDMI1.4b_Transmitter_v1.0_Runs/phy_1/HDMI1.4b_Transmitter_v1.0_pr.db"
RUN-1001 : Importing database generated by Tang Dynasty, V6.2.168116.
RUN-1001 : Database version number 46207
RUN-1001 : Import flow parameters
RUN-1001 : Import netlist
PHY-1001 : Generate detailed routing grids ...
PHY-1001 : End build routing graph; 0.959598s wall, 0.796875s user + 0.156250s system = 0.953125s CPU (99.3%)

PHY-1001 : Build lut bridge;  0.123962s wall, 0.125000s user + 0.000000s system = 0.125000s CPU (100.8%)

PHY-1001 : Generate nets ...
PHY-1001 : net clk_dup_1 will be routed on clock mesh
PHY-1001 : net U3/u2_ram/SDRAM_CLK will be routed on clock mesh
PHY-1001 : net U3/u2_ram/u1_init_ref/Sdr_clk will be routed on clock mesh
PHY-1001 : net u_hdmi_audio_tone_i2s_64fs/I_mclk will be routed on clock mesh
PHY-1001 : clock net sd_card_bmp_m0/bmp_read_m0/clk will be merged with clock sys_pll_m0/clk0_buf
PHY-1001 : clock net u_I2S_receiver/I_clk will be merged with clock video_pll_m0/clk0_buf
PHY-1001 : clock net u_audio_pll/clk0_out will be merged with clock u_audio_pll/clk0_buf
PHY-1001 : net u_hdmi2phy_wrapper/u0_lane_lvds_8_1/I_serial_clk will be routed on clock mesh
PHY-1001 : eco open net = 0
PHY-1001 : 88 feed throughs used by 62 nets
RUN-1001 : Import phy database
RUN-1001 : Import timing constraints
RUN-1001 : Import IO constraints
RUN-1001 : Import Inst constraints
RUN-1001 : Import ChipWatcher
RUN-1001 : Import design success TD_VERSION=6.2.168116 , DB_VERSION=46207
RUN-1003 : finish command "import_db C:/Users/zbrmyyds/Desktop/anlu/FPGA_Prj/I2S/transmitor/APUG092_HDMI1.4b_Transmitter_V1.4/src/td_project/HDMI1.4b_Transmitter_v1.0_Runs/phy_1/HDMI1.4b_Transmitter_v1.0_pr.db" in  3.723718s wall, 3.390625s user + 0.343750s system = 3.734375s CPU (100.3%)

RUN-1004 : used memory is 716 MB, reserved memory is 673 MB, peak memory is 759 MB
RUN-1002 : start command "commit_param -step design"
RUN-1001 : Print Global Property
RUN-1001 : --------------------------------------------------------
RUN-1001 :   Parameters   |  Settings  |  Default Values  |  Note  
RUN-1001 : --------------------------------------------------------
RUN-1001 :   enable_seed  |    off     |       off        |        
RUN-1001 :     message    |  standard  |     standard     |        
RUN-1001 :   qor_monitor  |     on     |        on        |        
RUN-1001 :   syn_ip_flow  |    off     |       off        |        
RUN-1001 :     thread     |    auto    |       auto       |        
RUN-1001 : --------------------------------------------------------
RUN-1001 : Print Design Property
RUN-1001 : ----------------------------------------------------------------
RUN-1001 :       Parameters       |  Settings  |  Default Values  |  Note  
RUN-1001 : ----------------------------------------------------------------
RUN-1001 :   default_reg_initial  |    auto    |       auto       |        
RUN-1001 :    hdl_warning_level   |   normal   |      normal      |        
RUN-1001 : ----------------------------------------------------------------
HDL-1007 : analyze verilog file ../user_source/hdl_source/ip/afifo_16_32_256.v
HDL-1007 : analyze verilog file ../user_source/hdl_source/ip/afifo_32_16_256.v
HDL-1007 : analyze verilog file ../user_source/hdl_source/ip/sys_pll.v
HDL-1007 : undeclared symbol 'open', assumed default net type 'wire' in ../user_source/hdl_source/ip/sys_pll.v(77)
HDL-1007 : analyze verilog file ../user_source/hdl_source/ip/video_pll.v
HDL-1007 : undeclared symbol 'open', assumed default net type 'wire' in ../user_source/hdl_source/ip/video_pll.v(70)
HDL-1007 : analyze verilog file al_ip/AUDIO_SAMPLE_ROM.v
HDL-1007 : analyze verilog file al_ip/PLL.v
HDL-1007 : undeclared symbol 'PLL_open0', assumed default net type 'wire' in al_ip/PLL.v(78)
HDL-1007 : undeclared symbol 'PLL_open8', assumed default net type 'wire' in al_ip/PLL.v(84)
HDL-1007 : undeclared symbol 'PLL_open7', assumed default net type 'wire' in al_ip/PLL.v(84)
HDL-1007 : undeclared symbol 'PLL_open6', assumed default net type 'wire' in al_ip/PLL.v(84)
HDL-1007 : undeclared symbol 'PLL_open5', assumed default net type 'wire' in al_ip/PLL.v(84)
HDL-1007 : undeclared symbol 'PLL_open4', assumed default net type 'wire' in al_ip/PLL.v(84)
HDL-1007 : undeclared symbol 'PLL_open3', assumed default net type 'wire' in al_ip/PLL.v(84)
HDL-1007 : undeclared symbol 'PLL_open2', assumed default net type 'wire' in al_ip/PLL.v(84)
HDL-1007 : undeclared symbol 'PLL_open1', assumed default net type 'wire' in al_ip/PLL.v(84)
HDL-1007 : undeclared symbol 'PLL_open11', assumed default net type 'wire' in al_ip/PLL.v(86)
HDL-1007 : undeclared symbol 'PLL_open10', assumed default net type 'wire' in al_ip/PLL.v(86)
HDL-1007 : undeclared symbol 'PLL_open9', assumed default net type 'wire' in al_ip/PLL.v(86)
HDL-1007 : analyze verilog file al_ip/PLL_HDMI_AUDIO.v
HDL-1007 : undeclared symbol 'PLL_HDMI_AUDIO_open0', assumed default net type 'wire' in al_ip/PLL_HDMI_AUDIO.v(85)
HDL-1007 : undeclared symbol 'PLL_HDMI_AUDIO_open8', assumed default net type 'wire' in al_ip/PLL_HDMI_AUDIO.v(91)
HDL-1007 : undeclared symbol 'PLL_HDMI_AUDIO_open7', assumed default net type 'wire' in al_ip/PLL_HDMI_AUDIO.v(91)
HDL-1007 : undeclared symbol 'PLL_HDMI_AUDIO_open6', assumed default net type 'wire' in al_ip/PLL_HDMI_AUDIO.v(91)
HDL-1007 : undeclared symbol 'PLL_HDMI_AUDIO_open5', assumed default net type 'wire' in al_ip/PLL_HDMI_AUDIO.v(91)
HDL-1007 : undeclared symbol 'PLL_HDMI_AUDIO_open4', assumed default net type 'wire' in al_ip/PLL_HDMI_AUDIO.v(91)
HDL-1007 : undeclared symbol 'PLL_HDMI_AUDIO_open3', assumed default net type 'wire' in al_ip/PLL_HDMI_AUDIO.v(91)
HDL-1007 : undeclared symbol 'PLL_HDMI_AUDIO_open2', assumed default net type 'wire' in al_ip/PLL_HDMI_AUDIO.v(91)
HDL-1007 : undeclared symbol 'PLL_HDMI_AUDIO_open1', assumed default net type 'wire' in al_ip/PLL_HDMI_AUDIO.v(91)
HDL-1007 : undeclared symbol 'PLL_HDMI_AUDIO_open10', assumed default net type 'wire' in al_ip/PLL_HDMI_AUDIO.v(93)
HDL-1007 : undeclared symbol 'PLL_HDMI_AUDIO_open9', assumed default net type 'wire' in al_ip/PLL_HDMI_AUDIO.v(93)
HDL-1007 : analyze verilog file ../user_source/hdl_source/video_source_test.v
HDL-1007 : analyze verilog file ../user_source/hdl_source/key_remove_shakes.v
HDL-1007 : analyze verilog file ../user_source/hdl_source/I2S_receiver.v
HDL-1007 : analyze verilog file ../user_source/hdl_source/audio_arc_calculate.v
HDL-1007 : analyze verilog file ../user_source/hdl_source/hdmi_phy_warpper.v
HDL-1007 : analyze verilog file ../user_source/hdl_source/lane_lvds_10_1.v
HDL-1007 : analyze verilog file ../user_source/hdl_source/hdmi1.4b_transmitter_core/hdmi_1_4b_transmitter_core_wrapper.enc.v
HDL-1007 : undeclared symbol '**', assumed default net type '**' in ../user_source/hdl_source/hdmi1.4b_transmitter_core/hdmi_1_4b_transmitter_core_wrapper.enc.v(2614)
HDL-1007 : undeclared symbol '**', assumed default net type '**' in ../user_source/hdl_source/hdmi1.4b_transmitter_core/hdmi_1_4b_transmitter_core_wrapper.enc.v(2716)
HDL-1007 : undeclared symbol '**', assumed default net type '**' in ../user_source/hdl_source/hdmi1.4b_transmitter_core/hdmi_1_4b_transmitter_core_wrapper.enc.v(2724)
HDL-1007 : undeclared symbol '**', assumed default net type '**' in ../user_source/hdl_source/hdmi1.4b_transmitter_core/hdmi_1_4b_transmitter_core_wrapper.enc.v(4936)
HDL-1007 : undeclared symbol '**', assumed default net type '**' in ../user_source/hdl_source/hdmi1.4b_transmitter_core/hdmi_1_4b_transmitter_core_wrapper.enc.v(5989)
HDL-1007 : back to file '../user_source/hdl_source/hdmi1.4b_transmitter_core/hdmi_1_4b_transmitter_core_wrapper.enc.v' in ../user_source/hdl_source/hdmi1.4b_transmitter_core/hdmi_1_4b_transmitter_core_wrapper.enc.v(77)
HDL-1007 : analyze verilog file ../user_source/hdl_source/test/i2s_test_tone_gen_pll.v
HDL-1007 : analyze verilog file ../user_source/hdl_source/rom/i2s_rom_player_single_pll_fix64_rom_ip.v
HDL-1007 : analyze verilog file ../user_source/hdl_source/top_tf_hdmi_audio.v
HDL-1007 : analyze verilog file ../user_source/hdl_source/SD/ax_debounce.v
HDL-1007 : analyze verilog file ../user_source/hdl_source/SD/bmp_read.v
HDL-1007 : analyze verilog file ../user_source/hdl_source/SD/color_bar.v
HDL-1007 : analyze included file ../user_source/hdl_source/SD/video_define.v in ../user_source/hdl_source/SD/color_bar.v(2)
HDL-1007 : back to file '../user_source/hdl_source/SD/color_bar.v' in ../user_source/hdl_source/SD/color_bar.v(2)
HDL-1007 : analyze verilog file ../user_source/hdl_source/SD/frame_fifo_read.v
HDL-1007 : analyze verilog file ../user_source/hdl_source/SD/frame_fifo_write.v
HDL-1007 : analyze verilog file ../user_source/hdl_source/SD/frame_read_write.v
HDL-1007 : analyze verilog file ../user_source/hdl_source/SD/sd_card_bmp.v
HDL-1007 : analyze verilog file ../user_source/hdl_source/SD/seg_decoder.v
HDL-1007 : analyze verilog file ../user_source/hdl_source/SD/seg_scan.v
HDL-1007 : analyze verilog file ../user_source/hdl_source/SD/video_delay.v
HDL-1007 : analyze verilog file ../user_source/hdl_source/SD/video_timing_data.v
HDL-1007 : analyze verilog file ../user_source/hdl_source/hdmi_audio_tone_i2s_64fs.v
HDL-1007 : analyze verilog file ../user_source/hdl_source/startup_pulse.v
HDL-1007 : analyze verilog file ../user_source/hdl_source/video_rgb_to_axis_640x480.v
HDL-1007 : analyze verilog file ../user_source/hdl_source/SD/sd_card_cmd.v
HDL-1007 : analyze verilog file ../user_source/hdl_source/SD/sd_card_sec_read_write.v
HDL-1007 : analyze verilog file ../user_source/hdl_source/SD/sd_card_top.v
HDL-1007 : analyze verilog file ../user_source/hdl_source/SD/spi_master.v
HDL-1007 : analyze verilog file ../user_source/hdl_source/SD/sdram.v
HDL-1007 : analyze included file ../user_source/hdl_source/include/global_def.v in ../user_source/hdl_source/SD/sdram.v(10)
HDL-1007 : back to file '../user_source/hdl_source/SD/sdram.v' in ../user_source/hdl_source/SD/sdram.v(10)
HDL-1007 : undeclared symbol 'SDR_CKE', assumed default net type 'wire' in ../user_source/hdl_source/SD/sdram.v(89)
HDL-1007 : analyze verilog file ../user_source/hdl_source/include/sdr_as_ram.enc.v
HDL-1007 : analyze included file ../user_source/hdl_source/include/global_def.v in ../user_source/hdl_source/include/sdr_as_ram.enc.v(10)
HDL-1007 : back to file '../user_source/hdl_source/include/sdr_as_ram.enc.v' in ../user_source/hdl_source/include/sdr_as_ram.enc.v(10)
HDL-1007 : back to file '../user_source/hdl_source/include/sdr_as_ram.enc.v' in ../user_source/hdl_source/include/sdr_as_ram.enc.v(45)
HDL-1007 : analyze verilog file ../user_source/hdl_source/include/sdr_init_ref.enc.v
HDL-1007 : analyze included file ../user_source/hdl_source/include/global_def.v in ../user_source/hdl_source/include/sdr_init_ref.enc.v(11)
HDL-1007 : back to file '../user_source/hdl_source/include/sdr_init_ref.enc.v' in ../user_source/hdl_source/include/sdr_init_ref.enc.v(11)
HDL-1007 : undeclared symbol '**', assumed default net type '**' in ../user_source/hdl_source/include/sdr_init_ref.enc.v(57)
HDL-1007 : back to file '../user_source/hdl_source/include/sdr_init_ref.enc.v' in ../user_source/hdl_source/include/sdr_init_ref.enc.v(149)
HDL-5007 WARNING: concatenation with an unsized literal will be treated as 32 bits in ../user_source/hdl_source/include/sdr_init_ref.enc.v(47)
HDL-1007 : analyze verilog file ../user_source/hdl_source/include/sdr_wrrd.enc.v
HDL-5007 WARNING: concatenation with an unsized literal will be treated as 32 bits in ../user_source/hdl_source/include/sdr_wrrd.enc.v(283)
HDL-1007 : back to file '../user_source/hdl_source/include/sdr_wrrd.enc.v' in ../user_source/hdl_source/include/sdr_wrrd.enc.v(19)
HDL-1007 : analyze verilog file ../user_source/hdl_source/hdmi_audio_tone_pcm_scale.v
PRJ-1412 : reset_run syn_1 phy_1.
PRJ-1409 : launch_runs syn_1 phy_1  -jobs 6.
PRJ-1410 : Run syn_1 success.
RUN-1002 : start command "save_best_bits"
PRJ-1424 : The implemented result of phy_1 is saved as best result.
PRJ-1410 : Run phy_1 success.
RUN-1002 : start command "import_db C:/Users/zbrmyyds/Desktop/anlu/FPGA_Prj/I2S/transmitor/APUG092_HDMI1.4b_Transmitter_V1.4/src/td_project/HDMI1.4b_Transmitter_v1.0_Runs/phy_1/HDMI1.4b_Transmitter_v1.0_pr.db"
RUN-1001 : Importing database generated by Tang Dynasty, V6.2.168116.
RUN-1001 : Database version number 46207
RUN-1001 : Import flow parameters
RUN-1001 : Import netlist
PHY-1001 : Generate detailed routing grids ...
PHY-1001 : End build routing graph; 0.472441s wall, 0.484375s user + 0.031250s system = 0.515625s CPU (109.1%)

PHY-1001 : Build lut bridge;  0.062482s wall, 0.062500s user + 0.000000s system = 0.062500s CPU (100.0%)

PHY-1001 : Generate nets ...
PHY-1001 : net clk_dup_1 will be routed on clock mesh
PHY-1001 : net U3/u2_ram/SDRAM_CLK will be routed on clock mesh
PHY-1001 : net U3/u2_ram/u1_init_ref/Sdr_clk will be routed on clock mesh
PHY-1001 : net u_hdmi_audio_tone_i2s_64fs/I_mclk will be routed on clock mesh
PHY-1001 : clock net sd_card_bmp_m0/bmp_read_m0/clk will be merged with clock sys_pll_m0/clk0_buf
PHY-1001 : clock net u_I2S_receiver/I_clk will be merged with clock video_pll_m0/clk0_buf
PHY-1001 : clock net u_audio_pll/clk0_out will be merged with clock u_audio_pll/clk0_buf
PHY-1001 : net u_hdmi2phy_wrapper/u0_lane_lvds_8_1/I_serial_clk will be routed on clock mesh
PHY-1001 : eco open net = 0
PHY-1001 : 95 feed throughs used by 70 nets
RUN-1001 : Import phy database
RUN-1001 : Import timing constraints
RUN-1001 : Import IO constraints
RUN-1001 : Import Inst constraints
RUN-1001 : Import ChipWatcher
RUN-1001 : Import design success TD_VERSION=6.2.168116 , DB_VERSION=46207
RUN-1003 : finish command "import_db C:/Users/zbrmyyds/Desktop/anlu/FPGA_Prj/I2S/transmitor/APUG092_HDMI1.4b_Transmitter_V1.4/src/td_project/HDMI1.4b_Transmitter_v1.0_Runs/phy_1/HDMI1.4b_Transmitter_v1.0_pr.db" in  1.837925s wall, 1.828125s user + 0.109375s system = 1.937500s CPU (105.4%)

RUN-1004 : used memory is 726 MB, reserved memory is 683 MB, peak memory is 760 MB
RUN-1002 : start command "commit_param -step design"
RUN-1001 : Print Global Property
RUN-1001 : --------------------------------------------------------
RUN-1001 :   Parameters   |  Settings  |  Default Values  |  Note  
RUN-1001 : --------------------------------------------------------
RUN-1001 :   enable_seed  |    off     |       off        |        
RUN-1001 :     message    |  standard  |     standard     |        
RUN-1001 :   qor_monitor  |     on     |        on        |        
RUN-1001 :   syn_ip_flow  |    off     |       off        |        
RUN-1001 :     thread     |    auto    |       auto       |        
RUN-1001 : --------------------------------------------------------
RUN-1001 : Print Design Property
RUN-1001 : ----------------------------------------------------------------
RUN-1001 :       Parameters       |  Settings  |  Default Values  |  Note  
RUN-1001 : ----------------------------------------------------------------
RUN-1001 :   default_reg_initial  |    auto    |       auto       |        
RUN-1001 :    hdl_warning_level   |   normal   |      normal      |        
RUN-1001 : ----------------------------------------------------------------
HDL-1007 : analyze verilog file ../user_source/hdl_source/ip/afifo_16_32_256.v
HDL-1007 : analyze verilog file ../user_source/hdl_source/ip/afifo_32_16_256.v
HDL-1007 : analyze verilog file ../user_source/hdl_source/ip/sys_pll.v
HDL-1007 : undeclared symbol 'open', assumed default net type 'wire' in ../user_source/hdl_source/ip/sys_pll.v(77)
HDL-1007 : analyze verilog file ../user_source/hdl_source/ip/video_pll.v
HDL-1007 : undeclared symbol 'open', assumed default net type 'wire' in ../user_source/hdl_source/ip/video_pll.v(70)
HDL-1007 : analyze verilog file al_ip/AUDIO_SAMPLE_ROM.v
HDL-1007 : analyze verilog file al_ip/PLL.v
HDL-1007 : undeclared symbol 'PLL_open0', assumed default net type 'wire' in al_ip/PLL.v(78)
HDL-1007 : undeclared symbol 'PLL_open8', assumed default net type 'wire' in al_ip/PLL.v(84)
HDL-1007 : undeclared symbol 'PLL_open7', assumed default net type 'wire' in al_ip/PLL.v(84)
HDL-1007 : undeclared symbol 'PLL_open6', assumed default net type 'wire' in al_ip/PLL.v(84)
HDL-1007 : undeclared symbol 'PLL_open5', assumed default net type 'wire' in al_ip/PLL.v(84)
HDL-1007 : undeclared symbol 'PLL_open4', assumed default net type 'wire' in al_ip/PLL.v(84)
HDL-1007 : undeclared symbol 'PLL_open3', assumed default net type 'wire' in al_ip/PLL.v(84)
HDL-1007 : undeclared symbol 'PLL_open2', assumed default net type 'wire' in al_ip/PLL.v(84)
HDL-1007 : undeclared symbol 'PLL_open1', assumed default net type 'wire' in al_ip/PLL.v(84)
HDL-1007 : undeclared symbol 'PLL_open11', assumed default net type 'wire' in al_ip/PLL.v(86)
HDL-1007 : undeclared symbol 'PLL_open10', assumed default net type 'wire' in al_ip/PLL.v(86)
HDL-1007 : undeclared symbol 'PLL_open9', assumed default net type 'wire' in al_ip/PLL.v(86)
HDL-1007 : analyze verilog file al_ip/PLL_HDMI_AUDIO.v
HDL-1007 : undeclared symbol 'PLL_HDMI_AUDIO_open0', assumed default net type 'wire' in al_ip/PLL_HDMI_AUDIO.v(85)
HDL-1007 : undeclared symbol 'PLL_HDMI_AUDIO_open8', assumed default net type 'wire' in al_ip/PLL_HDMI_AUDIO.v(91)
HDL-1007 : undeclared symbol 'PLL_HDMI_AUDIO_open7', assumed default net type 'wire' in al_ip/PLL_HDMI_AUDIO.v(91)
HDL-1007 : undeclared symbol 'PLL_HDMI_AUDIO_open6', assumed default net type 'wire' in al_ip/PLL_HDMI_AUDIO.v(91)
HDL-1007 : undeclared symbol 'PLL_HDMI_AUDIO_open5', assumed default net type 'wire' in al_ip/PLL_HDMI_AUDIO.v(91)
HDL-1007 : undeclared symbol 'PLL_HDMI_AUDIO_open4', assumed default net type 'wire' in al_ip/PLL_HDMI_AUDIO.v(91)
HDL-1007 : undeclared symbol 'PLL_HDMI_AUDIO_open3', assumed default net type 'wire' in al_ip/PLL_HDMI_AUDIO.v(91)
HDL-1007 : undeclared symbol 'PLL_HDMI_AUDIO_open2', assumed default net type 'wire' in al_ip/PLL_HDMI_AUDIO.v(91)
HDL-1007 : undeclared symbol 'PLL_HDMI_AUDIO_open1', assumed default net type 'wire' in al_ip/PLL_HDMI_AUDIO.v(91)
HDL-1007 : undeclared symbol 'PLL_HDMI_AUDIO_open10', assumed default net type 'wire' in al_ip/PLL_HDMI_AUDIO.v(93)
HDL-1007 : undeclared symbol 'PLL_HDMI_AUDIO_open9', assumed default net type 'wire' in al_ip/PLL_HDMI_AUDIO.v(93)
HDL-1007 : analyze verilog file ../user_source/hdl_source/video_source_test.v
HDL-1007 : analyze verilog file ../user_source/hdl_source/key_remove_shakes.v
HDL-1007 : analyze verilog file ../user_source/hdl_source/I2S_receiver.v
HDL-1007 : analyze verilog file ../user_source/hdl_source/audio_arc_calculate.v
HDL-1007 : analyze verilog file ../user_source/hdl_source/hdmi_phy_warpper.v
HDL-1007 : analyze verilog file ../user_source/hdl_source/lane_lvds_10_1.v
HDL-1007 : analyze verilog file ../user_source/hdl_source/hdmi1.4b_transmitter_core/hdmi_1_4b_transmitter_core_wrapper.enc.v
HDL-1007 : undeclared symbol '**', assumed default net type '**' in ../user_source/hdl_source/hdmi1.4b_transmitter_core/hdmi_1_4b_transmitter_core_wrapper.enc.v(2614)
HDL-1007 : undeclared symbol '**', assumed default net type '**' in ../user_source/hdl_source/hdmi1.4b_transmitter_core/hdmi_1_4b_transmitter_core_wrapper.enc.v(2716)
HDL-1007 : undeclared symbol '**', assumed default net type '**' in ../user_source/hdl_source/hdmi1.4b_transmitter_core/hdmi_1_4b_transmitter_core_wrapper.enc.v(2724)
HDL-1007 : undeclared symbol '**', assumed default net type '**' in ../user_source/hdl_source/hdmi1.4b_transmitter_core/hdmi_1_4b_transmitter_core_wrapper.enc.v(4936)
HDL-1007 : undeclared symbol '**', assumed default net type '**' in ../user_source/hdl_source/hdmi1.4b_transmitter_core/hdmi_1_4b_transmitter_core_wrapper.enc.v(5989)
HDL-1007 : back to file '../user_source/hdl_source/hdmi1.4b_transmitter_core/hdmi_1_4b_transmitter_core_wrapper.enc.v' in ../user_source/hdl_source/hdmi1.4b_transmitter_core/hdmi_1_4b_transmitter_core_wrapper.enc.v(77)
HDL-1007 : analyze verilog file ../user_source/hdl_source/test/i2s_test_tone_gen_pll.v
HDL-1007 : analyze verilog file ../user_source/hdl_source/rom/i2s_rom_player_single_pll_fix64_rom_ip.v
HDL-1007 : analyze verilog file ../user_source/hdl_source/top_tf_hdmi_audio.v
HDL-1007 : analyze verilog file ../user_source/hdl_source/SD/ax_debounce.v
HDL-1007 : analyze verilog file ../user_source/hdl_source/SD/bmp_read.v
HDL-1007 : analyze verilog file ../user_source/hdl_source/SD/color_bar.v
HDL-1007 : analyze included file ../user_source/hdl_source/SD/video_define.v in ../user_source/hdl_source/SD/color_bar.v(2)
HDL-1007 : back to file '../user_source/hdl_source/SD/color_bar.v' in ../user_source/hdl_source/SD/color_bar.v(2)
HDL-1007 : analyze verilog file ../user_source/hdl_source/SD/frame_fifo_read.v
HDL-1007 : analyze verilog file ../user_source/hdl_source/SD/frame_fifo_write.v
HDL-1007 : analyze verilog file ../user_source/hdl_source/SD/frame_read_write.v
HDL-1007 : analyze verilog file ../user_source/hdl_source/SD/sd_card_bmp.v
HDL-1007 : analyze verilog file ../user_source/hdl_source/SD/seg_decoder.v
HDL-1007 : analyze verilog file ../user_source/hdl_source/SD/seg_scan.v
HDL-1007 : analyze verilog file ../user_source/hdl_source/SD/video_delay.v
HDL-1007 : analyze verilog file ../user_source/hdl_source/SD/video_timing_data.v
HDL-1007 : analyze verilog file ../user_source/hdl_source/hdmi_audio_tone_i2s_64fs.v
HDL-1007 : analyze verilog file ../user_source/hdl_source/startup_pulse.v
HDL-1007 : analyze verilog file ../user_source/hdl_source/video_rgb_to_axis_640x480.v
HDL-1007 : analyze verilog file ../user_source/hdl_source/SD/sd_card_cmd.v
HDL-1007 : analyze verilog file ../user_source/hdl_source/SD/sd_card_sec_read_write.v
HDL-1007 : analyze verilog file ../user_source/hdl_source/SD/sd_card_top.v
HDL-1007 : analyze verilog file ../user_source/hdl_source/SD/spi_master.v
HDL-1007 : analyze verilog file ../user_source/hdl_source/SD/sdram.v
HDL-1007 : analyze included file ../user_source/hdl_source/include/global_def.v in ../user_source/hdl_source/SD/sdram.v(10)
HDL-1007 : back to file '../user_source/hdl_source/SD/sdram.v' in ../user_source/hdl_source/SD/sdram.v(10)
HDL-1007 : undeclared symbol 'SDR_CKE', assumed default net type 'wire' in ../user_source/hdl_source/SD/sdram.v(89)
HDL-1007 : analyze verilog file ../user_source/hdl_source/include/sdr_as_ram.enc.v
HDL-1007 : analyze included file ../user_source/hdl_source/include/global_def.v in ../user_source/hdl_source/include/sdr_as_ram.enc.v(10)
HDL-1007 : back to file '../user_source/hdl_source/include/sdr_as_ram.enc.v' in ../user_source/hdl_source/include/sdr_as_ram.enc.v(10)
HDL-1007 : back to file '../user_source/hdl_source/include/sdr_as_ram.enc.v' in ../user_source/hdl_source/include/sdr_as_ram.enc.v(45)
HDL-1007 : analyze verilog file ../user_source/hdl_source/include/sdr_init_ref.enc.v
HDL-1007 : analyze included file ../user_source/hdl_source/include/global_def.v in ../user_source/hdl_source/include/sdr_init_ref.enc.v(11)
HDL-1007 : back to file '../user_source/hdl_source/include/sdr_init_ref.enc.v' in ../user_source/hdl_source/include/sdr_init_ref.enc.v(11)
HDL-1007 : undeclared symbol '**', assumed default net type '**' in ../user_source/hdl_source/include/sdr_init_ref.enc.v(57)
HDL-1007 : back to file '../user_source/hdl_source/include/sdr_init_ref.enc.v' in ../user_source/hdl_source/include/sdr_init_ref.enc.v(149)
HDL-5007 WARNING: concatenation with an unsized literal will be treated as 32 bits in ../user_source/hdl_source/include/sdr_init_ref.enc.v(47)
HDL-1007 : analyze verilog file ../user_source/hdl_source/include/sdr_wrrd.enc.v
HDL-5007 WARNING: concatenation with an unsized literal will be treated as 32 bits in ../user_source/hdl_source/include/sdr_wrrd.enc.v(283)
HDL-1007 : back to file '../user_source/hdl_source/include/sdr_wrrd.enc.v' in ../user_source/hdl_source/include/sdr_wrrd.enc.v(19)
HDL-1007 : analyze verilog file ../user_source/hdl_source/hdmi_audio_tone_pcm_scale.v
HDL-8007 ERROR: cannot find port 'write_finish_toggle' on this module in ../user_source/hdl_source/top_tf_hdmi_audio.v(166)
HDL-8007 ERROR: cannot find port 'write_buf_idx' on this module in ../user_source/hdl_source/top_tf_hdmi_audio.v(167)
HDL-8007 ERROR: cannot find port 'disp_buf_idx' on this module in ../user_source/hdl_source/top_tf_hdmi_audio.v(168)
RUN-1002 : start command "commit_param -step design"
RUN-1001 : Print Global Property
RUN-1001 : --------------------------------------------------------
RUN-1001 :   Parameters   |  Settings  |  Default Values  |  Note  
RUN-1001 : --------------------------------------------------------
RUN-1001 :   enable_seed  |    off     |       off        |        
RUN-1001 :     message    |  standard  |     standard     |        
RUN-1001 :   qor_monitor  |     on     |        on        |        
RUN-1001 :   syn_ip_flow  |    off     |       off        |        
RUN-1001 :     thread     |    auto    |       auto       |        
RUN-1001 : --------------------------------------------------------
RUN-1001 : Print Design Property
RUN-1001 : ----------------------------------------------------------------
RUN-1001 :       Parameters       |  Settings  |  Default Values  |  Note  
RUN-1001 : ----------------------------------------------------------------
RUN-1001 :   default_reg_initial  |    auto    |       auto       |        
RUN-1001 :    hdl_warning_level   |   normal   |      normal      |        
RUN-1001 : ----------------------------------------------------------------
HDL-1007 : analyze verilog file ../user_source/hdl_source/ip/afifo_16_32_256.v
HDL-1007 : analyze verilog file ../user_source/hdl_source/ip/afifo_32_16_256.v
HDL-1007 : analyze verilog file ../user_source/hdl_source/ip/sys_pll.v
HDL-1007 : undeclared symbol 'open', assumed default net type 'wire' in ../user_source/hdl_source/ip/sys_pll.v(77)
HDL-1007 : analyze verilog file ../user_source/hdl_source/ip/video_pll.v
HDL-1007 : undeclared symbol 'open', assumed default net type 'wire' in ../user_source/hdl_source/ip/video_pll.v(70)
HDL-1007 : analyze verilog file al_ip/AUDIO_SAMPLE_ROM.v
HDL-1007 : analyze verilog file al_ip/PLL.v
HDL-1007 : undeclared symbol 'PLL_open0', assumed default net type 'wire' in al_ip/PLL.v(78)
HDL-1007 : undeclared symbol 'PLL_open8', assumed default net type 'wire' in al_ip/PLL.v(84)
HDL-1007 : undeclared symbol 'PLL_open7', assumed default net type 'wire' in al_ip/PLL.v(84)
HDL-1007 : undeclared symbol 'PLL_open6', assumed default net type 'wire' in al_ip/PLL.v(84)
HDL-1007 : undeclared symbol 'PLL_open5', assumed default net type 'wire' in al_ip/PLL.v(84)
HDL-1007 : undeclared symbol 'PLL_open4', assumed default net type 'wire' in al_ip/PLL.v(84)
HDL-1007 : undeclared symbol 'PLL_open3', assumed default net type 'wire' in al_ip/PLL.v(84)
HDL-1007 : undeclared symbol 'PLL_open2', assumed default net type 'wire' in al_ip/PLL.v(84)
HDL-1007 : undeclared symbol 'PLL_open1', assumed default net type 'wire' in al_ip/PLL.v(84)
HDL-1007 : undeclared symbol 'PLL_open11', assumed default net type 'wire' in al_ip/PLL.v(86)
HDL-1007 : undeclared symbol 'PLL_open10', assumed default net type 'wire' in al_ip/PLL.v(86)
HDL-1007 : undeclared symbol 'PLL_open9', assumed default net type 'wire' in al_ip/PLL.v(86)
HDL-1007 : analyze verilog file al_ip/PLL_HDMI_AUDIO.v
HDL-1007 : undeclared symbol 'PLL_HDMI_AUDIO_open0', assumed default net type 'wire' in al_ip/PLL_HDMI_AUDIO.v(85)
HDL-1007 : undeclared symbol 'PLL_HDMI_AUDIO_open8', assumed default net type 'wire' in al_ip/PLL_HDMI_AUDIO.v(91)
HDL-1007 : undeclared symbol 'PLL_HDMI_AUDIO_open7', assumed default net type 'wire' in al_ip/PLL_HDMI_AUDIO.v(91)
HDL-1007 : undeclared symbol 'PLL_HDMI_AUDIO_open6', assumed default net type 'wire' in al_ip/PLL_HDMI_AUDIO.v(91)
HDL-1007 : undeclared symbol 'PLL_HDMI_AUDIO_open5', assumed default net type 'wire' in al_ip/PLL_HDMI_AUDIO.v(91)
HDL-1007 : undeclared symbol 'PLL_HDMI_AUDIO_open4', assumed default net type 'wire' in al_ip/PLL_HDMI_AUDIO.v(91)
HDL-1007 : undeclared symbol 'PLL_HDMI_AUDIO_open3', assumed default net type 'wire' in al_ip/PLL_HDMI_AUDIO.v(91)
HDL-1007 : undeclared symbol 'PLL_HDMI_AUDIO_open2', assumed default net type 'wire' in al_ip/PLL_HDMI_AUDIO.v(91)
HDL-1007 : undeclared symbol 'PLL_HDMI_AUDIO_open1', assumed default net type 'wire' in al_ip/PLL_HDMI_AUDIO.v(91)
HDL-1007 : undeclared symbol 'PLL_HDMI_AUDIO_open10', assumed default net type 'wire' in al_ip/PLL_HDMI_AUDIO.v(93)
HDL-1007 : undeclared symbol 'PLL_HDMI_AUDIO_open9', assumed default net type 'wire' in al_ip/PLL_HDMI_AUDIO.v(93)
HDL-1007 : analyze verilog file ../user_source/hdl_source/video_source_test.v
HDL-1007 : analyze verilog file ../user_source/hdl_source/key_remove_shakes.v
HDL-1007 : analyze verilog file ../user_source/hdl_source/I2S_receiver.v
HDL-1007 : analyze verilog file ../user_source/hdl_source/audio_arc_calculate.v
HDL-1007 : analyze verilog file ../user_source/hdl_source/hdmi_phy_warpper.v
HDL-1007 : analyze verilog file ../user_source/hdl_source/lane_lvds_10_1.v
HDL-1007 : analyze verilog file ../user_source/hdl_source/hdmi1.4b_transmitter_core/hdmi_1_4b_transmitter_core_wrapper.enc.v
HDL-1007 : undeclared symbol '**', assumed default net type '**' in ../user_source/hdl_source/hdmi1.4b_transmitter_core/hdmi_1_4b_transmitter_core_wrapper.enc.v(2614)
HDL-1007 : undeclared symbol '**', assumed default net type '**' in ../user_source/hdl_source/hdmi1.4b_transmitter_core/hdmi_1_4b_transmitter_core_wrapper.enc.v(2716)
HDL-1007 : undeclared symbol '**', assumed default net type '**' in ../user_source/hdl_source/hdmi1.4b_transmitter_core/hdmi_1_4b_transmitter_core_wrapper.enc.v(2724)
HDL-1007 : undeclared symbol '**', assumed default net type '**' in ../user_source/hdl_source/hdmi1.4b_transmitter_core/hdmi_1_4b_transmitter_core_wrapper.enc.v(4936)
HDL-1007 : undeclared symbol '**', assumed default net type '**' in ../user_source/hdl_source/hdmi1.4b_transmitter_core/hdmi_1_4b_transmitter_core_wrapper.enc.v(5989)
HDL-1007 : back to file '../user_source/hdl_source/hdmi1.4b_transmitter_core/hdmi_1_4b_transmitter_core_wrapper.enc.v' in ../user_source/hdl_source/hdmi1.4b_transmitter_core/hdmi_1_4b_transmitter_core_wrapper.enc.v(77)
HDL-1007 : analyze verilog file ../user_source/hdl_source/test/i2s_test_tone_gen_pll.v
HDL-1007 : analyze verilog file ../user_source/hdl_source/rom/i2s_rom_player_single_pll_fix64_rom_ip.v
HDL-1007 : analyze verilog file ../user_source/hdl_source/top_tf_hdmi_audio.v
HDL-1007 : analyze verilog file ../user_source/hdl_source/SD/ax_debounce.v
HDL-1007 : analyze verilog file ../user_source/hdl_source/SD/bmp_read.v
HDL-1007 : analyze verilog file ../user_source/hdl_source/SD/color_bar.v
HDL-1007 : analyze included file ../user_source/hdl_source/SD/video_define.v in ../user_source/hdl_source/SD/color_bar.v(2)
HDL-1007 : back to file '../user_source/hdl_source/SD/color_bar.v' in ../user_source/hdl_source/SD/color_bar.v(2)
HDL-1007 : analyze verilog file ../user_source/hdl_source/SD/frame_fifo_read.v
HDL-1007 : analyze verilog file ../user_source/hdl_source/SD/frame_fifo_write.v
HDL-1007 : analyze verilog file ../user_source/hdl_source/SD/frame_read_write.v
HDL-1007 : analyze verilog file ../user_source/hdl_source/SD/sd_card_bmp.v
HDL-1007 : analyze verilog file ../user_source/hdl_source/SD/seg_decoder.v
HDL-1007 : analyze verilog file ../user_source/hdl_source/SD/seg_scan.v
HDL-1007 : analyze verilog file ../user_source/hdl_source/SD/video_delay.v
HDL-1007 : analyze verilog file ../user_source/hdl_source/SD/video_timing_data.v
HDL-1007 : analyze verilog file ../user_source/hdl_source/hdmi_audio_tone_i2s_64fs.v
HDL-1007 : analyze verilog file ../user_source/hdl_source/startup_pulse.v
HDL-1007 : analyze verilog file ../user_source/hdl_source/video_rgb_to_axis_640x480.v
HDL-1007 : analyze verilog file ../user_source/hdl_source/SD/sd_card_cmd.v
HDL-1007 : analyze verilog file ../user_source/hdl_source/SD/sd_card_sec_read_write.v
HDL-1007 : analyze verilog file ../user_source/hdl_source/SD/sd_card_top.v
HDL-1007 : analyze verilog file ../user_source/hdl_source/SD/spi_master.v
HDL-1007 : analyze verilog file ../user_source/hdl_source/SD/sdram.v
HDL-1007 : analyze included file ../user_source/hdl_source/include/global_def.v in ../user_source/hdl_source/SD/sdram.v(10)
HDL-1007 : back to file '../user_source/hdl_source/SD/sdram.v' in ../user_source/hdl_source/SD/sdram.v(10)
HDL-1007 : undeclared symbol 'SDR_CKE', assumed default net type 'wire' in ../user_source/hdl_source/SD/sdram.v(89)
HDL-1007 : analyze verilog file ../user_source/hdl_source/include/sdr_as_ram.enc.v
HDL-1007 : analyze included file ../user_source/hdl_source/include/global_def.v in ../user_source/hdl_source/include/sdr_as_ram.enc.v(10)
HDL-1007 : back to file '../user_source/hdl_source/include/sdr_as_ram.enc.v' in ../user_source/hdl_source/include/sdr_as_ram.enc.v(10)
HDL-1007 : back to file '../user_source/hdl_source/include/sdr_as_ram.enc.v' in ../user_source/hdl_source/include/sdr_as_ram.enc.v(45)
HDL-1007 : analyze verilog file ../user_source/hdl_source/include/sdr_init_ref.enc.v
HDL-1007 : analyze included file ../user_source/hdl_source/include/global_def.v in ../user_source/hdl_source/include/sdr_init_ref.enc.v(11)
HDL-1007 : back to file '../user_source/hdl_source/include/sdr_init_ref.enc.v' in ../user_source/hdl_source/include/sdr_init_ref.enc.v(11)
HDL-1007 : undeclared symbol '**', assumed default net type '**' in ../user_source/hdl_source/include/sdr_init_ref.enc.v(57)
HDL-1007 : back to file '../user_source/hdl_source/include/sdr_init_ref.enc.v' in ../user_source/hdl_source/include/sdr_init_ref.enc.v(149)
HDL-5007 WARNING: concatenation with an unsized literal will be treated as 32 bits in ../user_source/hdl_source/include/sdr_init_ref.enc.v(47)
HDL-1007 : analyze verilog file ../user_source/hdl_source/include/sdr_wrrd.enc.v
HDL-5007 WARNING: concatenation with an unsized literal will be treated as 32 bits in ../user_source/hdl_source/include/sdr_wrrd.enc.v(283)
HDL-1007 : back to file '../user_source/hdl_source/include/sdr_wrrd.enc.v' in ../user_source/hdl_source/include/sdr_wrrd.enc.v(19)
HDL-1007 : analyze verilog file ../user_source/hdl_source/hdmi_audio_tone_pcm_scale.v
PRJ-1412 : reset_run syn_1 phy_1.
PRJ-1409 : launch_runs syn_1 phy_1  -jobs 6.
PRJ-1410 : Run syn_1 success.
PRJ-1410 : Run phy_1 success.
RUN-1002 : start command "save_best_bits"
PRJ-1424 : The implemented result of phy_1 is saved as best result.
RUN-1002 : start command "import_db C:/Users/zbrmyyds/Desktop/anlu/FPGA_Prj/I2S/transmitor/APUG092_HDMI1.4b_Transmitter_V1.4/src/td_project/HDMI1.4b_Transmitter_v1.0_Runs/phy_1/HDMI1.4b_Transmitter_v1.0_pr.db"
RUN-1001 : Importing database generated by Tang Dynasty, V6.2.168116.
RUN-1001 : Database version number 46207
RUN-1001 : Import flow parameters
RUN-1001 : Import netlist
PHY-1001 : Generate detailed routing grids ...
PHY-1001 : End build routing graph; 0.480316s wall, 0.437500s user + 0.046875s system = 0.484375s CPU (100.8%)

PHY-1001 : Build lut bridge;  0.073804s wall, 0.078125s user + 0.000000s system = 0.078125s CPU (105.9%)

PHY-1001 : Generate nets ...
PHY-1001 : net clk_dup_1 will be routed on clock mesh
PHY-1001 : net U3/u2_ram/SDRAM_CLK will be routed on clock mesh
PHY-1001 : net U3/u2_ram/u1_init_ref/Sdr_clk will be routed on clock mesh
PHY-1001 : clock net sd_card_bmp_m0/clk will be merged with clock sys_pll_m0/clk0_buf
PHY-1001 : net u_hdmi_audio_tone_i2s_64fs/I_mclk will be routed on clock mesh
PHY-1001 : clock net u_I2S_receiver/I_clk will be merged with clock video_pll_m0/clk0_buf
PHY-1001 : clock net u_audio_pll/clk0_out will be merged with clock u_audio_pll/clk0_buf
PHY-1001 : net u_hdmi2phy_wrapper/u0_lane_lvds_8_1/I_serial_clk will be routed on clock mesh
PHY-1001 : eco open net = 0
PHY-1001 : 101 feed throughs used by 79 nets
RUN-1001 : Import phy database
RUN-1001 : Import timing constraints
RUN-1001 : Import IO constraints
RUN-1001 : Import Inst constraints
RUN-1001 : Import ChipWatcher
RUN-1001 : Import design success TD_VERSION=6.2.168116 , DB_VERSION=46207
RUN-1003 : finish command "import_db C:/Users/zbrmyyds/Desktop/anlu/FPGA_Prj/I2S/transmitor/APUG092_HDMI1.4b_Transmitter_V1.4/src/td_project/HDMI1.4b_Transmitter_v1.0_Runs/phy_1/HDMI1.4b_Transmitter_v1.0_pr.db" in  1.939538s wall, 2.000000s user + 0.109375s system = 2.109375s CPU (108.8%)

RUN-1004 : used memory is 729 MB, reserved memory is 689 MB, peak memory is 763 MB
