============================================================
   Tang Dynasty, V6.2.168116
   Copyright (c) 2012-2025 Anlogic Inc.
   Executable = D:/Tools/Anlogic/TD_6.2/bin/td.exe
   Built at =   16:32:07 Jun 12 2025
   Run by =     zbrmyyds
   Run Date =   Fri Apr 24 16:08:23 2026

   Run on =     LAPTOP-ER898QR8
============================================================
RUN-1002 : start command "import_db C:/Users/zbrmyyds/Desktop/anlu/FPGA_Prj/I2S/transmitor/APUG092_HDMI1.4b_Transmitter_V1.4/src/td_project/HDMI1.4b_Transmitter_v1.0_Runs/phy_1/HDMI1.4b_Transmitter_v1.0_pr.db"
RUN-1001 : Importing database generated by Tang Dynasty, V6.2.168116.
RUN-1001 : Database version number 46207
RUN-1001 : Import flow parameters
RUN-1001 : Import netlist
PHY-1001 : Generate detailed routing grids ...
PHY-1001 : End build routing graph; 2.233661s wall, 2.234375s user + 0.125000s system = 2.359375s CPU (105.6%)

PHY-1001 : Build lut bridge;  0.042063s wall, 0.031250s user + 0.000000s system = 0.031250s CPU (74.3%)

PHY-1001 : Generate nets ...
PHY-1001 : net clk_dup_1 will be routed on clock mesh
PHY-1001 : net U3/u2_ram/SDRAM_CLK will be routed on clock mesh
PHY-1001 : net U3/u2_ram/u1_init_ref/Sdr_clk will be routed on clock mesh
PHY-1001 : clock net sd_card_bmp_m0/clk will be merged with clock sys_pll_m0/clk0_buf
PHY-1001 : net u_hdmi_audio_tone_i2s_64fs/I_mclk will be routed on clock mesh
PHY-1001 : clock net u_I2S_receiver/I_clk will be merged with clock video_pll_m0/clk0_buf
PHY-1001 : clock net u_audio_pll/clk0_out will be merged with clock u_audio_pll/clk0_buf
PHY-1001 : net u_hdmi2phy_wrapper/u0_lane_lvds_8_1/I_serial_clk will be routed on clock mesh
PHY-1001 : eco open net = 0
PHY-1001 : 101 feed throughs used by 79 nets
RUN-1001 : Import phy database
RUN-1001 : Import timing constraints
RUN-1001 : Import IO constraints
RUN-1001 : Import Inst constraints
RUN-1001 : Import ChipWatcher
RUN-1001 : Import design success TD_VERSION=6.2.168116 , DB_VERSION=46207
RUN-1003 : finish command "import_db C:/Users/zbrmyyds/Desktop/anlu/FPGA_Prj/I2S/transmitor/APUG092_HDMI1.4b_Transmitter_V1.4/src/td_project/HDMI1.4b_Transmitter_v1.0_Runs/phy_1/HDMI1.4b_Transmitter_v1.0_pr.db" in  3.484041s wall, 3.437500s user + 0.203125s system = 3.640625s CPU (104.5%)

RUN-1004 : used memory is 601 MB, reserved memory is 563 MB, peak memory is 666 MB
RUN-1002 : start command "commit_param -step design"
RUN-1001 : Print Global Property
RUN-1001 : --------------------------------------------------------
RUN-1001 :   Parameters   |  Settings  |  Default Values  |  Note  
RUN-1001 : --------------------------------------------------------
RUN-1001 :   enable_seed  |    off     |       off        |        
RUN-1001 :     message    |  standard  |     standard     |        
RUN-1001 :   qor_monitor  |     on     |        on        |        
RUN-1001 :   syn_ip_flow  |    off     |       off        |        
RUN-1001 :     thread     |    auto    |       auto       |        
RUN-1001 : --------------------------------------------------------
RUN-1001 : Print Design Property
RUN-1001 : ----------------------------------------------------------------
RUN-1001 :       Parameters       |  Settings  |  Default Values  |  Note  
RUN-1001 : ----------------------------------------------------------------
RUN-1001 :   default_reg_initial  |    auto    |       auto       |        
RUN-1001 :    hdl_warning_level   |   normal   |      normal      |        
RUN-1001 : ----------------------------------------------------------------
HDL-1007 : analyze verilog file ../user_source/hdl_source/ip/afifo_16_32_256.v
HDL-1007 : analyze verilog file ../user_source/hdl_source/ip/afifo_32_16_256.v
HDL-1007 : analyze verilog file ../user_source/hdl_source/ip/sys_pll.v
HDL-1007 : undeclared symbol 'open', assumed default net type 'wire' in ../user_source/hdl_source/ip/sys_pll.v(77)
HDL-1007 : analyze verilog file ../user_source/hdl_source/ip/video_pll.v
HDL-1007 : undeclared symbol 'open', assumed default net type 'wire' in ../user_source/hdl_source/ip/video_pll.v(70)
HDL-1007 : analyze verilog file al_ip/AUDIO_SAMPLE_ROM.v
HDL-1007 : analyze verilog file al_ip/PLL.v
HDL-1007 : undeclared symbol 'PLL_open0', assumed default net type 'wire' in al_ip/PLL.v(78)
HDL-1007 : undeclared symbol 'PLL_open8', assumed default net type 'wire' in al_ip/PLL.v(84)
HDL-1007 : undeclared symbol 'PLL_open7', assumed default net type 'wire' in al_ip/PLL.v(84)
HDL-1007 : undeclared symbol 'PLL_open6', assumed default net type 'wire' in al_ip/PLL.v(84)
HDL-1007 : undeclared symbol 'PLL_open5', assumed default net type 'wire' in al_ip/PLL.v(84)
HDL-1007 : undeclared symbol 'PLL_open4', assumed default net type 'wire' in al_ip/PLL.v(84)
HDL-1007 : undeclared symbol 'PLL_open3', assumed default net type 'wire' in al_ip/PLL.v(84)
HDL-1007 : undeclared symbol 'PLL_open2', assumed default net type 'wire' in al_ip/PLL.v(84)
HDL-1007 : undeclared symbol 'PLL_open1', assumed default net type 'wire' in al_ip/PLL.v(84)
HDL-1007 : undeclared symbol 'PLL_open11', assumed default net type 'wire' in al_ip/PLL.v(86)
HDL-1007 : undeclared symbol 'PLL_open10', assumed default net type 'wire' in al_ip/PLL.v(86)
HDL-1007 : undeclared symbol 'PLL_open9', assumed default net type 'wire' in al_ip/PLL.v(86)
HDL-1007 : analyze verilog file al_ip/PLL_HDMI_AUDIO.v
HDL-1007 : undeclared symbol 'PLL_HDMI_AUDIO_open0', assumed default net type 'wire' in al_ip/PLL_HDMI_AUDIO.v(85)
HDL-1007 : undeclared symbol 'PLL_HDMI_AUDIO_open8', assumed default net type 'wire' in al_ip/PLL_HDMI_AUDIO.v(91)
HDL-1007 : undeclared symbol 'PLL_HDMI_AUDIO_open7', assumed default net type 'wire' in al_ip/PLL_HDMI_AUDIO.v(91)
HDL-1007 : undeclared symbol 'PLL_HDMI_AUDIO_open6', assumed default net type 'wire' in al_ip/PLL_HDMI_AUDIO.v(91)
HDL-1007 : undeclared symbol 'PLL_HDMI_AUDIO_open5', assumed default net type 'wire' in al_ip/PLL_HDMI_AUDIO.v(91)
HDL-1007 : undeclared symbol 'PLL_HDMI_AUDIO_open4', assumed default net type 'wire' in al_ip/PLL_HDMI_AUDIO.v(91)
HDL-1007 : undeclared symbol 'PLL_HDMI_AUDIO_open3', assumed default net type 'wire' in al_ip/PLL_HDMI_AUDIO.v(91)
HDL-1007 : undeclared symbol 'PLL_HDMI_AUDIO_open2', assumed default net type 'wire' in al_ip/PLL_HDMI_AUDIO.v(91)
HDL-1007 : undeclared symbol 'PLL_HDMI_AUDIO_open1', assumed default net type 'wire' in al_ip/PLL_HDMI_AUDIO.v(91)
HDL-1007 : undeclared symbol 'PLL_HDMI_AUDIO_open10', assumed default net type 'wire' in al_ip/PLL_HDMI_AUDIO.v(93)
HDL-1007 : undeclared symbol 'PLL_HDMI_AUDIO_open9', assumed default net type 'wire' in al_ip/PLL_HDMI_AUDIO.v(93)
HDL-1007 : analyze verilog file ../user_source/hdl_source/video_source_test.v
HDL-1007 : analyze verilog file ../user_source/hdl_source/key_remove_shakes.v
HDL-1007 : analyze verilog file ../user_source/hdl_source/I2S_receiver.v
HDL-1007 : analyze verilog file ../user_source/hdl_source/audio_arc_calculate.v
HDL-1007 : analyze verilog file ../user_source/hdl_source/hdmi_phy_warpper.v
HDL-1007 : analyze verilog file ../user_source/hdl_source/lane_lvds_10_1.v
HDL-1007 : analyze verilog file ../user_source/hdl_source/hdmi1.4b_transmitter_core/hdmi_1_4b_transmitter_core_wrapper.enc.v
HDL-1007 : undeclared symbol '**', assumed default net type '**' in ../user_source/hdl_source/hdmi1.4b_transmitter_core/hdmi_1_4b_transmitter_core_wrapper.enc.v(2614)
HDL-1007 : undeclared symbol '**', assumed default net type '**' in ../user_source/hdl_source/hdmi1.4b_transmitter_core/hdmi_1_4b_transmitter_core_wrapper.enc.v(2716)
HDL-1007 : undeclared symbol '**', assumed default net type '**' in ../user_source/hdl_source/hdmi1.4b_transmitter_core/hdmi_1_4b_transmitter_core_wrapper.enc.v(2724)
HDL-1007 : undeclared symbol '**', assumed default net type '**' in ../user_source/hdl_source/hdmi1.4b_transmitter_core/hdmi_1_4b_transmitter_core_wrapper.enc.v(4936)
HDL-1007 : undeclared symbol '**', assumed default net type '**' in ../user_source/hdl_source/hdmi1.4b_transmitter_core/hdmi_1_4b_transmitter_core_wrapper.enc.v(5989)
HDL-1007 : back to file '../user_source/hdl_source/hdmi1.4b_transmitter_core/hdmi_1_4b_transmitter_core_wrapper.enc.v' in ../user_source/hdl_source/hdmi1.4b_transmitter_core/hdmi_1_4b_transmitter_core_wrapper.enc.v(77)
HDL-1007 : analyze verilog file ../user_source/hdl_source/test/i2s_test_tone_gen_pll.v
HDL-1007 : analyze verilog file ../user_source/hdl_source/rom/i2s_rom_player_single_pll_fix64_rom_ip.v
HDL-1007 : analyze verilog file ../user_source/hdl_source/top_tf_hdmi_audio.v
HDL-1007 : analyze verilog file ../user_source/hdl_source/SD/ax_debounce.v
HDL-1007 : analyze verilog file ../user_source/hdl_source/SD/bmp_read.v
HDL-1007 : analyze verilog file ../user_source/hdl_source/SD/color_bar.v
HDL-1007 : analyze included file ../user_source/hdl_source/SD/video_define.v in ../user_source/hdl_source/SD/color_bar.v(2)
HDL-1007 : back to file '../user_source/hdl_source/SD/color_bar.v' in ../user_source/hdl_source/SD/color_bar.v(2)
HDL-1007 : analyze verilog file ../user_source/hdl_source/SD/frame_fifo_read.v
HDL-1007 : analyze verilog file ../user_source/hdl_source/SD/frame_fifo_write.v
HDL-1007 : analyze verilog file ../user_source/hdl_source/SD/frame_read_write.v
HDL-1007 : analyze verilog file ../user_source/hdl_source/SD/sd_card_bmp.v
HDL-1007 : analyze verilog file ../user_source/hdl_source/SD/seg_decoder.v
HDL-1007 : analyze verilog file ../user_source/hdl_source/SD/seg_scan.v
HDL-1007 : analyze verilog file ../user_source/hdl_source/SD/video_delay.v
HDL-1007 : analyze verilog file ../user_source/hdl_source/SD/video_timing_data.v
HDL-1007 : analyze verilog file ../user_source/hdl_source/hdmi_audio_tone_i2s_64fs.v
HDL-1007 : analyze verilog file ../user_source/hdl_source/startup_pulse.v
HDL-1007 : analyze verilog file ../user_source/hdl_source/video_rgb_to_axis_640x480.v
HDL-1007 : analyze verilog file ../user_source/hdl_source/SD/sd_card_cmd.v
HDL-1007 : analyze verilog file ../user_source/hdl_source/SD/sd_card_sec_read_write.v
HDL-1007 : analyze verilog file ../user_source/hdl_source/SD/sd_card_top.v
HDL-1007 : analyze verilog file ../user_source/hdl_source/SD/spi_master.v
HDL-1007 : analyze verilog file ../user_source/hdl_source/SD/sdram.v
HDL-1007 : analyze included file ../user_source/hdl_source/include/global_def.v in ../user_source/hdl_source/SD/sdram.v(10)
HDL-1007 : back to file '../user_source/hdl_source/SD/sdram.v' in ../user_source/hdl_source/SD/sdram.v(10)
HDL-1007 : undeclared symbol 'SDR_CKE', assumed default net type 'wire' in ../user_source/hdl_source/SD/sdram.v(89)
HDL-1007 : analyze verilog file ../user_source/hdl_source/include/sdr_as_ram.enc.v
HDL-1007 : analyze included file ../user_source/hdl_source/include/global_def.v in ../user_source/hdl_source/include/sdr_as_ram.enc.v(10)
HDL-1007 : back to file '../user_source/hdl_source/include/sdr_as_ram.enc.v' in ../user_source/hdl_source/include/sdr_as_ram.enc.v(10)
HDL-1007 : back to file '../user_source/hdl_source/include/sdr_as_ram.enc.v' in ../user_source/hdl_source/include/sdr_as_ram.enc.v(45)
HDL-1007 : analyze verilog file ../user_source/hdl_source/include/sdr_init_ref.enc.v
HDL-1007 : analyze included file ../user_source/hdl_source/include/global_def.v in ../user_source/hdl_source/include/sdr_init_ref.enc.v(11)
HDL-1007 : back to file '../user_source/hdl_source/include/sdr_init_ref.enc.v' in ../user_source/hdl_source/include/sdr_init_ref.enc.v(11)
HDL-1007 : undeclared symbol '**', assumed default net type '**' in ../user_source/hdl_source/include/sdr_init_ref.enc.v(57)
HDL-1007 : back to file '../user_source/hdl_source/include/sdr_init_ref.enc.v' in ../user_source/hdl_source/include/sdr_init_ref.enc.v(149)
HDL-5007 WARNING: concatenation with an unsized literal will be treated as 32 bits in ../user_source/hdl_source/include/sdr_init_ref.enc.v(47)
HDL-1007 : analyze verilog file ../user_source/hdl_source/include/sdr_wrrd.enc.v
HDL-5007 WARNING: concatenation with an unsized literal will be treated as 32 bits in ../user_source/hdl_source/include/sdr_wrrd.enc.v(283)
HDL-1007 : back to file '../user_source/hdl_source/include/sdr_wrrd.enc.v' in ../user_source/hdl_source/include/sdr_wrrd.enc.v(19)
HDL-1007 : analyze verilog file ../user_source/hdl_source/hdmi_audio_tone_pcm_scale.v
HDL-8007 ERROR: module 'frame_read_write' does not have a parameter named WRITE_V_FLIP. Modify the design by referring to the parameter defined by the module, or contact customer service for help in ../user_source/hdl_source/top_tf_hdmi_audio.v(227)
HDL-8007 ERROR: module 'frame_read_write' does not have a parameter named FRAME_WIDTH. Modify the design by referring to the parameter defined by the module, or contact customer service for help in ../user_source/hdl_source/top_tf_hdmi_audio.v(228)
HDL-8007 ERROR: module 'frame_read_write' does not have a parameter named FRAME_HEIGHT. Modify the design by referring to the parameter defined by the module, or contact customer service for help in ../user_source/hdl_source/top_tf_hdmi_audio.v(229)
RUN-1002 : start command "commit_param -step design"
RUN-1001 : Print Global Property
RUN-1001 : --------------------------------------------------------
RUN-1001 :   Parameters   |  Settings  |  Default Values  |  Note  
RUN-1001 : --------------------------------------------------------
RUN-1001 :   enable_seed  |    off     |       off        |        
RUN-1001 :     message    |  standard  |     standard     |        
RUN-1001 :   qor_monitor  |     on     |        on        |        
RUN-1001 :   syn_ip_flow  |    off     |       off        |        
RUN-1001 :     thread     |    auto    |       auto       |        
RUN-1001 : --------------------------------------------------------
RUN-1001 : Print Design Property
RUN-1001 : ----------------------------------------------------------------
RUN-1001 :       Parameters       |  Settings  |  Default Values  |  Note  
RUN-1001 : ----------------------------------------------------------------
RUN-1001 :   default_reg_initial  |    auto    |       auto       |        
RUN-1001 :    hdl_warning_level   |   normal   |      normal      |        
RUN-1001 : ----------------------------------------------------------------
HDL-1007 : analyze verilog file ../user_source/hdl_source/ip/afifo_16_32_256.v
HDL-1007 : analyze verilog file ../user_source/hdl_source/ip/afifo_32_16_256.v
HDL-1007 : analyze verilog file ../user_source/hdl_source/ip/sys_pll.v
HDL-1007 : undeclared symbol 'open', assumed default net type 'wire' in ../user_source/hdl_source/ip/sys_pll.v(77)
HDL-1007 : analyze verilog file ../user_source/hdl_source/ip/video_pll.v
HDL-1007 : undeclared symbol 'open', assumed default net type 'wire' in ../user_source/hdl_source/ip/video_pll.v(70)
HDL-1007 : analyze verilog file al_ip/AUDIO_SAMPLE_ROM.v
HDL-1007 : analyze verilog file al_ip/PLL.v
HDL-1007 : undeclared symbol 'PLL_open0', assumed default net type 'wire' in al_ip/PLL.v(78)
HDL-1007 : undeclared symbol 'PLL_open8', assumed default net type 'wire' in al_ip/PLL.v(84)
HDL-1007 : undeclared symbol 'PLL_open7', assumed default net type 'wire' in al_ip/PLL.v(84)
HDL-1007 : undeclared symbol 'PLL_open6', assumed default net type 'wire' in al_ip/PLL.v(84)
HDL-1007 : undeclared symbol 'PLL_open5', assumed default net type 'wire' in al_ip/PLL.v(84)
HDL-1007 : undeclared symbol 'PLL_open4', assumed default net type 'wire' in al_ip/PLL.v(84)
HDL-1007 : undeclared symbol 'PLL_open3', assumed default net type 'wire' in al_ip/PLL.v(84)
HDL-1007 : undeclared symbol 'PLL_open2', assumed default net type 'wire' in al_ip/PLL.v(84)
HDL-1007 : undeclared symbol 'PLL_open1', assumed default net type 'wire' in al_ip/PLL.v(84)
HDL-1007 : undeclared symbol 'PLL_open11', assumed default net type 'wire' in al_ip/PLL.v(86)
HDL-1007 : undeclared symbol 'PLL_open10', assumed default net type 'wire' in al_ip/PLL.v(86)
HDL-1007 : undeclared symbol 'PLL_open9', assumed default net type 'wire' in al_ip/PLL.v(86)
HDL-1007 : analyze verilog file al_ip/PLL_HDMI_AUDIO.v
HDL-1007 : undeclared symbol 'PLL_HDMI_AUDIO_open0', assumed default net type 'wire' in al_ip/PLL_HDMI_AUDIO.v(85)
HDL-1007 : undeclared symbol 'PLL_HDMI_AUDIO_open8', assumed default net type 'wire' in al_ip/PLL_HDMI_AUDIO.v(91)
HDL-1007 : undeclared symbol 'PLL_HDMI_AUDIO_open7', assumed default net type 'wire' in al_ip/PLL_HDMI_AUDIO.v(91)
HDL-1007 : undeclared symbol 'PLL_HDMI_AUDIO_open6', assumed default net type 'wire' in al_ip/PLL_HDMI_AUDIO.v(91)
HDL-1007 : undeclared symbol 'PLL_HDMI_AUDIO_open5', assumed default net type 'wire' in al_ip/PLL_HDMI_AUDIO.v(91)
HDL-1007 : undeclared symbol 'PLL_HDMI_AUDIO_open4', assumed default net type 'wire' in al_ip/PLL_HDMI_AUDIO.v(91)
HDL-1007 : undeclared symbol 'PLL_HDMI_AUDIO_open3', assumed default net type 'wire' in al_ip/PLL_HDMI_AUDIO.v(91)
HDL-1007 : undeclared symbol 'PLL_HDMI_AUDIO_open2', assumed default net type 'wire' in al_ip/PLL_HDMI_AUDIO.v(91)
HDL-1007 : undeclared symbol 'PLL_HDMI_AUDIO_open1', assumed default net type 'wire' in al_ip/PLL_HDMI_AUDIO.v(91)
HDL-1007 : undeclared symbol 'PLL_HDMI_AUDIO_open10', assumed default net type 'wire' in al_ip/PLL_HDMI_AUDIO.v(93)
HDL-1007 : undeclared symbol 'PLL_HDMI_AUDIO_open9', assumed default net type 'wire' in al_ip/PLL_HDMI_AUDIO.v(93)
HDL-1007 : analyze verilog file ../user_source/hdl_source/video_source_test.v
HDL-1007 : analyze verilog file ../user_source/hdl_source/key_remove_shakes.v
HDL-1007 : analyze verilog file ../user_source/hdl_source/I2S_receiver.v
HDL-1007 : analyze verilog file ../user_source/hdl_source/audio_arc_calculate.v
HDL-1007 : analyze verilog file ../user_source/hdl_source/hdmi_phy_warpper.v
HDL-1007 : analyze verilog file ../user_source/hdl_source/lane_lvds_10_1.v
HDL-1007 : analyze verilog file ../user_source/hdl_source/hdmi1.4b_transmitter_core/hdmi_1_4b_transmitter_core_wrapper.enc.v
HDL-1007 : undeclared symbol '**', assumed default net type '**' in ../user_source/hdl_source/hdmi1.4b_transmitter_core/hdmi_1_4b_transmitter_core_wrapper.enc.v(2614)
HDL-1007 : undeclared symbol '**', assumed default net type '**' in ../user_source/hdl_source/hdmi1.4b_transmitter_core/hdmi_1_4b_transmitter_core_wrapper.enc.v(2716)
HDL-1007 : undeclared symbol '**', assumed default net type '**' in ../user_source/hdl_source/hdmi1.4b_transmitter_core/hdmi_1_4b_transmitter_core_wrapper.enc.v(2724)
HDL-1007 : undeclared symbol '**', assumed default net type '**' in ../user_source/hdl_source/hdmi1.4b_transmitter_core/hdmi_1_4b_transmitter_core_wrapper.enc.v(4936)
HDL-1007 : undeclared symbol '**', assumed default net type '**' in ../user_source/hdl_source/hdmi1.4b_transmitter_core/hdmi_1_4b_transmitter_core_wrapper.enc.v(5989)
HDL-1007 : back to file '../user_source/hdl_source/hdmi1.4b_transmitter_core/hdmi_1_4b_transmitter_core_wrapper.enc.v' in ../user_source/hdl_source/hdmi1.4b_transmitter_core/hdmi_1_4b_transmitter_core_wrapper.enc.v(77)
HDL-1007 : analyze verilog file ../user_source/hdl_source/test/i2s_test_tone_gen_pll.v
HDL-1007 : analyze verilog file ../user_source/hdl_source/rom/i2s_rom_player_single_pll_fix64_rom_ip.v
HDL-1007 : analyze verilog file ../user_source/hdl_source/top_tf_hdmi_audio.v
HDL-1007 : analyze verilog file ../user_source/hdl_source/SD/ax_debounce.v
HDL-1007 : analyze verilog file ../user_source/hdl_source/SD/bmp_read.v
HDL-1007 : analyze verilog file ../user_source/hdl_source/SD/color_bar.v
HDL-1007 : analyze included file ../user_source/hdl_source/SD/video_define.v in ../user_source/hdl_source/SD/color_bar.v(2)
HDL-1007 : back to file '../user_source/hdl_source/SD/color_bar.v' in ../user_source/hdl_source/SD/color_bar.v(2)
HDL-1007 : analyze verilog file ../user_source/hdl_source/SD/frame_fifo_read.v
HDL-1007 : analyze verilog file ../user_source/hdl_source/SD/frame_fifo_write.v
HDL-1007 : analyze verilog file ../user_source/hdl_source/SD/frame_read_write.v
HDL-1007 : analyze verilog file ../user_source/hdl_source/SD/sd_card_bmp.v
HDL-1007 : analyze verilog file ../user_source/hdl_source/SD/seg_decoder.v
HDL-1007 : analyze verilog file ../user_source/hdl_source/SD/seg_scan.v
HDL-1007 : analyze verilog file ../user_source/hdl_source/SD/video_delay.v
HDL-1007 : analyze verilog file ../user_source/hdl_source/SD/video_timing_data.v
HDL-1007 : analyze verilog file ../user_source/hdl_source/hdmi_audio_tone_i2s_64fs.v
HDL-1007 : analyze verilog file ../user_source/hdl_source/startup_pulse.v
HDL-1007 : analyze verilog file ../user_source/hdl_source/video_rgb_to_axis_640x480.v
HDL-1007 : analyze verilog file ../user_source/hdl_source/SD/sd_card_cmd.v
HDL-1007 : analyze verilog file ../user_source/hdl_source/SD/sd_card_sec_read_write.v
HDL-1007 : analyze verilog file ../user_source/hdl_source/SD/sd_card_top.v
HDL-1007 : analyze verilog file ../user_source/hdl_source/SD/spi_master.v
HDL-1007 : analyze verilog file ../user_source/hdl_source/SD/sdram.v
HDL-1007 : analyze included file ../user_source/hdl_source/include/global_def.v in ../user_source/hdl_source/SD/sdram.v(10)
HDL-1007 : back to file '../user_source/hdl_source/SD/sdram.v' in ../user_source/hdl_source/SD/sdram.v(10)
HDL-1007 : undeclared symbol 'SDR_CKE', assumed default net type 'wire' in ../user_source/hdl_source/SD/sdram.v(89)
HDL-1007 : analyze verilog file ../user_source/hdl_source/include/sdr_as_ram.enc.v
HDL-1007 : analyze included file ../user_source/hdl_source/include/global_def.v in ../user_source/hdl_source/include/sdr_as_ram.enc.v(10)
HDL-1007 : back to file '../user_source/hdl_source/include/sdr_as_ram.enc.v' in ../user_source/hdl_source/include/sdr_as_ram.enc.v(10)
HDL-1007 : back to file '../user_source/hdl_source/include/sdr_as_ram.enc.v' in ../user_source/hdl_source/include/sdr_as_ram.enc.v(45)
HDL-1007 : analyze verilog file ../user_source/hdl_source/include/sdr_init_ref.enc.v
HDL-1007 : analyze included file ../user_source/hdl_source/include/global_def.v in ../user_source/hdl_source/include/sdr_init_ref.enc.v(11)
HDL-1007 : back to file '../user_source/hdl_source/include/sdr_init_ref.enc.v' in ../user_source/hdl_source/include/sdr_init_ref.enc.v(11)
HDL-1007 : undeclared symbol '**', assumed default net type '**' in ../user_source/hdl_source/include/sdr_init_ref.enc.v(57)
HDL-1007 : back to file '../user_source/hdl_source/include/sdr_init_ref.enc.v' in ../user_source/hdl_source/include/sdr_init_ref.enc.v(149)
HDL-5007 WARNING: concatenation with an unsized literal will be treated as 32 bits in ../user_source/hdl_source/include/sdr_init_ref.enc.v(47)
HDL-1007 : analyze verilog file ../user_source/hdl_source/include/sdr_wrrd.enc.v
HDL-5007 WARNING: concatenation with an unsized literal will be treated as 32 bits in ../user_source/hdl_source/include/sdr_wrrd.enc.v(283)
HDL-1007 : back to file '../user_source/hdl_source/include/sdr_wrrd.enc.v' in ../user_source/hdl_source/include/sdr_wrrd.enc.v(19)
HDL-1007 : analyze verilog file ../user_source/hdl_source/hdmi_audio_tone_pcm_scale.v
HDL-8007 ERROR: module 'frame_fifo_write' does not have a parameter named WRITE_V_FLIP. Modify the design by referring to the parameter defined by the module, or contact customer service for help in ../user_source/hdl_source/SD/frame_read_write.v(114)
HDL-8007 ERROR: module 'frame_fifo_write' does not have a parameter named FRAME_WIDTH. Modify the design by referring to the parameter defined by the module, or contact customer service for help in ../user_source/hdl_source/SD/frame_read_write.v(115)
HDL-8007 ERROR: module 'frame_fifo_write' does not have a parameter named FRAME_HEIGHT. Modify the design by referring to the parameter defined by the module, or contact customer service for help in ../user_source/hdl_source/SD/frame_read_write.v(116)
RUN-1002 : start command "commit_param -step design"
RUN-1001 : Print Global Property
RUN-1001 : --------------------------------------------------------
RUN-1001 :   Parameters   |  Settings  |  Default Values  |  Note  
RUN-1001 : --------------------------------------------------------
RUN-1001 :   enable_seed  |    off     |       off        |        
RUN-1001 :     message    |  standard  |     standard     |        
RUN-1001 :   qor_monitor  |     on     |        on        |        
RUN-1001 :   syn_ip_flow  |    off     |       off        |        
RUN-1001 :     thread     |    auto    |       auto       |        
RUN-1001 : --------------------------------------------------------
RUN-1001 : Print Design Property
RUN-1001 : ----------------------------------------------------------------
RUN-1001 :       Parameters       |  Settings  |  Default Values  |  Note  
RUN-1001 : ----------------------------------------------------------------
RUN-1001 :   default_reg_initial  |    auto    |       auto       |        
RUN-1001 :    hdl_warning_level   |   normal   |      normal      |        
RUN-1001 : ----------------------------------------------------------------
HDL-1007 : analyze verilog file ../user_source/hdl_source/ip/afifo_16_32_256.v
HDL-1007 : analyze verilog file ../user_source/hdl_source/ip/afifo_32_16_256.v
HDL-1007 : analyze verilog file ../user_source/hdl_source/ip/sys_pll.v
HDL-1007 : undeclared symbol 'open', assumed default net type 'wire' in ../user_source/hdl_source/ip/sys_pll.v(77)
HDL-1007 : analyze verilog file ../user_source/hdl_source/ip/video_pll.v
HDL-1007 : undeclared symbol 'open', assumed default net type 'wire' in ../user_source/hdl_source/ip/video_pll.v(70)
HDL-1007 : analyze verilog file al_ip/AUDIO_SAMPLE_ROM.v
HDL-1007 : analyze verilog file al_ip/PLL.v
HDL-1007 : undeclared symbol 'PLL_open0', assumed default net type 'wire' in al_ip/PLL.v(78)
HDL-1007 : undeclared symbol 'PLL_open8', assumed default net type 'wire' in al_ip/PLL.v(84)
HDL-1007 : undeclared symbol 'PLL_open7', assumed default net type 'wire' in al_ip/PLL.v(84)
HDL-1007 : undeclared symbol 'PLL_open6', assumed default net type 'wire' in al_ip/PLL.v(84)
HDL-1007 : undeclared symbol 'PLL_open5', assumed default net type 'wire' in al_ip/PLL.v(84)
HDL-1007 : undeclared symbol 'PLL_open4', assumed default net type 'wire' in al_ip/PLL.v(84)
HDL-1007 : undeclared symbol 'PLL_open3', assumed default net type 'wire' in al_ip/PLL.v(84)
HDL-1007 : undeclared symbol 'PLL_open2', assumed default net type 'wire' in al_ip/PLL.v(84)
HDL-1007 : undeclared symbol 'PLL_open1', assumed default net type 'wire' in al_ip/PLL.v(84)
HDL-1007 : undeclared symbol 'PLL_open11', assumed default net type 'wire' in al_ip/PLL.v(86)
HDL-1007 : undeclared symbol 'PLL_open10', assumed default net type 'wire' in al_ip/PLL.v(86)
HDL-1007 : undeclared symbol 'PLL_open9', assumed default net type 'wire' in al_ip/PLL.v(86)
HDL-1007 : analyze verilog file al_ip/PLL_HDMI_AUDIO.v
HDL-1007 : undeclared symbol 'PLL_HDMI_AUDIO_open0', assumed default net type 'wire' in al_ip/PLL_HDMI_AUDIO.v(85)
HDL-1007 : undeclared symbol 'PLL_HDMI_AUDIO_open8', assumed default net type 'wire' in al_ip/PLL_HDMI_AUDIO.v(91)
HDL-1007 : undeclared symbol 'PLL_HDMI_AUDIO_open7', assumed default net type 'wire' in al_ip/PLL_HDMI_AUDIO.v(91)
HDL-1007 : undeclared symbol 'PLL_HDMI_AUDIO_open6', assumed default net type 'wire' in al_ip/PLL_HDMI_AUDIO.v(91)
HDL-1007 : undeclared symbol 'PLL_HDMI_AUDIO_open5', assumed default net type 'wire' in al_ip/PLL_HDMI_AUDIO.v(91)
HDL-1007 : undeclared symbol 'PLL_HDMI_AUDIO_open4', assumed default net type 'wire' in al_ip/PLL_HDMI_AUDIO.v(91)
HDL-1007 : undeclared symbol 'PLL_HDMI_AUDIO_open3', assumed default net type 'wire' in al_ip/PLL_HDMI_AUDIO.v(91)
HDL-1007 : undeclared symbol 'PLL_HDMI_AUDIO_open2', assumed default net type 'wire' in al_ip/PLL_HDMI_AUDIO.v(91)
HDL-1007 : undeclared symbol 'PLL_HDMI_AUDIO_open1', assumed default net type 'wire' in al_ip/PLL_HDMI_AUDIO.v(91)
HDL-1007 : undeclared symbol 'PLL_HDMI_AUDIO_open10', assumed default net type 'wire' in al_ip/PLL_HDMI_AUDIO.v(93)
HDL-1007 : undeclared symbol 'PLL_HDMI_AUDIO_open9', assumed default net type 'wire' in al_ip/PLL_HDMI_AUDIO.v(93)
HDL-1007 : analyze verilog file ../user_source/hdl_source/video_source_test.v
HDL-1007 : analyze verilog file ../user_source/hdl_source/key_remove_shakes.v
HDL-1007 : analyze verilog file ../user_source/hdl_source/I2S_receiver.v
HDL-1007 : analyze verilog file ../user_source/hdl_source/audio_arc_calculate.v
HDL-1007 : analyze verilog file ../user_source/hdl_source/hdmi_phy_warpper.v
HDL-1007 : analyze verilog file ../user_source/hdl_source/lane_lvds_10_1.v
HDL-1007 : analyze verilog file ../user_source/hdl_source/hdmi1.4b_transmitter_core/hdmi_1_4b_transmitter_core_wrapper.enc.v
HDL-1007 : undeclared symbol '**', assumed default net type '**' in ../user_source/hdl_source/hdmi1.4b_transmitter_core/hdmi_1_4b_transmitter_core_wrapper.enc.v(2614)
HDL-1007 : undeclared symbol '**', assumed default net type '**' in ../user_source/hdl_source/hdmi1.4b_transmitter_core/hdmi_1_4b_transmitter_core_wrapper.enc.v(2716)
HDL-1007 : undeclared symbol '**', assumed default net type '**' in ../user_source/hdl_source/hdmi1.4b_transmitter_core/hdmi_1_4b_transmitter_core_wrapper.enc.v(2724)
HDL-1007 : undeclared symbol '**', assumed default net type '**' in ../user_source/hdl_source/hdmi1.4b_transmitter_core/hdmi_1_4b_transmitter_core_wrapper.enc.v(4936)
HDL-1007 : undeclared symbol '**', assumed default net type '**' in ../user_source/hdl_source/hdmi1.4b_transmitter_core/hdmi_1_4b_transmitter_core_wrapper.enc.v(5989)
HDL-1007 : back to file '../user_source/hdl_source/hdmi1.4b_transmitter_core/hdmi_1_4b_transmitter_core_wrapper.enc.v' in ../user_source/hdl_source/hdmi1.4b_transmitter_core/hdmi_1_4b_transmitter_core_wrapper.enc.v(77)
HDL-1007 : analyze verilog file ../user_source/hdl_source/test/i2s_test_tone_gen_pll.v
HDL-1007 : analyze verilog file ../user_source/hdl_source/rom/i2s_rom_player_single_pll_fix64_rom_ip.v
HDL-1007 : analyze verilog file ../user_source/hdl_source/top_tf_hdmi_audio.v
HDL-1007 : analyze verilog file ../user_source/hdl_source/SD/ax_debounce.v
HDL-1007 : analyze verilog file ../user_source/hdl_source/SD/bmp_read.v
HDL-1007 : analyze verilog file ../user_source/hdl_source/SD/color_bar.v
HDL-1007 : analyze included file ../user_source/hdl_source/SD/video_define.v in ../user_source/hdl_source/SD/color_bar.v(2)
HDL-1007 : back to file '../user_source/hdl_source/SD/color_bar.v' in ../user_source/hdl_source/SD/color_bar.v(2)
HDL-1007 : analyze verilog file ../user_source/hdl_source/SD/frame_fifo_read.v
HDL-1007 : analyze verilog file ../user_source/hdl_source/SD/frame_fifo_write.v
HDL-1007 : analyze verilog file ../user_source/hdl_source/SD/frame_read_write.v
HDL-1007 : analyze verilog file ../user_source/hdl_source/SD/sd_card_bmp.v
HDL-1007 : analyze verilog file ../user_source/hdl_source/SD/seg_decoder.v
HDL-1007 : analyze verilog file ../user_source/hdl_source/SD/seg_scan.v
HDL-1007 : analyze verilog file ../user_source/hdl_source/SD/video_delay.v
HDL-1007 : analyze verilog file ../user_source/hdl_source/SD/video_timing_data.v
HDL-1007 : analyze verilog file ../user_source/hdl_source/hdmi_audio_tone_i2s_64fs.v
HDL-1007 : analyze verilog file ../user_source/hdl_source/startup_pulse.v
HDL-1007 : analyze verilog file ../user_source/hdl_source/video_rgb_to_axis_640x480.v
HDL-1007 : analyze verilog file ../user_source/hdl_source/SD/sd_card_cmd.v
HDL-1007 : analyze verilog file ../user_source/hdl_source/SD/sd_card_sec_read_write.v
HDL-1007 : analyze verilog file ../user_source/hdl_source/SD/sd_card_top.v
HDL-1007 : analyze verilog file ../user_source/hdl_source/SD/spi_master.v
HDL-1007 : analyze verilog file ../user_source/hdl_source/SD/sdram.v
HDL-1007 : analyze included file ../user_source/hdl_source/include/global_def.v in ../user_source/hdl_source/SD/sdram.v(10)
HDL-1007 : back to file '../user_source/hdl_source/SD/sdram.v' in ../user_source/hdl_source/SD/sdram.v(10)
HDL-1007 : undeclared symbol 'SDR_CKE', assumed default net type 'wire' in ../user_source/hdl_source/SD/sdram.v(89)
HDL-1007 : analyze verilog file ../user_source/hdl_source/include/sdr_as_ram.enc.v
HDL-1007 : analyze included file ../user_source/hdl_source/include/global_def.v in ../user_source/hdl_source/include/sdr_as_ram.enc.v(10)
HDL-1007 : back to file '../user_source/hdl_source/include/sdr_as_ram.enc.v' in ../user_source/hdl_source/include/sdr_as_ram.enc.v(10)
HDL-1007 : back to file '../user_source/hdl_source/include/sdr_as_ram.enc.v' in ../user_source/hdl_source/include/sdr_as_ram.enc.v(45)
HDL-1007 : analyze verilog file ../user_source/hdl_source/include/sdr_init_ref.enc.v
HDL-1007 : analyze included file ../user_source/hdl_source/include/global_def.v in ../user_source/hdl_source/include/sdr_init_ref.enc.v(11)
HDL-1007 : back to file '../user_source/hdl_source/include/sdr_init_ref.enc.v' in ../user_source/hdl_source/include/sdr_init_ref.enc.v(11)
HDL-1007 : undeclared symbol '**', assumed default net type '**' in ../user_source/hdl_source/include/sdr_init_ref.enc.v(57)
HDL-1007 : back to file '../user_source/hdl_source/include/sdr_init_ref.enc.v' in ../user_source/hdl_source/include/sdr_init_ref.enc.v(149)
HDL-5007 WARNING: concatenation with an unsized literal will be treated as 32 bits in ../user_source/hdl_source/include/sdr_init_ref.enc.v(47)
HDL-1007 : analyze verilog file ../user_source/hdl_source/include/sdr_wrrd.enc.v
HDL-5007 WARNING: concatenation with an unsized literal will be treated as 32 bits in ../user_source/hdl_source/include/sdr_wrrd.enc.v(283)
HDL-1007 : back to file '../user_source/hdl_source/include/sdr_wrrd.enc.v' in ../user_source/hdl_source/include/sdr_wrrd.enc.v(19)
HDL-1007 : analyze verilog file ../user_source/hdl_source/hdmi_audio_tone_pcm_scale.v
PRJ-1412 : reset_run syn_1 phy_1.
PRJ-1409 : launch_runs syn_1 phy_1  -jobs 6.
PRJ-1410 : Run syn_1 success.
PRJ-1410 : Run phy_1 success.
RUN-1002 : start command "save_best_bits"
PRJ-1424 : The implemented result of phy_1 is saved as best result.
RUN-1002 : start command "import_db C:/Users/zbrmyyds/Desktop/anlu/FPGA_Prj/I2S/transmitor/APUG092_HDMI1.4b_Transmitter_V1.4/src/td_project/HDMI1.4b_Transmitter_v1.0_Runs/phy_1/HDMI1.4b_Transmitter_v1.0_pr.db"
RUN-1001 : Importing database generated by Tang Dynasty, V6.2.168116.
RUN-1001 : Database version number 46207
RUN-1001 : Import flow parameters
RUN-1001 : Import netlist
PHY-1001 : Generate detailed routing grids ...
PHY-1001 : End build routing graph; 0.464608s wall, 0.453125s user + 0.062500s system = 0.515625s CPU (111.0%)

PHY-1001 : Build lut bridge;  0.046123s wall, 0.046875s user + 0.000000s system = 0.046875s CPU (101.6%)

PHY-1001 : Generate nets ...
PHY-1001 : net clk_dup_1 will be routed on clock mesh
PHY-1001 : net U3/u2_ram/SDRAM_CLK will be routed on clock mesh
PHY-1001 : net U3/u2_ram/u1_init_ref/Sdr_clk will be routed on clock mesh
PHY-1001 : clock net sd_card_bmp_m0/clk will be merged with clock sys_pll_m0/clk0_buf
PHY-1001 : net u_hdmi_audio_tone_i2s_64fs/I_mclk will be routed on clock mesh
PHY-1001 : clock net u_I2S_receiver/I_clk will be merged with clock video_pll_m0/clk0_buf
PHY-1001 : clock net u_audio_pll/clk0_out will be merged with clock u_audio_pll/clk0_buf
PHY-1001 : net u_hdmi2phy_wrapper/u0_lane_lvds_8_1/I_serial_clk will be routed on clock mesh
PHY-1001 : eco open net = 0
PHY-1001 : 98 feed throughs used by 73 nets
RUN-1001 : Import phy database
RUN-1001 : Import timing constraints
RUN-1001 : Import IO constraints
RUN-1001 : Import Inst constraints
RUN-1001 : Import ChipWatcher
RUN-1001 : Import design success TD_VERSION=6.2.168116 , DB_VERSION=46207
RUN-1003 : finish command "import_db C:/Users/zbrmyyds/Desktop/anlu/FPGA_Prj/I2S/transmitor/APUG092_HDMI1.4b_Transmitter_V1.4/src/td_project/HDMI1.4b_Transmitter_v1.0_Runs/phy_1/HDMI1.4b_Transmitter_v1.0_pr.db" in  1.843627s wall, 1.796875s user + 0.250000s system = 2.046875s CPU (111.0%)

RUN-1004 : used memory is 639 MB, reserved memory is 607 MB, peak memory is 704 MB
RUN-1002 : start command "commit_param -step design"
RUN-1001 : Print Global Property
RUN-1001 : --------------------------------------------------------
RUN-1001 :   Parameters   |  Settings  |  Default Values  |  Note  
RUN-1001 : --------------------------------------------------------
RUN-1001 :   enable_seed  |    off     |       off        |        
RUN-1001 :     message    |  standard  |     standard     |        
RUN-1001 :   qor_monitor  |     on     |        on        |        
RUN-1001 :   syn_ip_flow  |    off     |       off        |        
RUN-1001 :     thread     |    auto    |       auto       |        
RUN-1001 : --------------------------------------------------------
RUN-1001 : Print Design Property
RUN-1001 : ----------------------------------------------------------------
RUN-1001 :       Parameters       |  Settings  |  Default Values  |  Note  
RUN-1001 : ----------------------------------------------------------------
RUN-1001 :   default_reg_initial  |    auto    |       auto       |        
RUN-1001 :    hdl_warning_level   |   normal   |      normal      |        
RUN-1001 : ----------------------------------------------------------------
HDL-1007 : analyze verilog file ../user_source/hdl_source/ip/afifo_16_32_256.v
HDL-1007 : analyze verilog file ../user_source/hdl_source/ip/afifo_32_16_256.v
HDL-1007 : analyze verilog file ../user_source/hdl_source/ip/sys_pll.v
HDL-1007 : undeclared symbol 'open', assumed default net type 'wire' in ../user_source/hdl_source/ip/sys_pll.v(77)
HDL-1007 : analyze verilog file ../user_source/hdl_source/ip/video_pll.v
HDL-1007 : undeclared symbol 'open', assumed default net type 'wire' in ../user_source/hdl_source/ip/video_pll.v(70)
HDL-1007 : analyze verilog file al_ip/AUDIO_SAMPLE_ROM.v
HDL-1007 : analyze verilog file al_ip/PLL.v
HDL-1007 : undeclared symbol 'PLL_open0', assumed default net type 'wire' in al_ip/PLL.v(78)
HDL-1007 : undeclared symbol 'PLL_open8', assumed default net type 'wire' in al_ip/PLL.v(84)
HDL-1007 : undeclared symbol 'PLL_open7', assumed default net type 'wire' in al_ip/PLL.v(84)
HDL-1007 : undeclared symbol 'PLL_open6', assumed default net type 'wire' in al_ip/PLL.v(84)
HDL-1007 : undeclared symbol 'PLL_open5', assumed default net type 'wire' in al_ip/PLL.v(84)
HDL-1007 : undeclared symbol 'PLL_open4', assumed default net type 'wire' in al_ip/PLL.v(84)
HDL-1007 : undeclared symbol 'PLL_open3', assumed default net type 'wire' in al_ip/PLL.v(84)
HDL-1007 : undeclared symbol 'PLL_open2', assumed default net type 'wire' in al_ip/PLL.v(84)
HDL-1007 : undeclared symbol 'PLL_open1', assumed default net type 'wire' in al_ip/PLL.v(84)
HDL-1007 : undeclared symbol 'PLL_open11', assumed default net type 'wire' in al_ip/PLL.v(86)
HDL-1007 : undeclared symbol 'PLL_open10', assumed default net type 'wire' in al_ip/PLL.v(86)
HDL-1007 : undeclared symbol 'PLL_open9', assumed default net type 'wire' in al_ip/PLL.v(86)
HDL-1007 : analyze verilog file al_ip/PLL_HDMI_AUDIO.v
HDL-1007 : undeclared symbol 'PLL_HDMI_AUDIO_open0', assumed default net type 'wire' in al_ip/PLL_HDMI_AUDIO.v(85)
HDL-1007 : undeclared symbol 'PLL_HDMI_AUDIO_open8', assumed default net type 'wire' in al_ip/PLL_HDMI_AUDIO.v(91)
HDL-1007 : undeclared symbol 'PLL_HDMI_AUDIO_open7', assumed default net type 'wire' in al_ip/PLL_HDMI_AUDIO.v(91)
HDL-1007 : undeclared symbol 'PLL_HDMI_AUDIO_open6', assumed default net type 'wire' in al_ip/PLL_HDMI_AUDIO.v(91)
HDL-1007 : undeclared symbol 'PLL_HDMI_AUDIO_open5', assumed default net type 'wire' in al_ip/PLL_HDMI_AUDIO.v(91)
HDL-1007 : undeclared symbol 'PLL_HDMI_AUDIO_open4', assumed default net type 'wire' in al_ip/PLL_HDMI_AUDIO.v(91)
HDL-1007 : undeclared symbol 'PLL_HDMI_AUDIO_open3', assumed default net type 'wire' in al_ip/PLL_HDMI_AUDIO.v(91)
HDL-1007 : undeclared symbol 'PLL_HDMI_AUDIO_open2', assumed default net type 'wire' in al_ip/PLL_HDMI_AUDIO.v(91)
HDL-1007 : undeclared symbol 'PLL_HDMI_AUDIO_open1', assumed default net type 'wire' in al_ip/PLL_HDMI_AUDIO.v(91)
HDL-1007 : undeclared symbol 'PLL_HDMI_AUDIO_open10', assumed default net type 'wire' in al_ip/PLL_HDMI_AUDIO.v(93)
HDL-1007 : undeclared symbol 'PLL_HDMI_AUDIO_open9', assumed default net type 'wire' in al_ip/PLL_HDMI_AUDIO.v(93)
HDL-1007 : analyze verilog file ../user_source/hdl_source/video_source_test.v
HDL-1007 : analyze verilog file ../user_source/hdl_source/key_remove_shakes.v
HDL-1007 : analyze verilog file ../user_source/hdl_source/I2S_receiver.v
HDL-1007 : analyze verilog file ../user_source/hdl_source/audio_arc_calculate.v
HDL-1007 : analyze verilog file ../user_source/hdl_source/hdmi_phy_warpper.v
HDL-1007 : analyze verilog file ../user_source/hdl_source/lane_lvds_10_1.v
HDL-1007 : analyze verilog file ../user_source/hdl_source/hdmi1.4b_transmitter_core/hdmi_1_4b_transmitter_core_wrapper.enc.v
HDL-1007 : undeclared symbol '**', assumed default net type '**' in ../user_source/hdl_source/hdmi1.4b_transmitter_core/hdmi_1_4b_transmitter_core_wrapper.enc.v(2614)
HDL-1007 : undeclared symbol '**', assumed default net type '**' in ../user_source/hdl_source/hdmi1.4b_transmitter_core/hdmi_1_4b_transmitter_core_wrapper.enc.v(2716)
HDL-1007 : undeclared symbol '**', assumed default net type '**' in ../user_source/hdl_source/hdmi1.4b_transmitter_core/hdmi_1_4b_transmitter_core_wrapper.enc.v(2724)
HDL-1007 : undeclared symbol '**', assumed default net type '**' in ../user_source/hdl_source/hdmi1.4b_transmitter_core/hdmi_1_4b_transmitter_core_wrapper.enc.v(4936)
HDL-1007 : undeclared symbol '**', assumed default net type '**' in ../user_source/hdl_source/hdmi1.4b_transmitter_core/hdmi_1_4b_transmitter_core_wrapper.enc.v(5989)
HDL-1007 : back to file '../user_source/hdl_source/hdmi1.4b_transmitter_core/hdmi_1_4b_transmitter_core_wrapper.enc.v' in ../user_source/hdl_source/hdmi1.4b_transmitter_core/hdmi_1_4b_transmitter_core_wrapper.enc.v(77)
HDL-1007 : analyze verilog file ../user_source/hdl_source/test/i2s_test_tone_gen_pll.v
HDL-1007 : analyze verilog file ../user_source/hdl_source/rom/i2s_rom_player_single_pll_fix64_rom_ip.v
HDL-1007 : analyze verilog file ../user_source/hdl_source/top_tf_hdmi_audio.v
HDL-1007 : analyze verilog file ../user_source/hdl_source/SD/ax_debounce.v
HDL-1007 : analyze verilog file ../user_source/hdl_source/SD/bmp_read.v
HDL-1007 : analyze verilog file ../user_source/hdl_source/SD/color_bar.v
HDL-1007 : analyze included file ../user_source/hdl_source/SD/video_define.v in ../user_source/hdl_source/SD/color_bar.v(2)
HDL-1007 : back to file '../user_source/hdl_source/SD/color_bar.v' in ../user_source/hdl_source/SD/color_bar.v(2)
HDL-1007 : analyze verilog file ../user_source/hdl_source/SD/frame_fifo_read.v
HDL-1007 : analyze verilog file ../user_source/hdl_source/SD/frame_fifo_write.v
HDL-1007 : analyze verilog file ../user_source/hdl_source/SD/frame_read_write.v
HDL-1007 : analyze verilog file ../user_source/hdl_source/SD/sd_card_bmp.v
HDL-1007 : analyze verilog file ../user_source/hdl_source/SD/seg_decoder.v
HDL-1007 : analyze verilog file ../user_source/hdl_source/SD/seg_scan.v
HDL-1007 : analyze verilog file ../user_source/hdl_source/SD/video_delay.v
HDL-1007 : analyze verilog file ../user_source/hdl_source/SD/video_timing_data.v
HDL-1007 : analyze verilog file ../user_source/hdl_source/hdmi_audio_tone_i2s_64fs.v
HDL-1007 : analyze verilog file ../user_source/hdl_source/startup_pulse.v
HDL-1007 : analyze verilog file ../user_source/hdl_source/video_rgb_to_axis_640x480.v
HDL-1007 : analyze verilog file ../user_source/hdl_source/SD/sd_card_cmd.v
HDL-1007 : analyze verilog file ../user_source/hdl_source/SD/sd_card_sec_read_write.v
HDL-1007 : analyze verilog file ../user_source/hdl_source/SD/sd_card_top.v
HDL-1007 : analyze verilog file ../user_source/hdl_source/SD/spi_master.v
HDL-1007 : analyze verilog file ../user_source/hdl_source/SD/sdram.v
HDL-1007 : analyze included file ../user_source/hdl_source/include/global_def.v in ../user_source/hdl_source/SD/sdram.v(10)
HDL-1007 : back to file '../user_source/hdl_source/SD/sdram.v' in ../user_source/hdl_source/SD/sdram.v(10)
HDL-1007 : undeclared symbol 'SDR_CKE', assumed default net type 'wire' in ../user_source/hdl_source/SD/sdram.v(89)
HDL-1007 : analyze verilog file ../user_source/hdl_source/include/sdr_as_ram.enc.v
HDL-1007 : analyze included file ../user_source/hdl_source/include/global_def.v in ../user_source/hdl_source/include/sdr_as_ram.enc.v(10)
HDL-1007 : back to file '../user_source/hdl_source/include/sdr_as_ram.enc.v' in ../user_source/hdl_source/include/sdr_as_ram.enc.v(10)
HDL-1007 : back to file '../user_source/hdl_source/include/sdr_as_ram.enc.v' in ../user_source/hdl_source/include/sdr_as_ram.enc.v(45)
HDL-1007 : analyze verilog file ../user_source/hdl_source/include/sdr_init_ref.enc.v
HDL-1007 : analyze included file ../user_source/hdl_source/include/global_def.v in ../user_source/hdl_source/include/sdr_init_ref.enc.v(11)
HDL-1007 : back to file '../user_source/hdl_source/include/sdr_init_ref.enc.v' in ../user_source/hdl_source/include/sdr_init_ref.enc.v(11)
HDL-1007 : undeclared symbol '**', assumed default net type '**' in ../user_source/hdl_source/include/sdr_init_ref.enc.v(57)
HDL-1007 : back to file '../user_source/hdl_source/include/sdr_init_ref.enc.v' in ../user_source/hdl_source/include/sdr_init_ref.enc.v(149)
HDL-5007 WARNING: concatenation with an unsized literal will be treated as 32 bits in ../user_source/hdl_source/include/sdr_init_ref.enc.v(47)
HDL-1007 : analyze verilog file ../user_source/hdl_source/include/sdr_wrrd.enc.v
HDL-5007 WARNING: concatenation with an unsized literal will be treated as 32 bits in ../user_source/hdl_source/include/sdr_wrrd.enc.v(283)
HDL-1007 : back to file '../user_source/hdl_source/include/sdr_wrrd.enc.v' in ../user_source/hdl_source/include/sdr_wrrd.enc.v(19)
HDL-1007 : analyze verilog file ../user_source/hdl_source/hdmi_audio_tone_pcm_scale.v
RUN-1002 : start command "commit_param -step design"
RUN-1001 : Print Global Property
RUN-1001 : --------------------------------------------------------
RUN-1001 :   Parameters   |  Settings  |  Default Values  |  Note  
RUN-1001 : --------------------------------------------------------
RUN-1001 :   enable_seed  |    off     |       off        |        
RUN-1001 :     message    |  standard  |     standard     |        
RUN-1001 :   qor_monitor  |     on     |        on        |        
RUN-1001 :   syn_ip_flow  |    off     |       off        |        
RUN-1001 :     thread     |    auto    |       auto       |        
RUN-1001 : --------------------------------------------------------
RUN-1001 : Print Design Property
RUN-1001 : ----------------------------------------------------------------
RUN-1001 :       Parameters       |  Settings  |  Default Values  |  Note  
RUN-1001 : ----------------------------------------------------------------
RUN-1001 :   default_reg_initial  |    auto    |       auto       |        
RUN-1001 :    hdl_warning_level   |   normal   |      normal      |        
RUN-1001 : ----------------------------------------------------------------
HDL-1007 : analyze verilog file ../user_source/hdl_source/ip/afifo_16_32_256.v
HDL-1007 : analyze verilog file ../user_source/hdl_source/ip/afifo_32_16_256.v
HDL-1007 : analyze verilog file ../user_source/hdl_source/ip/sys_pll.v
HDL-1007 : undeclared symbol 'open', assumed default net type 'wire' in ../user_source/hdl_source/ip/sys_pll.v(77)
HDL-1007 : analyze verilog file ../user_source/hdl_source/ip/video_pll.v
HDL-1007 : undeclared symbol 'open', assumed default net type 'wire' in ../user_source/hdl_source/ip/video_pll.v(70)
HDL-1007 : analyze verilog file al_ip/AUDIO_SAMPLE_ROM.v
HDL-1007 : analyze verilog file al_ip/PLL.v
HDL-1007 : undeclared symbol 'PLL_open0', assumed default net type 'wire' in al_ip/PLL.v(78)
HDL-1007 : undeclared symbol 'PLL_open8', assumed default net type 'wire' in al_ip/PLL.v(84)
HDL-1007 : undeclared symbol 'PLL_open7', assumed default net type 'wire' in al_ip/PLL.v(84)
HDL-1007 : undeclared symbol 'PLL_open6', assumed default net type 'wire' in al_ip/PLL.v(84)
HDL-1007 : undeclared symbol 'PLL_open5', assumed default net type 'wire' in al_ip/PLL.v(84)
HDL-1007 : undeclared symbol 'PLL_open4', assumed default net type 'wire' in al_ip/PLL.v(84)
HDL-1007 : undeclared symbol 'PLL_open3', assumed default net type 'wire' in al_ip/PLL.v(84)
HDL-1007 : undeclared symbol 'PLL_open2', assumed default net type 'wire' in al_ip/PLL.v(84)
HDL-1007 : undeclared symbol 'PLL_open1', assumed default net type 'wire' in al_ip/PLL.v(84)
HDL-1007 : undeclared symbol 'PLL_open11', assumed default net type 'wire' in al_ip/PLL.v(86)
HDL-1007 : undeclared symbol 'PLL_open10', assumed default net type 'wire' in al_ip/PLL.v(86)
HDL-1007 : undeclared symbol 'PLL_open9', assumed default net type 'wire' in al_ip/PLL.v(86)
HDL-1007 : analyze verilog file al_ip/PLL_HDMI_AUDIO.v
HDL-1007 : undeclared symbol 'PLL_HDMI_AUDIO_open0', assumed default net type 'wire' in al_ip/PLL_HDMI_AUDIO.v(85)
HDL-1007 : undeclared symbol 'PLL_HDMI_AUDIO_open8', assumed default net type 'wire' in al_ip/PLL_HDMI_AUDIO.v(91)
HDL-1007 : undeclared symbol 'PLL_HDMI_AUDIO_open7', assumed default net type 'wire' in al_ip/PLL_HDMI_AUDIO.v(91)
HDL-1007 : undeclared symbol 'PLL_HDMI_AUDIO_open6', assumed default net type 'wire' in al_ip/PLL_HDMI_AUDIO.v(91)
HDL-1007 : undeclared symbol 'PLL_HDMI_AUDIO_open5', assumed default net type 'wire' in al_ip/PLL_HDMI_AUDIO.v(91)
HDL-1007 : undeclared symbol 'PLL_HDMI_AUDIO_open4', assumed default net type 'wire' in al_ip/PLL_HDMI_AUDIO.v(91)
HDL-1007 : undeclared symbol 'PLL_HDMI_AUDIO_open3', assumed default net type 'wire' in al_ip/PLL_HDMI_AUDIO.v(91)
HDL-1007 : undeclared symbol 'PLL_HDMI_AUDIO_open2', assumed default net type 'wire' in al_ip/PLL_HDMI_AUDIO.v(91)
HDL-1007 : undeclared symbol 'PLL_HDMI_AUDIO_open1', assumed default net type 'wire' in al_ip/PLL_HDMI_AUDIO.v(91)
HDL-1007 : undeclared symbol 'PLL_HDMI_AUDIO_open10', assumed default net type 'wire' in al_ip/PLL_HDMI_AUDIO.v(93)
HDL-1007 : undeclared symbol 'PLL_HDMI_AUDIO_open9', assumed default net type 'wire' in al_ip/PLL_HDMI_AUDIO.v(93)
HDL-1007 : analyze verilog file ../user_source/hdl_source/video_source_test.v
HDL-1007 : analyze verilog file ../user_source/hdl_source/key_remove_shakes.v
HDL-1007 : analyze verilog file ../user_source/hdl_source/I2S_receiver.v
HDL-1007 : analyze verilog file ../user_source/hdl_source/audio_arc_calculate.v
HDL-1007 : analyze verilog file ../user_source/hdl_source/hdmi_phy_warpper.v
HDL-1007 : analyze verilog file ../user_source/hdl_source/lane_lvds_10_1.v
HDL-1007 : analyze verilog file ../user_source/hdl_source/hdmi1.4b_transmitter_core/hdmi_1_4b_transmitter_core_wrapper.enc.v
HDL-1007 : undeclared symbol '**', assumed default net type '**' in ../user_source/hdl_source/hdmi1.4b_transmitter_core/hdmi_1_4b_transmitter_core_wrapper.enc.v(2614)
HDL-1007 : undeclared symbol '**', assumed default net type '**' in ../user_source/hdl_source/hdmi1.4b_transmitter_core/hdmi_1_4b_transmitter_core_wrapper.enc.v(2716)
HDL-1007 : undeclared symbol '**', assumed default net type '**' in ../user_source/hdl_source/hdmi1.4b_transmitter_core/hdmi_1_4b_transmitter_core_wrapper.enc.v(2724)
HDL-1007 : undeclared symbol '**', assumed default net type '**' in ../user_source/hdl_source/hdmi1.4b_transmitter_core/hdmi_1_4b_transmitter_core_wrapper.enc.v(4936)
HDL-1007 : undeclared symbol '**', assumed default net type '**' in ../user_source/hdl_source/hdmi1.4b_transmitter_core/hdmi_1_4b_transmitter_core_wrapper.enc.v(5989)
HDL-1007 : back to file '../user_source/hdl_source/hdmi1.4b_transmitter_core/hdmi_1_4b_transmitter_core_wrapper.enc.v' in ../user_source/hdl_source/hdmi1.4b_transmitter_core/hdmi_1_4b_transmitter_core_wrapper.enc.v(77)
HDL-1007 : analyze verilog file ../user_source/hdl_source/test/i2s_test_tone_gen_pll.v
HDL-1007 : analyze verilog file ../user_source/hdl_source/rom/i2s_rom_player_single_pll_fix64_rom_ip.v
HDL-1007 : analyze verilog file ../user_source/hdl_source/top_tf_hdmi_audio.v
HDL-1007 : analyze verilog file ../user_source/hdl_source/SD/ax_debounce.v
HDL-1007 : analyze verilog file ../user_source/hdl_source/SD/bmp_read.v
HDL-1007 : analyze verilog file ../user_source/hdl_source/SD/color_bar.v
HDL-1007 : analyze included file ../user_source/hdl_source/SD/video_define.v in ../user_source/hdl_source/SD/color_bar.v(2)
HDL-1007 : back to file '../user_source/hdl_source/SD/color_bar.v' in ../user_source/hdl_source/SD/color_bar.v(2)
HDL-1007 : analyze verilog file ../user_source/hdl_source/SD/frame_fifo_read.v
HDL-1007 : analyze verilog file ../user_source/hdl_source/SD/frame_fifo_write.v
HDL-1007 : analyze verilog file ../user_source/hdl_source/SD/frame_read_write.v
HDL-1007 : analyze verilog file ../user_source/hdl_source/SD/sd_card_bmp.v
HDL-1007 : analyze verilog file ../user_source/hdl_source/SD/seg_decoder.v
HDL-1007 : analyze verilog file ../user_source/hdl_source/SD/seg_scan.v
HDL-1007 : analyze verilog file ../user_source/hdl_source/SD/video_delay.v
HDL-1007 : analyze verilog file ../user_source/hdl_source/SD/video_timing_data.v
HDL-1007 : analyze verilog file ../user_source/hdl_source/hdmi_audio_tone_i2s_64fs.v
HDL-1007 : analyze verilog file ../user_source/hdl_source/startup_pulse.v
HDL-1007 : analyze verilog file ../user_source/hdl_source/video_rgb_to_axis_640x480.v
HDL-1007 : analyze verilog file ../user_source/hdl_source/SD/sd_card_cmd.v
HDL-1007 : analyze verilog file ../user_source/hdl_source/SD/sd_card_sec_read_write.v
HDL-1007 : analyze verilog file ../user_source/hdl_source/SD/sd_card_top.v
HDL-1007 : analyze verilog file ../user_source/hdl_source/SD/spi_master.v
HDL-1007 : analyze verilog file ../user_source/hdl_source/SD/sdram.v
HDL-1007 : analyze included file ../user_source/hdl_source/include/global_def.v in ../user_source/hdl_source/SD/sdram.v(10)
HDL-1007 : back to file '../user_source/hdl_source/SD/sdram.v' in ../user_source/hdl_source/SD/sdram.v(10)
HDL-1007 : undeclared symbol 'SDR_CKE', assumed default net type 'wire' in ../user_source/hdl_source/SD/sdram.v(89)
HDL-1007 : analyze verilog file ../user_source/hdl_source/include/sdr_as_ram.enc.v
HDL-1007 : analyze included file ../user_source/hdl_source/include/global_def.v in ../user_source/hdl_source/include/sdr_as_ram.enc.v(10)
HDL-1007 : back to file '../user_source/hdl_source/include/sdr_as_ram.enc.v' in ../user_source/hdl_source/include/sdr_as_ram.enc.v(10)
HDL-1007 : back to file '../user_source/hdl_source/include/sdr_as_ram.enc.v' in ../user_source/hdl_source/include/sdr_as_ram.enc.v(45)
HDL-1007 : analyze verilog file ../user_source/hdl_source/include/sdr_init_ref.enc.v
HDL-1007 : analyze included file ../user_source/hdl_source/include/global_def.v in ../user_source/hdl_source/include/sdr_init_ref.enc.v(11)
HDL-1007 : back to file '../user_source/hdl_source/include/sdr_init_ref.enc.v' in ../user_source/hdl_source/include/sdr_init_ref.enc.v(11)
HDL-1007 : undeclared symbol '**', assumed default net type '**' in ../user_source/hdl_source/include/sdr_init_ref.enc.v(57)
HDL-1007 : back to file '../user_source/hdl_source/include/sdr_init_ref.enc.v' in ../user_source/hdl_source/include/sdr_init_ref.enc.v(149)
HDL-5007 WARNING: concatenation with an unsized literal will be treated as 32 bits in ../user_source/hdl_source/include/sdr_init_ref.enc.v(47)
HDL-1007 : analyze verilog file ../user_source/hdl_source/include/sdr_wrrd.enc.v
HDL-5007 WARNING: concatenation with an unsized literal will be treated as 32 bits in ../user_source/hdl_source/include/sdr_wrrd.enc.v(283)
HDL-1007 : back to file '../user_source/hdl_source/include/sdr_wrrd.enc.v' in ../user_source/hdl_source/include/sdr_wrrd.enc.v(19)
HDL-1007 : analyze verilog file ../user_source/hdl_source/hdmi_audio_tone_pcm_scale.v
RUN-1002 : start command "commit_param -step design"
RUN-1001 : Print Global Property
RUN-1001 : --------------------------------------------------------
RUN-1001 :   Parameters   |  Settings  |  Default Values  |  Note  
RUN-1001 : --------------------------------------------------------
RUN-1001 :   enable_seed  |    off     |       off        |        
RUN-1001 :     message    |  standard  |     standard     |        
RUN-1001 :   qor_monitor  |     on     |        on        |        
RUN-1001 :   syn_ip_flow  |    off     |       off        |        
RUN-1001 :     thread     |    auto    |       auto       |        
RUN-1001 : --------------------------------------------------------
RUN-1001 : Print Design Property
RUN-1001 : ----------------------------------------------------------------
RUN-1001 :       Parameters       |  Settings  |  Default Values  |  Note  
RUN-1001 : ----------------------------------------------------------------
RUN-1001 :   default_reg_initial  |    auto    |       auto       |        
RUN-1001 :    hdl_warning_level   |   normal   |      normal      |        
RUN-1001 : ----------------------------------------------------------------
HDL-1007 : analyze verilog file ../user_source/hdl_source/ip/afifo_16_32_256.v
HDL-1007 : analyze verilog file ../user_source/hdl_source/ip/afifo_32_16_256.v
HDL-1007 : analyze verilog file ../user_source/hdl_source/ip/sys_pll.v
HDL-1007 : undeclared symbol 'open', assumed default net type 'wire' in ../user_source/hdl_source/ip/sys_pll.v(77)
HDL-1007 : analyze verilog file ../user_source/hdl_source/ip/video_pll.v
HDL-1007 : undeclared symbol 'open', assumed default net type 'wire' in ../user_source/hdl_source/ip/video_pll.v(70)
HDL-1007 : analyze verilog file al_ip/AUDIO_SAMPLE_ROM.v
HDL-1007 : analyze verilog file al_ip/PLL.v
HDL-1007 : undeclared symbol 'PLL_open0', assumed default net type 'wire' in al_ip/PLL.v(78)
HDL-1007 : undeclared symbol 'PLL_open8', assumed default net type 'wire' in al_ip/PLL.v(84)
HDL-1007 : undeclared symbol 'PLL_open7', assumed default net type 'wire' in al_ip/PLL.v(84)
HDL-1007 : undeclared symbol 'PLL_open6', assumed default net type 'wire' in al_ip/PLL.v(84)
HDL-1007 : undeclared symbol 'PLL_open5', assumed default net type 'wire' in al_ip/PLL.v(84)
HDL-1007 : undeclared symbol 'PLL_open4', assumed default net type 'wire' in al_ip/PLL.v(84)
HDL-1007 : undeclared symbol 'PLL_open3', assumed default net type 'wire' in al_ip/PLL.v(84)
HDL-1007 : undeclared symbol 'PLL_open2', assumed default net type 'wire' in al_ip/PLL.v(84)
HDL-1007 : undeclared symbol 'PLL_open1', assumed default net type 'wire' in al_ip/PLL.v(84)
HDL-1007 : undeclared symbol 'PLL_open11', assumed default net type 'wire' in al_ip/PLL.v(86)
HDL-1007 : undeclared symbol 'PLL_open10', assumed default net type 'wire' in al_ip/PLL.v(86)
HDL-1007 : undeclared symbol 'PLL_open9', assumed default net type 'wire' in al_ip/PLL.v(86)
HDL-1007 : analyze verilog file al_ip/PLL_HDMI_AUDIO.v
HDL-1007 : undeclared symbol 'PLL_HDMI_AUDIO_open0', assumed default net type 'wire' in al_ip/PLL_HDMI_AUDIO.v(85)
HDL-1007 : undeclared symbol 'PLL_HDMI_AUDIO_open8', assumed default net type 'wire' in al_ip/PLL_HDMI_AUDIO.v(91)
HDL-1007 : undeclared symbol 'PLL_HDMI_AUDIO_open7', assumed default net type 'wire' in al_ip/PLL_HDMI_AUDIO.v(91)
HDL-1007 : undeclared symbol 'PLL_HDMI_AUDIO_open6', assumed default net type 'wire' in al_ip/PLL_HDMI_AUDIO.v(91)
HDL-1007 : undeclared symbol 'PLL_HDMI_AUDIO_open5', assumed default net type 'wire' in al_ip/PLL_HDMI_AUDIO.v(91)
HDL-1007 : undeclared symbol 'PLL_HDMI_AUDIO_open4', assumed default net type 'wire' in al_ip/PLL_HDMI_AUDIO.v(91)
HDL-1007 : undeclared symbol 'PLL_HDMI_AUDIO_open3', assumed default net type 'wire' in al_ip/PLL_HDMI_AUDIO.v(91)
HDL-1007 : undeclared symbol 'PLL_HDMI_AUDIO_open2', assumed default net type 'wire' in al_ip/PLL_HDMI_AUDIO.v(91)
HDL-1007 : undeclared symbol 'PLL_HDMI_AUDIO_open1', assumed default net type 'wire' in al_ip/PLL_HDMI_AUDIO.v(91)
HDL-1007 : undeclared symbol 'PLL_HDMI_AUDIO_open10', assumed default net type 'wire' in al_ip/PLL_HDMI_AUDIO.v(93)
HDL-1007 : undeclared symbol 'PLL_HDMI_AUDIO_open9', assumed default net type 'wire' in al_ip/PLL_HDMI_AUDIO.v(93)
HDL-1007 : analyze verilog file ../user_source/hdl_source/video_source_test.v
HDL-1007 : analyze verilog file ../user_source/hdl_source/key_remove_shakes.v
HDL-1007 : analyze verilog file ../user_source/hdl_source/I2S_receiver.v
HDL-1007 : analyze verilog file ../user_source/hdl_source/audio_arc_calculate.v
HDL-1007 : analyze verilog file ../user_source/hdl_source/hdmi_phy_warpper.v
HDL-1007 : analyze verilog file ../user_source/hdl_source/lane_lvds_10_1.v
HDL-1007 : analyze verilog file ../user_source/hdl_source/hdmi1.4b_transmitter_core/hdmi_1_4b_transmitter_core_wrapper.enc.v
HDL-1007 : undeclared symbol '**', assumed default net type '**' in ../user_source/hdl_source/hdmi1.4b_transmitter_core/hdmi_1_4b_transmitter_core_wrapper.enc.v(2614)
HDL-1007 : undeclared symbol '**', assumed default net type '**' in ../user_source/hdl_source/hdmi1.4b_transmitter_core/hdmi_1_4b_transmitter_core_wrapper.enc.v(2716)
HDL-1007 : undeclared symbol '**', assumed default net type '**' in ../user_source/hdl_source/hdmi1.4b_transmitter_core/hdmi_1_4b_transmitter_core_wrapper.enc.v(2724)
HDL-1007 : undeclared symbol '**', assumed default net type '**' in ../user_source/hdl_source/hdmi1.4b_transmitter_core/hdmi_1_4b_transmitter_core_wrapper.enc.v(4936)
HDL-1007 : undeclared symbol '**', assumed default net type '**' in ../user_source/hdl_source/hdmi1.4b_transmitter_core/hdmi_1_4b_transmitter_core_wrapper.enc.v(5989)
HDL-1007 : back to file '../user_source/hdl_source/hdmi1.4b_transmitter_core/hdmi_1_4b_transmitter_core_wrapper.enc.v' in ../user_source/hdl_source/hdmi1.4b_transmitter_core/hdmi_1_4b_transmitter_core_wrapper.enc.v(77)
HDL-1007 : analyze verilog file ../user_source/hdl_source/test/i2s_test_tone_gen_pll.v
HDL-1007 : analyze verilog file ../user_source/hdl_source/rom/i2s_rom_player_single_pll_fix64_rom_ip.v
HDL-1007 : analyze verilog file ../user_source/hdl_source/top_tf_hdmi_audio.v
HDL-1007 : analyze verilog file ../user_source/hdl_source/SD/ax_debounce.v
HDL-1007 : analyze verilog file ../user_source/hdl_source/SD/bmp_read.v
HDL-1007 : analyze verilog file ../user_source/hdl_source/SD/color_bar.v
HDL-1007 : analyze included file ../user_source/hdl_source/SD/video_define.v in ../user_source/hdl_source/SD/color_bar.v(2)
HDL-1007 : back to file '../user_source/hdl_source/SD/color_bar.v' in ../user_source/hdl_source/SD/color_bar.v(2)
HDL-1007 : analyze verilog file ../user_source/hdl_source/SD/frame_fifo_read.v
HDL-1007 : analyze verilog file ../user_source/hdl_source/SD/frame_fifo_write.v
HDL-1007 : analyze verilog file ../user_source/hdl_source/SD/frame_read_write.v
HDL-1007 : analyze verilog file ../user_source/hdl_source/SD/sd_card_bmp.v
HDL-1007 : analyze verilog file ../user_source/hdl_source/SD/seg_decoder.v
HDL-1007 : analyze verilog file ../user_source/hdl_source/SD/seg_scan.v
HDL-1007 : analyze verilog file ../user_source/hdl_source/SD/video_delay.v
HDL-1007 : analyze verilog file ../user_source/hdl_source/SD/video_timing_data.v
HDL-1007 : analyze verilog file ../user_source/hdl_source/hdmi_audio_tone_i2s_64fs.v
HDL-1007 : analyze verilog file ../user_source/hdl_source/startup_pulse.v
HDL-1007 : analyze verilog file ../user_source/hdl_source/video_rgb_to_axis_640x480.v
HDL-1007 : analyze verilog file ../user_source/hdl_source/SD/sd_card_cmd.v
HDL-1007 : analyze verilog file ../user_source/hdl_source/SD/sd_card_sec_read_write.v
HDL-1007 : analyze verilog file ../user_source/hdl_source/SD/sd_card_top.v
HDL-1007 : analyze verilog file ../user_source/hdl_source/SD/spi_master.v
HDL-1007 : analyze verilog file ../user_source/hdl_source/SD/sdram.v
HDL-1007 : analyze included file ../user_source/hdl_source/include/global_def.v in ../user_source/hdl_source/SD/sdram.v(10)
HDL-1007 : back to file '../user_source/hdl_source/SD/sdram.v' in ../user_source/hdl_source/SD/sdram.v(10)
HDL-1007 : undeclared symbol 'SDR_CKE', assumed default net type 'wire' in ../user_source/hdl_source/SD/sdram.v(89)
HDL-1007 : analyze verilog file ../user_source/hdl_source/include/sdr_as_ram.enc.v
HDL-1007 : analyze included file ../user_source/hdl_source/include/global_def.v in ../user_source/hdl_source/include/sdr_as_ram.enc.v(10)
HDL-1007 : back to file '../user_source/hdl_source/include/sdr_as_ram.enc.v' in ../user_source/hdl_source/include/sdr_as_ram.enc.v(10)
HDL-1007 : back to file '../user_source/hdl_source/include/sdr_as_ram.enc.v' in ../user_source/hdl_source/include/sdr_as_ram.enc.v(45)
HDL-1007 : analyze verilog file ../user_source/hdl_source/include/sdr_init_ref.enc.v
HDL-1007 : analyze included file ../user_source/hdl_source/include/global_def.v in ../user_source/hdl_source/include/sdr_init_ref.enc.v(11)
HDL-1007 : back to file '../user_source/hdl_source/include/sdr_init_ref.enc.v' in ../user_source/hdl_source/include/sdr_init_ref.enc.v(11)
HDL-1007 : undeclared symbol '**', assumed default net type '**' in ../user_source/hdl_source/include/sdr_init_ref.enc.v(57)
HDL-1007 : back to file '../user_source/hdl_source/include/sdr_init_ref.enc.v' in ../user_source/hdl_source/include/sdr_init_ref.enc.v(149)
HDL-5007 WARNING: concatenation with an unsized literal will be treated as 32 bits in ../user_source/hdl_source/include/sdr_init_ref.enc.v(47)
HDL-1007 : analyze verilog file ../user_source/hdl_source/include/sdr_wrrd.enc.v
HDL-5007 WARNING: concatenation with an unsized literal will be treated as 32 bits in ../user_source/hdl_source/include/sdr_wrrd.enc.v(283)
HDL-1007 : back to file '../user_source/hdl_source/include/sdr_wrrd.enc.v' in ../user_source/hdl_source/include/sdr_wrrd.enc.v(19)
HDL-1007 : analyze verilog file ../user_source/hdl_source/hdmi_audio_tone_pcm_scale.v
PRJ-1412 : reset_run syn_1 phy_1.
PRJ-1409 : launch_runs syn_1 phy_1  -jobs 6.
PRJ-1410 : Run syn_1 success.
RUN-1002 : start command "save_best_bits"
PRJ-1424 : The implemented result of phy_1 is saved as best result.
PRJ-1410 : Run phy_1 success.
RUN-1002 : start command "import_db C:/Users/zbrmyyds/Desktop/anlu/FPGA_Prj/I2S/transmitor/APUG092_HDMI1.4b_Transmitter_V1.4/src/td_project/HDMI1.4b_Transmitter_v1.0_Runs/phy_1/HDMI1.4b_Transmitter_v1.0_pr.db"
RUN-1001 : Importing database generated by Tang Dynasty, V6.2.168116.
RUN-1001 : Database version number 46207
RUN-1001 : Import flow parameters
RUN-1001 : Import netlist
PHY-1001 : Generate detailed routing grids ...
PHY-1001 : End build routing graph; 0.476242s wall, 0.390625s user + 0.156250s system = 0.546875s CPU (114.8%)

PHY-1001 : Build lut bridge;  0.052424s wall, 0.062500s user + 0.000000s system = 0.062500s CPU (119.2%)

PHY-1001 : Generate nets ...
PHY-1001 : net clk_dup_1 will be routed on clock mesh
PHY-1001 : net U3/u2_ram/SDRAM_CLK will be routed on clock mesh
PHY-1001 : net U3/u2_ram/u1_init_ref/Sdr_clk will be routed on clock mesh
PHY-1001 : net u_hdmi_audio_tone_i2s_64fs/I_mclk will be routed on clock mesh
PHY-1001 : clock net sd_card_bmp_m0/bmp_read_m0/clk will be merged with clock sys_pll_m0/clk0_buf
PHY-1001 : clock net u_I2S_receiver/I_clk will be merged with clock video_pll_m0/clk0_buf
PHY-1001 : clock net u_audio_pll/clk0_out will be merged with clock u_audio_pll/clk0_buf
PHY-1001 : net u_hdmi2phy_wrapper/u0_lane_lvds_8_1/I_serial_clk will be routed on clock mesh
PHY-1001 : eco open net = 0
PHY-1001 : 246 feed throughs used by 163 nets
RUN-1001 : Import phy database
RUN-1001 : Import timing constraints
RUN-1001 : Import IO constraints
RUN-1001 : Import Inst constraints
RUN-1001 : Import ChipWatcher
RUN-1001 : Import design success TD_VERSION=6.2.168116 , DB_VERSION=46207
RUN-1003 : finish command "import_db C:/Users/zbrmyyds/Desktop/anlu/FPGA_Prj/I2S/transmitor/APUG092_HDMI1.4b_Transmitter_V1.4/src/td_project/HDMI1.4b_Transmitter_v1.0_Runs/phy_1/HDMI1.4b_Transmitter_v1.0_pr.db" in  3.030440s wall, 2.546875s user + 0.609375s system = 3.156250s CPU (104.2%)

RUN-1004 : used memory is 629 MB, reserved memory is 673 MB, peak memory is 704 MB
RUN-1002 : start command "commit_param -step design"
RUN-1001 : Print Global Property
RUN-1001 : --------------------------------------------------------
RUN-1001 :   Parameters   |  Settings  |  Default Values  |  Note  
RUN-1001 : --------------------------------------------------------
RUN-1001 :   enable_seed  |    off     |       off        |        
RUN-1001 :     message    |  standard  |     standard     |        
RUN-1001 :   qor_monitor  |     on     |        on        |        
RUN-1001 :   syn_ip_flow  |    off     |       off        |        
RUN-1001 :     thread     |    auto    |       auto       |        
RUN-1001 : --------------------------------------------------------
RUN-1001 : Print Design Property
RUN-1001 : ----------------------------------------------------------------
RUN-1001 :       Parameters       |  Settings  |  Default Values  |  Note  
RUN-1001 : ----------------------------------------------------------------
RUN-1001 :   default_reg_initial  |    auto    |       auto       |        
RUN-1001 :    hdl_warning_level   |   normal   |      normal      |        
RUN-1001 : ----------------------------------------------------------------
HDL-1007 : analyze verilog file ../user_source/hdl_source/ip/afifo_16_32_256.v
HDL-1007 : analyze verilog file ../user_source/hdl_source/ip/afifo_32_16_256.v
HDL-1007 : analyze verilog file ../user_source/hdl_source/ip/sys_pll.v
HDL-1007 : undeclared symbol 'open', assumed default net type 'wire' in ../user_source/hdl_source/ip/sys_pll.v(77)
HDL-1007 : analyze verilog file ../user_source/hdl_source/ip/video_pll.v
HDL-1007 : undeclared symbol 'open', assumed default net type 'wire' in ../user_source/hdl_source/ip/video_pll.v(70)
HDL-1007 : analyze verilog file al_ip/AUDIO_SAMPLE_ROM.v
HDL-1007 : analyze verilog file al_ip/PLL.v
HDL-1007 : undeclared symbol 'PLL_open0', assumed default net type 'wire' in al_ip/PLL.v(78)
HDL-1007 : undeclared symbol 'PLL_open8', assumed default net type 'wire' in al_ip/PLL.v(84)
HDL-1007 : undeclared symbol 'PLL_open7', assumed default net type 'wire' in al_ip/PLL.v(84)
HDL-1007 : undeclared symbol 'PLL_open6', assumed default net type 'wire' in al_ip/PLL.v(84)
HDL-1007 : undeclared symbol 'PLL_open5', assumed default net type 'wire' in al_ip/PLL.v(84)
HDL-1007 : undeclared symbol 'PLL_open4', assumed default net type 'wire' in al_ip/PLL.v(84)
HDL-1007 : undeclared symbol 'PLL_open3', assumed default net type 'wire' in al_ip/PLL.v(84)
HDL-1007 : undeclared symbol 'PLL_open2', assumed default net type 'wire' in al_ip/PLL.v(84)
HDL-1007 : undeclared symbol 'PLL_open1', assumed default net type 'wire' in al_ip/PLL.v(84)
HDL-1007 : undeclared symbol 'PLL_open11', assumed default net type 'wire' in al_ip/PLL.v(86)
HDL-1007 : undeclared symbol 'PLL_open10', assumed default net type 'wire' in al_ip/PLL.v(86)
HDL-1007 : undeclared symbol 'PLL_open9', assumed default net type 'wire' in al_ip/PLL.v(86)
HDL-1007 : analyze verilog file al_ip/PLL_HDMI_AUDIO.v
HDL-1007 : undeclared symbol 'PLL_HDMI_AUDIO_open0', assumed default net type 'wire' in al_ip/PLL_HDMI_AUDIO.v(85)
HDL-1007 : undeclared symbol 'PLL_HDMI_AUDIO_open8', assumed default net type 'wire' in al_ip/PLL_HDMI_AUDIO.v(91)
HDL-1007 : undeclared symbol 'PLL_HDMI_AUDIO_open7', assumed default net type 'wire' in al_ip/PLL_HDMI_AUDIO.v(91)
HDL-1007 : undeclared symbol 'PLL_HDMI_AUDIO_open6', assumed default net type 'wire' in al_ip/PLL_HDMI_AUDIO.v(91)
HDL-1007 : undeclared symbol 'PLL_HDMI_AUDIO_open5', assumed default net type 'wire' in al_ip/PLL_HDMI_AUDIO.v(91)
HDL-1007 : undeclared symbol 'PLL_HDMI_AUDIO_open4', assumed default net type 'wire' in al_ip/PLL_HDMI_AUDIO.v(91)
HDL-1007 : undeclared symbol 'PLL_HDMI_AUDIO_open3', assumed default net type 'wire' in al_ip/PLL_HDMI_AUDIO.v(91)
HDL-1007 : undeclared symbol 'PLL_HDMI_AUDIO_open2', assumed default net type 'wire' in al_ip/PLL_HDMI_AUDIO.v(91)
HDL-1007 : undeclared symbol 'PLL_HDMI_AUDIO_open1', assumed default net type 'wire' in al_ip/PLL_HDMI_AUDIO.v(91)
HDL-1007 : undeclared symbol 'PLL_HDMI_AUDIO_open10', assumed default net type 'wire' in al_ip/PLL_HDMI_AUDIO.v(93)
HDL-1007 : undeclared symbol 'PLL_HDMI_AUDIO_open9', assumed default net type 'wire' in al_ip/PLL_HDMI_AUDIO.v(93)
HDL-1007 : analyze verilog file ../user_source/hdl_source/video_source_test.v
HDL-1007 : analyze verilog file ../user_source/hdl_source/key_remove_shakes.v
HDL-1007 : analyze verilog file ../user_source/hdl_source/I2S_receiver.v
HDL-1007 : analyze verilog file ../user_source/hdl_source/audio_arc_calculate.v
HDL-1007 : analyze verilog file ../user_source/hdl_source/hdmi_phy_warpper.v
HDL-1007 : analyze verilog file ../user_source/hdl_source/lane_lvds_10_1.v
HDL-1007 : analyze verilog file ../user_source/hdl_source/hdmi1.4b_transmitter_core/hdmi_1_4b_transmitter_core_wrapper.enc.v
HDL-1007 : undeclared symbol '**', assumed default net type '**' in ../user_source/hdl_source/hdmi1.4b_transmitter_core/hdmi_1_4b_transmitter_core_wrapper.enc.v(2614)
HDL-1007 : undeclared symbol '**', assumed default net type '**' in ../user_source/hdl_source/hdmi1.4b_transmitter_core/hdmi_1_4b_transmitter_core_wrapper.enc.v(2716)
HDL-1007 : undeclared symbol '**', assumed default net type '**' in ../user_source/hdl_source/hdmi1.4b_transmitter_core/hdmi_1_4b_transmitter_core_wrapper.enc.v(2724)
HDL-1007 : undeclared symbol '**', assumed default net type '**' in ../user_source/hdl_source/hdmi1.4b_transmitter_core/hdmi_1_4b_transmitter_core_wrapper.enc.v(4936)
HDL-1007 : undeclared symbol '**', assumed default net type '**' in ../user_source/hdl_source/hdmi1.4b_transmitter_core/hdmi_1_4b_transmitter_core_wrapper.enc.v(5989)
HDL-1007 : back to file '../user_source/hdl_source/hdmi1.4b_transmitter_core/hdmi_1_4b_transmitter_core_wrapper.enc.v' in ../user_source/hdl_source/hdmi1.4b_transmitter_core/hdmi_1_4b_transmitter_core_wrapper.enc.v(77)
HDL-1007 : analyze verilog file ../user_source/hdl_source/test/i2s_test_tone_gen_pll.v
HDL-1007 : analyze verilog file ../user_source/hdl_source/rom/i2s_rom_player_single_pll_fix64_rom_ip.v
HDL-1007 : analyze verilog file ../user_source/hdl_source/top_tf_hdmi_audio.v
HDL-1007 : analyze verilog file ../user_source/hdl_source/SD/ax_debounce.v
HDL-1007 : analyze verilog file ../user_source/hdl_source/SD/bmp_read.v
HDL-1007 : analyze verilog file ../user_source/hdl_source/SD/color_bar.v
HDL-1007 : analyze included file ../user_source/hdl_source/SD/video_define.v in ../user_source/hdl_source/SD/color_bar.v(2)
HDL-1007 : back to file '../user_source/hdl_source/SD/color_bar.v' in ../user_source/hdl_source/SD/color_bar.v(2)
HDL-1007 : analyze verilog file ../user_source/hdl_source/SD/frame_fifo_read.v
HDL-1007 : analyze verilog file ../user_source/hdl_source/SD/frame_fifo_write.v
HDL-1007 : analyze verilog file ../user_source/hdl_source/SD/frame_read_write.v
HDL-1007 : analyze verilog file ../user_source/hdl_source/SD/sd_card_bmp.v
HDL-1007 : analyze verilog file ../user_source/hdl_source/SD/seg_decoder.v
HDL-1007 : analyze verilog file ../user_source/hdl_source/SD/seg_scan.v
HDL-1007 : analyze verilog file ../user_source/hdl_source/SD/video_delay.v
HDL-1007 : analyze verilog file ../user_source/hdl_source/SD/video_timing_data.v
HDL-1007 : analyze verilog file ../user_source/hdl_source/hdmi_audio_tone_i2s_64fs.v
HDL-1007 : analyze verilog file ../user_source/hdl_source/startup_pulse.v
HDL-1007 : analyze verilog file ../user_source/hdl_source/video_rgb_to_axis_640x480.v
HDL-1007 : analyze verilog file ../user_source/hdl_source/SD/sd_card_cmd.v
HDL-1007 : analyze verilog file ../user_source/hdl_source/SD/sd_card_sec_read_write.v
HDL-1007 : analyze verilog file ../user_source/hdl_source/SD/sd_card_top.v
HDL-1007 : analyze verilog file ../user_source/hdl_source/SD/spi_master.v
HDL-1007 : analyze verilog file ../user_source/hdl_source/SD/sdram.v
HDL-1007 : analyze included file ../user_source/hdl_source/include/global_def.v in ../user_source/hdl_source/SD/sdram.v(10)
HDL-1007 : back to file '../user_source/hdl_source/SD/sdram.v' in ../user_source/hdl_source/SD/sdram.v(10)
HDL-1007 : undeclared symbol 'SDR_CKE', assumed default net type 'wire' in ../user_source/hdl_source/SD/sdram.v(89)
HDL-1007 : analyze verilog file ../user_source/hdl_source/include/sdr_as_ram.enc.v
HDL-1007 : analyze included file ../user_source/hdl_source/include/global_def.v in ../user_source/hdl_source/include/sdr_as_ram.enc.v(10)
HDL-1007 : back to file '../user_source/hdl_source/include/sdr_as_ram.enc.v' in ../user_source/hdl_source/include/sdr_as_ram.enc.v(10)
HDL-1007 : back to file '../user_source/hdl_source/include/sdr_as_ram.enc.v' in ../user_source/hdl_source/include/sdr_as_ram.enc.v(45)
HDL-1007 : analyze verilog file ../user_source/hdl_source/include/sdr_init_ref.enc.v
HDL-1007 : analyze included file ../user_source/hdl_source/include/global_def.v in ../user_source/hdl_source/include/sdr_init_ref.enc.v(11)
HDL-1007 : back to file '../user_source/hdl_source/include/sdr_init_ref.enc.v' in ../user_source/hdl_source/include/sdr_init_ref.enc.v(11)
HDL-1007 : undeclared symbol '**', assumed default net type '**' in ../user_source/hdl_source/include/sdr_init_ref.enc.v(57)
HDL-1007 : back to file '../user_source/hdl_source/include/sdr_init_ref.enc.v' in ../user_source/hdl_source/include/sdr_init_ref.enc.v(149)
HDL-5007 WARNING: concatenation with an unsized literal will be treated as 32 bits in ../user_source/hdl_source/include/sdr_init_ref.enc.v(47)
HDL-1007 : analyze verilog file ../user_source/hdl_source/include/sdr_wrrd.enc.v
HDL-5007 WARNING: concatenation with an unsized literal will be treated as 32 bits in ../user_source/hdl_source/include/sdr_wrrd.enc.v(283)
HDL-1007 : back to file '../user_source/hdl_source/include/sdr_wrrd.enc.v' in ../user_source/hdl_source/include/sdr_wrrd.enc.v(19)
HDL-1007 : analyze verilog file ../user_source/hdl_source/hdmi_audio_tone_pcm_scale.v
RUN-1002 : start command "commit_param -step design"
RUN-1001 : Print Global Property
RUN-1001 : --------------------------------------------------------
RUN-1001 :   Parameters   |  Settings  |  Default Values  |  Note  
RUN-1001 : --------------------------------------------------------
RUN-1001 :   enable_seed  |    off     |       off        |        
RUN-1001 :     message    |  standard  |     standard     |        
RUN-1001 :   qor_monitor  |     on     |        on        |        
RUN-1001 :   syn_ip_flow  |    off     |       off        |        
RUN-1001 :     thread     |    auto    |       auto       |        
RUN-1001 : --------------------------------------------------------
RUN-1001 : Print Design Property
RUN-1001 : ----------------------------------------------------------------
RUN-1001 :       Parameters       |  Settings  |  Default Values  |  Note  
RUN-1001 : ----------------------------------------------------------------
RUN-1001 :   default_reg_initial  |    auto    |       auto       |        
RUN-1001 :    hdl_warning_level   |   normal   |      normal      |        
RUN-1001 : ----------------------------------------------------------------
HDL-1007 : analyze verilog file ../user_source/hdl_source/ip/afifo_16_32_256.v
HDL-1007 : analyze verilog file ../user_source/hdl_source/ip/afifo_32_16_256.v
HDL-1007 : analyze verilog file ../user_source/hdl_source/ip/sys_pll.v
HDL-1007 : undeclared symbol 'open', assumed default net type 'wire' in ../user_source/hdl_source/ip/sys_pll.v(77)
HDL-1007 : analyze verilog file ../user_source/hdl_source/ip/video_pll.v
HDL-1007 : undeclared symbol 'open', assumed default net type 'wire' in ../user_source/hdl_source/ip/video_pll.v(70)
HDL-1007 : analyze verilog file al_ip/AUDIO_SAMPLE_ROM.v
HDL-1007 : analyze verilog file al_ip/PLL.v
HDL-1007 : undeclared symbol 'PLL_open0', assumed default net type 'wire' in al_ip/PLL.v(78)
HDL-1007 : undeclared symbol 'PLL_open8', assumed default net type 'wire' in al_ip/PLL.v(84)
HDL-1007 : undeclared symbol 'PLL_open7', assumed default net type 'wire' in al_ip/PLL.v(84)
HDL-1007 : undeclared symbol 'PLL_open6', assumed default net type 'wire' in al_ip/PLL.v(84)
HDL-1007 : undeclared symbol 'PLL_open5', assumed default net type 'wire' in al_ip/PLL.v(84)
HDL-1007 : undeclared symbol 'PLL_open4', assumed default net type 'wire' in al_ip/PLL.v(84)
HDL-1007 : undeclared symbol 'PLL_open3', assumed default net type 'wire' in al_ip/PLL.v(84)
HDL-1007 : undeclared symbol 'PLL_open2', assumed default net type 'wire' in al_ip/PLL.v(84)
HDL-1007 : undeclared symbol 'PLL_open1', assumed default net type 'wire' in al_ip/PLL.v(84)
HDL-1007 : undeclared symbol 'PLL_open11', assumed default net type 'wire' in al_ip/PLL.v(86)
HDL-1007 : undeclared symbol 'PLL_open10', assumed default net type 'wire' in al_ip/PLL.v(86)
HDL-1007 : undeclared symbol 'PLL_open9', assumed default net type 'wire' in al_ip/PLL.v(86)
HDL-1007 : analyze verilog file al_ip/PLL_HDMI_AUDIO.v
HDL-1007 : undeclared symbol 'PLL_HDMI_AUDIO_open0', assumed default net type 'wire' in al_ip/PLL_HDMI_AUDIO.v(85)
HDL-1007 : undeclared symbol 'PLL_HDMI_AUDIO_open8', assumed default net type 'wire' in al_ip/PLL_HDMI_AUDIO.v(91)
HDL-1007 : undeclared symbol 'PLL_HDMI_AUDIO_open7', assumed default net type 'wire' in al_ip/PLL_HDMI_AUDIO.v(91)
HDL-1007 : undeclared symbol 'PLL_HDMI_AUDIO_open6', assumed default net type 'wire' in al_ip/PLL_HDMI_AUDIO.v(91)
HDL-1007 : undeclared symbol 'PLL_HDMI_AUDIO_open5', assumed default net type 'wire' in al_ip/PLL_HDMI_AUDIO.v(91)
HDL-1007 : undeclared symbol 'PLL_HDMI_AUDIO_open4', assumed default net type 'wire' in al_ip/PLL_HDMI_AUDIO.v(91)
HDL-1007 : undeclared symbol 'PLL_HDMI_AUDIO_open3', assumed default net type 'wire' in al_ip/PLL_HDMI_AUDIO.v(91)
HDL-1007 : undeclared symbol 'PLL_HDMI_AUDIO_open2', assumed default net type 'wire' in al_ip/PLL_HDMI_AUDIO.v(91)
HDL-1007 : undeclared symbol 'PLL_HDMI_AUDIO_open1', assumed default net type 'wire' in al_ip/PLL_HDMI_AUDIO.v(91)
HDL-1007 : undeclared symbol 'PLL_HDMI_AUDIO_open10', assumed default net type 'wire' in al_ip/PLL_HDMI_AUDIO.v(93)
HDL-1007 : undeclared symbol 'PLL_HDMI_AUDIO_open9', assumed default net type 'wire' in al_ip/PLL_HDMI_AUDIO.v(93)
HDL-1007 : analyze verilog file ../user_source/hdl_source/video_source_test.v
HDL-1007 : analyze verilog file ../user_source/hdl_source/key_remove_shakes.v
HDL-1007 : analyze verilog file ../user_source/hdl_source/I2S_receiver.v
HDL-1007 : analyze verilog file ../user_source/hdl_source/audio_arc_calculate.v
HDL-1007 : analyze verilog file ../user_source/hdl_source/hdmi_phy_warpper.v
HDL-1007 : analyze verilog file ../user_source/hdl_source/lane_lvds_10_1.v
HDL-1007 : analyze verilog file ../user_source/hdl_source/hdmi1.4b_transmitter_core/hdmi_1_4b_transmitter_core_wrapper.enc.v
HDL-1007 : undeclared symbol '**', assumed default net type '**' in ../user_source/hdl_source/hdmi1.4b_transmitter_core/hdmi_1_4b_transmitter_core_wrapper.enc.v(2614)
HDL-1007 : undeclared symbol '**', assumed default net type '**' in ../user_source/hdl_source/hdmi1.4b_transmitter_core/hdmi_1_4b_transmitter_core_wrapper.enc.v(2716)
HDL-1007 : undeclared symbol '**', assumed default net type '**' in ../user_source/hdl_source/hdmi1.4b_transmitter_core/hdmi_1_4b_transmitter_core_wrapper.enc.v(2724)
HDL-1007 : undeclared symbol '**', assumed default net type '**' in ../user_source/hdl_source/hdmi1.4b_transmitter_core/hdmi_1_4b_transmitter_core_wrapper.enc.v(4936)
HDL-1007 : undeclared symbol '**', assumed default net type '**' in ../user_source/hdl_source/hdmi1.4b_transmitter_core/hdmi_1_4b_transmitter_core_wrapper.enc.v(5989)
HDL-1007 : back to file '../user_source/hdl_source/hdmi1.4b_transmitter_core/hdmi_1_4b_transmitter_core_wrapper.enc.v' in ../user_source/hdl_source/hdmi1.4b_transmitter_core/hdmi_1_4b_transmitter_core_wrapper.enc.v(77)
HDL-1007 : analyze verilog file ../user_source/hdl_source/test/i2s_test_tone_gen_pll.v
HDL-1007 : analyze verilog file ../user_source/hdl_source/rom/i2s_rom_player_single_pll_fix64_rom_ip.v
HDL-1007 : analyze verilog file ../user_source/hdl_source/top_tf_hdmi_audio.v
HDL-1007 : analyze verilog file ../user_source/hdl_source/SD/ax_debounce.v
HDL-1007 : analyze verilog file ../user_source/hdl_source/SD/bmp_read.v
HDL-1007 : analyze verilog file ../user_source/hdl_source/SD/color_bar.v
HDL-1007 : analyze included file ../user_source/hdl_source/SD/video_define.v in ../user_source/hdl_source/SD/color_bar.v(2)
HDL-1007 : back to file '../user_source/hdl_source/SD/color_bar.v' in ../user_source/hdl_source/SD/color_bar.v(2)
HDL-1007 : analyze verilog file ../user_source/hdl_source/SD/frame_fifo_read.v
HDL-1007 : analyze verilog file ../user_source/hdl_source/SD/frame_fifo_write.v
HDL-1007 : analyze verilog file ../user_source/hdl_source/SD/frame_read_write.v
HDL-1007 : analyze verilog file ../user_source/hdl_source/SD/sd_card_bmp.v
HDL-1007 : analyze verilog file ../user_source/hdl_source/SD/seg_decoder.v
HDL-1007 : analyze verilog file ../user_source/hdl_source/SD/seg_scan.v
HDL-1007 : analyze verilog file ../user_source/hdl_source/SD/video_delay.v
HDL-1007 : analyze verilog file ../user_source/hdl_source/SD/video_timing_data.v
HDL-1007 : analyze verilog file ../user_source/hdl_source/hdmi_audio_tone_i2s_64fs.v
HDL-1007 : analyze verilog file ../user_source/hdl_source/startup_pulse.v
HDL-1007 : analyze verilog file ../user_source/hdl_source/video_rgb_to_axis_640x480.v
HDL-1007 : analyze verilog file ../user_source/hdl_source/SD/sd_card_cmd.v
HDL-1007 : analyze verilog file ../user_source/hdl_source/SD/sd_card_sec_read_write.v
HDL-1007 : analyze verilog file ../user_source/hdl_source/SD/sd_card_top.v
HDL-1007 : analyze verilog file ../user_source/hdl_source/SD/spi_master.v
HDL-1007 : analyze verilog file ../user_source/hdl_source/SD/sdram.v
HDL-1007 : analyze included file ../user_source/hdl_source/include/global_def.v in ../user_source/hdl_source/SD/sdram.v(10)
HDL-1007 : back to file '../user_source/hdl_source/SD/sdram.v' in ../user_source/hdl_source/SD/sdram.v(10)
HDL-1007 : undeclared symbol 'SDR_CKE', assumed default net type 'wire' in ../user_source/hdl_source/SD/sdram.v(89)
HDL-1007 : analyze verilog file ../user_source/hdl_source/include/sdr_as_ram.enc.v
HDL-1007 : analyze included file ../user_source/hdl_source/include/global_def.v in ../user_source/hdl_source/include/sdr_as_ram.enc.v(10)
HDL-1007 : back to file '../user_source/hdl_source/include/sdr_as_ram.enc.v' in ../user_source/hdl_source/include/sdr_as_ram.enc.v(10)
HDL-1007 : back to file '../user_source/hdl_source/include/sdr_as_ram.enc.v' in ../user_source/hdl_source/include/sdr_as_ram.enc.v(45)
HDL-1007 : analyze verilog file ../user_source/hdl_source/include/sdr_init_ref.enc.v
HDL-1007 : analyze included file ../user_source/hdl_source/include/global_def.v in ../user_source/hdl_source/include/sdr_init_ref.enc.v(11)
HDL-1007 : back to file '../user_source/hdl_source/include/sdr_init_ref.enc.v' in ../user_source/hdl_source/include/sdr_init_ref.enc.v(11)
HDL-1007 : undeclared symbol '**', assumed default net type '**' in ../user_source/hdl_source/include/sdr_init_ref.enc.v(57)
HDL-1007 : back to file '../user_source/hdl_source/include/sdr_init_ref.enc.v' in ../user_source/hdl_source/include/sdr_init_ref.enc.v(149)
HDL-5007 WARNING: concatenation with an unsized literal will be treated as 32 bits in ../user_source/hdl_source/include/sdr_init_ref.enc.v(47)
HDL-1007 : analyze verilog file ../user_source/hdl_source/include/sdr_wrrd.enc.v
HDL-5007 WARNING: concatenation with an unsized literal will be treated as 32 bits in ../user_source/hdl_source/include/sdr_wrrd.enc.v(283)
HDL-1007 : back to file '../user_source/hdl_source/include/sdr_wrrd.enc.v' in ../user_source/hdl_source/include/sdr_wrrd.enc.v(19)
HDL-1007 : analyze verilog file ../user_source/hdl_source/hdmi_audio_tone_pcm_scale.v
HDL-8007 ERROR: module 'sd_card_bmp' does not have a parameter named BMP_MAX_NUM. Modify the design by referring to the parameter defined by the module, or contact customer service for help in ../user_source/hdl_source/top_tf_hdmi_audio.v(156)
RUN-1002 : start command "commit_param -step design"
RUN-1001 : Print Global Property
RUN-1001 : --------------------------------------------------------
RUN-1001 :   Parameters   |  Settings  |  Default Values  |  Note  
RUN-1001 : --------------------------------------------------------
RUN-1001 :   enable_seed  |    off     |       off        |        
RUN-1001 :     message    |  standard  |     standard     |        
RUN-1001 :   qor_monitor  |     on     |        on        |        
RUN-1001 :   syn_ip_flow  |    off     |       off        |        
RUN-1001 :     thread     |    auto    |       auto       |        
RUN-1001 : --------------------------------------------------------
RUN-1001 : Print Design Property
RUN-1001 : ----------------------------------------------------------------
RUN-1001 :       Parameters       |  Settings  |  Default Values  |  Note  
RUN-1001 : ----------------------------------------------------------------
RUN-1001 :   default_reg_initial  |    auto    |       auto       |        
RUN-1001 :    hdl_warning_level   |   normal   |      normal      |        
RUN-1001 : ----------------------------------------------------------------
HDL-1007 : analyze verilog file ../user_source/hdl_source/ip/afifo_16_32_256.v
HDL-1007 : analyze verilog file ../user_source/hdl_source/ip/afifo_32_16_256.v
HDL-1007 : analyze verilog file ../user_source/hdl_source/ip/sys_pll.v
HDL-1007 : undeclared symbol 'open', assumed default net type 'wire' in ../user_source/hdl_source/ip/sys_pll.v(77)
HDL-1007 : analyze verilog file ../user_source/hdl_source/ip/video_pll.v
HDL-1007 : undeclared symbol 'open', assumed default net type 'wire' in ../user_source/hdl_source/ip/video_pll.v(70)
HDL-1007 : analyze verilog file al_ip/AUDIO_SAMPLE_ROM.v
HDL-1007 : analyze verilog file al_ip/PLL.v
HDL-1007 : undeclared symbol 'PLL_open0', assumed default net type 'wire' in al_ip/PLL.v(78)
HDL-1007 : undeclared symbol 'PLL_open8', assumed default net type 'wire' in al_ip/PLL.v(84)
HDL-1007 : undeclared symbol 'PLL_open7', assumed default net type 'wire' in al_ip/PLL.v(84)
HDL-1007 : undeclared symbol 'PLL_open6', assumed default net type 'wire' in al_ip/PLL.v(84)
HDL-1007 : undeclared symbol 'PLL_open5', assumed default net type 'wire' in al_ip/PLL.v(84)
HDL-1007 : undeclared symbol 'PLL_open4', assumed default net type 'wire' in al_ip/PLL.v(84)
HDL-1007 : undeclared symbol 'PLL_open3', assumed default net type 'wire' in al_ip/PLL.v(84)
HDL-1007 : undeclared symbol 'PLL_open2', assumed default net type 'wire' in al_ip/PLL.v(84)
HDL-1007 : undeclared symbol 'PLL_open1', assumed default net type 'wire' in al_ip/PLL.v(84)
HDL-1007 : undeclared symbol 'PLL_open11', assumed default net type 'wire' in al_ip/PLL.v(86)
HDL-1007 : undeclared symbol 'PLL_open10', assumed default net type 'wire' in al_ip/PLL.v(86)
HDL-1007 : undeclared symbol 'PLL_open9', assumed default net type 'wire' in al_ip/PLL.v(86)
HDL-1007 : analyze verilog file al_ip/PLL_HDMI_AUDIO.v
HDL-1007 : undeclared symbol 'PLL_HDMI_AUDIO_open0', assumed default net type 'wire' in al_ip/PLL_HDMI_AUDIO.v(85)
HDL-1007 : undeclared symbol 'PLL_HDMI_AUDIO_open8', assumed default net type 'wire' in al_ip/PLL_HDMI_AUDIO.v(91)
HDL-1007 : undeclared symbol 'PLL_HDMI_AUDIO_open7', assumed default net type 'wire' in al_ip/PLL_HDMI_AUDIO.v(91)
HDL-1007 : undeclared symbol 'PLL_HDMI_AUDIO_open6', assumed default net type 'wire' in al_ip/PLL_HDMI_AUDIO.v(91)
HDL-1007 : undeclared symbol 'PLL_HDMI_AUDIO_open5', assumed default net type 'wire' in al_ip/PLL_HDMI_AUDIO.v(91)
HDL-1007 : undeclared symbol 'PLL_HDMI_AUDIO_open4', assumed default net type 'wire' in al_ip/PLL_HDMI_AUDIO.v(91)
HDL-1007 : undeclared symbol 'PLL_HDMI_AUDIO_open3', assumed default net type 'wire' in al_ip/PLL_HDMI_AUDIO.v(91)
HDL-1007 : undeclared symbol 'PLL_HDMI_AUDIO_open2', assumed default net type 'wire' in al_ip/PLL_HDMI_AUDIO.v(91)
HDL-1007 : undeclared symbol 'PLL_HDMI_AUDIO_open1', assumed default net type 'wire' in al_ip/PLL_HDMI_AUDIO.v(91)
HDL-1007 : undeclared symbol 'PLL_HDMI_AUDIO_open10', assumed default net type 'wire' in al_ip/PLL_HDMI_AUDIO.v(93)
HDL-1007 : undeclared symbol 'PLL_HDMI_AUDIO_open9', assumed default net type 'wire' in al_ip/PLL_HDMI_AUDIO.v(93)
HDL-1007 : analyze verilog file ../user_source/hdl_source/video_source_test.v
HDL-1007 : analyze verilog file ../user_source/hdl_source/key_remove_shakes.v
HDL-1007 : analyze verilog file ../user_source/hdl_source/I2S_receiver.v
HDL-1007 : analyze verilog file ../user_source/hdl_source/audio_arc_calculate.v
HDL-1007 : analyze verilog file ../user_source/hdl_source/hdmi_phy_warpper.v
HDL-1007 : analyze verilog file ../user_source/hdl_source/lane_lvds_10_1.v
HDL-1007 : analyze verilog file ../user_source/hdl_source/hdmi1.4b_transmitter_core/hdmi_1_4b_transmitter_core_wrapper.enc.v
HDL-1007 : undeclared symbol '**', assumed default net type '**' in ../user_source/hdl_source/hdmi1.4b_transmitter_core/hdmi_1_4b_transmitter_core_wrapper.enc.v(2614)
HDL-1007 : undeclared symbol '**', assumed default net type '**' in ../user_source/hdl_source/hdmi1.4b_transmitter_core/hdmi_1_4b_transmitter_core_wrapper.enc.v(2716)
HDL-1007 : undeclared symbol '**', assumed default net type '**' in ../user_source/hdl_source/hdmi1.4b_transmitter_core/hdmi_1_4b_transmitter_core_wrapper.enc.v(2724)
HDL-1007 : undeclared symbol '**', assumed default net type '**' in ../user_source/hdl_source/hdmi1.4b_transmitter_core/hdmi_1_4b_transmitter_core_wrapper.enc.v(4936)
HDL-1007 : undeclared symbol '**', assumed default net type '**' in ../user_source/hdl_source/hdmi1.4b_transmitter_core/hdmi_1_4b_transmitter_core_wrapper.enc.v(5989)
HDL-1007 : back to file '../user_source/hdl_source/hdmi1.4b_transmitter_core/hdmi_1_4b_transmitter_core_wrapper.enc.v' in ../user_source/hdl_source/hdmi1.4b_transmitter_core/hdmi_1_4b_transmitter_core_wrapper.enc.v(77)
HDL-1007 : analyze verilog file ../user_source/hdl_source/test/i2s_test_tone_gen_pll.v
HDL-1007 : analyze verilog file ../user_source/hdl_source/rom/i2s_rom_player_single_pll_fix64_rom_ip.v
HDL-1007 : analyze verilog file ../user_source/hdl_source/top_tf_hdmi_audio.v
HDL-1007 : analyze verilog file ../user_source/hdl_source/SD/ax_debounce.v
HDL-1007 : analyze verilog file ../user_source/hdl_source/SD/bmp_read.v
HDL-1007 : analyze verilog file ../user_source/hdl_source/SD/color_bar.v
HDL-1007 : analyze included file ../user_source/hdl_source/SD/video_define.v in ../user_source/hdl_source/SD/color_bar.v(2)
HDL-1007 : back to file '../user_source/hdl_source/SD/color_bar.v' in ../user_source/hdl_source/SD/color_bar.v(2)
HDL-1007 : analyze verilog file ../user_source/hdl_source/SD/frame_fifo_read.v
HDL-1007 : analyze verilog file ../user_source/hdl_source/SD/frame_fifo_write.v
HDL-1007 : analyze verilog file ../user_source/hdl_source/SD/frame_read_write.v
HDL-1007 : analyze verilog file ../user_source/hdl_source/SD/sd_card_bmp.v
HDL-1007 : analyze verilog file ../user_source/hdl_source/SD/seg_decoder.v
HDL-1007 : analyze verilog file ../user_source/hdl_source/SD/seg_scan.v
HDL-1007 : analyze verilog file ../user_source/hdl_source/SD/video_delay.v
HDL-1007 : analyze verilog file ../user_source/hdl_source/SD/video_timing_data.v
HDL-1007 : analyze verilog file ../user_source/hdl_source/hdmi_audio_tone_i2s_64fs.v
HDL-1007 : analyze verilog file ../user_source/hdl_source/startup_pulse.v
HDL-1007 : analyze verilog file ../user_source/hdl_source/video_rgb_to_axis_640x480.v
HDL-1007 : analyze verilog file ../user_source/hdl_source/SD/sd_card_cmd.v
HDL-1007 : analyze verilog file ../user_source/hdl_source/SD/sd_card_sec_read_write.v
HDL-1007 : analyze verilog file ../user_source/hdl_source/SD/sd_card_top.v
HDL-1007 : analyze verilog file ../user_source/hdl_source/SD/spi_master.v
HDL-1007 : analyze verilog file ../user_source/hdl_source/SD/sdram.v
HDL-1007 : analyze included file ../user_source/hdl_source/include/global_def.v in ../user_source/hdl_source/SD/sdram.v(10)
HDL-1007 : back to file '../user_source/hdl_source/SD/sdram.v' in ../user_source/hdl_source/SD/sdram.v(10)
HDL-1007 : undeclared symbol 'SDR_CKE', assumed default net type 'wire' in ../user_source/hdl_source/SD/sdram.v(89)
HDL-1007 : analyze verilog file ../user_source/hdl_source/include/sdr_as_ram.enc.v
HDL-1007 : analyze included file ../user_source/hdl_source/include/global_def.v in ../user_source/hdl_source/include/sdr_as_ram.enc.v(10)
HDL-1007 : back to file '../user_source/hdl_source/include/sdr_as_ram.enc.v' in ../user_source/hdl_source/include/sdr_as_ram.enc.v(10)
HDL-1007 : back to file '../user_source/hdl_source/include/sdr_as_ram.enc.v' in ../user_source/hdl_source/include/sdr_as_ram.enc.v(45)
HDL-1007 : analyze verilog file ../user_source/hdl_source/include/sdr_init_ref.enc.v
HDL-1007 : analyze included file ../user_source/hdl_source/include/global_def.v in ../user_source/hdl_source/include/sdr_init_ref.enc.v(11)
HDL-1007 : back to file '../user_source/hdl_source/include/sdr_init_ref.enc.v' in ../user_source/hdl_source/include/sdr_init_ref.enc.v(11)
HDL-1007 : undeclared symbol '**', assumed default net type '**' in ../user_source/hdl_source/include/sdr_init_ref.enc.v(57)
HDL-1007 : back to file '../user_source/hdl_source/include/sdr_init_ref.enc.v' in ../user_source/hdl_source/include/sdr_init_ref.enc.v(149)
HDL-5007 WARNING: concatenation with an unsized literal will be treated as 32 bits in ../user_source/hdl_source/include/sdr_init_ref.enc.v(47)
HDL-1007 : analyze verilog file ../user_source/hdl_source/include/sdr_wrrd.enc.v
HDL-5007 WARNING: concatenation with an unsized literal will be treated as 32 bits in ../user_source/hdl_source/include/sdr_wrrd.enc.v(283)
HDL-1007 : back to file '../user_source/hdl_source/include/sdr_wrrd.enc.v' in ../user_source/hdl_source/include/sdr_wrrd.enc.v(19)
HDL-1007 : analyze verilog file ../user_source/hdl_source/hdmi_audio_tone_pcm_scale.v
RUN-1002 : start command "commit_param -step design"
RUN-1001 : Print Global Property
RUN-1001 : --------------------------------------------------------
RUN-1001 :   Parameters   |  Settings  |  Default Values  |  Note  
RUN-1001 : --------------------------------------------------------
RUN-1001 :   enable_seed  |    off     |       off        |        
RUN-1001 :     message    |  standard  |     standard     |        
RUN-1001 :   qor_monitor  |     on     |        on        |        
RUN-1001 :   syn_ip_flow  |    off     |       off        |        
RUN-1001 :     thread     |    auto    |       auto       |        
RUN-1001 : --------------------------------------------------------
RUN-1001 : Print Design Property
RUN-1001 : ----------------------------------------------------------------
RUN-1001 :       Parameters       |  Settings  |  Default Values  |  Note  
RUN-1001 : ----------------------------------------------------------------
RUN-1001 :   default_reg_initial  |    auto    |       auto       |        
RUN-1001 :    hdl_warning_level   |   normal   |      normal      |        
RUN-1001 : ----------------------------------------------------------------
HDL-1007 : analyze verilog file ../user_source/hdl_source/ip/afifo_16_32_256.v
HDL-1007 : analyze verilog file ../user_source/hdl_source/ip/afifo_32_16_256.v
HDL-1007 : analyze verilog file ../user_source/hdl_source/ip/sys_pll.v
HDL-1007 : undeclared symbol 'open', assumed default net type 'wire' in ../user_source/hdl_source/ip/sys_pll.v(77)
HDL-1007 : analyze verilog file ../user_source/hdl_source/ip/video_pll.v
HDL-1007 : undeclared symbol 'open', assumed default net type 'wire' in ../user_source/hdl_source/ip/video_pll.v(70)
HDL-1007 : analyze verilog file al_ip/AUDIO_SAMPLE_ROM.v
HDL-1007 : analyze verilog file al_ip/PLL.v
HDL-1007 : undeclared symbol 'PLL_open0', assumed default net type 'wire' in al_ip/PLL.v(78)
HDL-1007 : undeclared symbol 'PLL_open8', assumed default net type 'wire' in al_ip/PLL.v(84)
HDL-1007 : undeclared symbol 'PLL_open7', assumed default net type 'wire' in al_ip/PLL.v(84)
HDL-1007 : undeclared symbol 'PLL_open6', assumed default net type 'wire' in al_ip/PLL.v(84)
HDL-1007 : undeclared symbol 'PLL_open5', assumed default net type 'wire' in al_ip/PLL.v(84)
HDL-1007 : undeclared symbol 'PLL_open4', assumed default net type 'wire' in al_ip/PLL.v(84)
HDL-1007 : undeclared symbol 'PLL_open3', assumed default net type 'wire' in al_ip/PLL.v(84)
HDL-1007 : undeclared symbol 'PLL_open2', assumed default net type 'wire' in al_ip/PLL.v(84)
HDL-1007 : undeclared symbol 'PLL_open1', assumed default net type 'wire' in al_ip/PLL.v(84)
HDL-1007 : undeclared symbol 'PLL_open11', assumed default net type 'wire' in al_ip/PLL.v(86)
HDL-1007 : undeclared symbol 'PLL_open10', assumed default net type 'wire' in al_ip/PLL.v(86)
HDL-1007 : undeclared symbol 'PLL_open9', assumed default net type 'wire' in al_ip/PLL.v(86)
HDL-1007 : analyze verilog file al_ip/PLL_HDMI_AUDIO.v
HDL-1007 : undeclared symbol 'PLL_HDMI_AUDIO_open0', assumed default net type 'wire' in al_ip/PLL_HDMI_AUDIO.v(85)
HDL-1007 : undeclared symbol 'PLL_HDMI_AUDIO_open8', assumed default net type 'wire' in al_ip/PLL_HDMI_AUDIO.v(91)
HDL-1007 : undeclared symbol 'PLL_HDMI_AUDIO_open7', assumed default net type 'wire' in al_ip/PLL_HDMI_AUDIO.v(91)
HDL-1007 : undeclared symbol 'PLL_HDMI_AUDIO_open6', assumed default net type 'wire' in al_ip/PLL_HDMI_AUDIO.v(91)
HDL-1007 : undeclared symbol 'PLL_HDMI_AUDIO_open5', assumed default net type 'wire' in al_ip/PLL_HDMI_AUDIO.v(91)
HDL-1007 : undeclared symbol 'PLL_HDMI_AUDIO_open4', assumed default net type 'wire' in al_ip/PLL_HDMI_AUDIO.v(91)
HDL-1007 : undeclared symbol 'PLL_HDMI_AUDIO_open3', assumed default net type 'wire' in al_ip/PLL_HDMI_AUDIO.v(91)
HDL-1007 : undeclared symbol 'PLL_HDMI_AUDIO_open2', assumed default net type 'wire' in al_ip/PLL_HDMI_AUDIO.v(91)
HDL-1007 : undeclared symbol 'PLL_HDMI_AUDIO_open1', assumed default net type 'wire' in al_ip/PLL_HDMI_AUDIO.v(91)
HDL-1007 : undeclared symbol 'PLL_HDMI_AUDIO_open10', assumed default net type 'wire' in al_ip/PLL_HDMI_AUDIO.v(93)
HDL-1007 : undeclared symbol 'PLL_HDMI_AUDIO_open9', assumed default net type 'wire' in al_ip/PLL_HDMI_AUDIO.v(93)
HDL-1007 : analyze verilog file ../user_source/hdl_source/video_source_test.v
HDL-1007 : analyze verilog file ../user_source/hdl_source/key_remove_shakes.v
HDL-1007 : analyze verilog file ../user_source/hdl_source/I2S_receiver.v
HDL-1007 : analyze verilog file ../user_source/hdl_source/audio_arc_calculate.v
HDL-1007 : analyze verilog file ../user_source/hdl_source/hdmi_phy_warpper.v
HDL-1007 : analyze verilog file ../user_source/hdl_source/lane_lvds_10_1.v
HDL-1007 : analyze verilog file ../user_source/hdl_source/hdmi1.4b_transmitter_core/hdmi_1_4b_transmitter_core_wrapper.enc.v
HDL-1007 : undeclared symbol '**', assumed default net type '**' in ../user_source/hdl_source/hdmi1.4b_transmitter_core/hdmi_1_4b_transmitter_core_wrapper.enc.v(2614)
HDL-1007 : undeclared symbol '**', assumed default net type '**' in ../user_source/hdl_source/hdmi1.4b_transmitter_core/hdmi_1_4b_transmitter_core_wrapper.enc.v(2716)
HDL-1007 : undeclared symbol '**', assumed default net type '**' in ../user_source/hdl_source/hdmi1.4b_transmitter_core/hdmi_1_4b_transmitter_core_wrapper.enc.v(2724)
HDL-1007 : undeclared symbol '**', assumed default net type '**' in ../user_source/hdl_source/hdmi1.4b_transmitter_core/hdmi_1_4b_transmitter_core_wrapper.enc.v(4936)
HDL-1007 : undeclared symbol '**', assumed default net type '**' in ../user_source/hdl_source/hdmi1.4b_transmitter_core/hdmi_1_4b_transmitter_core_wrapper.enc.v(5989)
HDL-1007 : back to file '../user_source/hdl_source/hdmi1.4b_transmitter_core/hdmi_1_4b_transmitter_core_wrapper.enc.v' in ../user_source/hdl_source/hdmi1.4b_transmitter_core/hdmi_1_4b_transmitter_core_wrapper.enc.v(77)
HDL-1007 : analyze verilog file ../user_source/hdl_source/test/i2s_test_tone_gen_pll.v
HDL-1007 : analyze verilog file ../user_source/hdl_source/rom/i2s_rom_player_single_pll_fix64_rom_ip.v
HDL-1007 : analyze verilog file ../user_source/hdl_source/top_tf_hdmi_audio.v
HDL-1007 : analyze verilog file ../user_source/hdl_source/SD/ax_debounce.v
HDL-1007 : analyze verilog file ../user_source/hdl_source/SD/bmp_read.v
HDL-1007 : analyze verilog file ../user_source/hdl_source/SD/color_bar.v
HDL-1007 : analyze included file ../user_source/hdl_source/SD/video_define.v in ../user_source/hdl_source/SD/color_bar.v(2)
HDL-1007 : back to file '../user_source/hdl_source/SD/color_bar.v' in ../user_source/hdl_source/SD/color_bar.v(2)
HDL-1007 : analyze verilog file ../user_source/hdl_source/SD/frame_fifo_read.v
HDL-1007 : analyze verilog file ../user_source/hdl_source/SD/frame_fifo_write.v
HDL-1007 : analyze verilog file ../user_source/hdl_source/SD/frame_read_write.v
HDL-1007 : analyze verilog file ../user_source/hdl_source/SD/sd_card_bmp.v
HDL-1007 : analyze verilog file ../user_source/hdl_source/SD/seg_decoder.v
HDL-1007 : analyze verilog file ../user_source/hdl_source/SD/seg_scan.v
HDL-1007 : analyze verilog file ../user_source/hdl_source/SD/video_delay.v
HDL-1007 : analyze verilog file ../user_source/hdl_source/SD/video_timing_data.v
HDL-1007 : analyze verilog file ../user_source/hdl_source/hdmi_audio_tone_i2s_64fs.v
HDL-1007 : analyze verilog file ../user_source/hdl_source/startup_pulse.v
HDL-1007 : analyze verilog file ../user_source/hdl_source/video_rgb_to_axis_640x480.v
HDL-1007 : analyze verilog file ../user_source/hdl_source/SD/sd_card_cmd.v
HDL-1007 : analyze verilog file ../user_source/hdl_source/SD/sd_card_sec_read_write.v
HDL-1007 : analyze verilog file ../user_source/hdl_source/SD/sd_card_top.v
HDL-1007 : analyze verilog file ../user_source/hdl_source/SD/spi_master.v
HDL-1007 : analyze verilog file ../user_source/hdl_source/SD/sdram.v
HDL-1007 : analyze included file ../user_source/hdl_source/include/global_def.v in ../user_source/hdl_source/SD/sdram.v(10)
HDL-1007 : back to file '../user_source/hdl_source/SD/sdram.v' in ../user_source/hdl_source/SD/sdram.v(10)
HDL-1007 : undeclared symbol 'SDR_CKE', assumed default net type 'wire' in ../user_source/hdl_source/SD/sdram.v(89)
HDL-1007 : analyze verilog file ../user_source/hdl_source/include/sdr_as_ram.enc.v
HDL-1007 : analyze included file ../user_source/hdl_source/include/global_def.v in ../user_source/hdl_source/include/sdr_as_ram.enc.v(10)
HDL-1007 : back to file '../user_source/hdl_source/include/sdr_as_ram.enc.v' in ../user_source/hdl_source/include/sdr_as_ram.enc.v(10)
HDL-1007 : back to file '../user_source/hdl_source/include/sdr_as_ram.enc.v' in ../user_source/hdl_source/include/sdr_as_ram.enc.v(45)
HDL-1007 : analyze verilog file ../user_source/hdl_source/include/sdr_init_ref.enc.v
HDL-1007 : analyze included file ../user_source/hdl_source/include/global_def.v in ../user_source/hdl_source/include/sdr_init_ref.enc.v(11)
HDL-1007 : back to file '../user_source/hdl_source/include/sdr_init_ref.enc.v' in ../user_source/hdl_source/include/sdr_init_ref.enc.v(11)
HDL-1007 : undeclared symbol '**', assumed default net type '**' in ../user_source/hdl_source/include/sdr_init_ref.enc.v(57)
HDL-1007 : back to file '../user_source/hdl_source/include/sdr_init_ref.enc.v' in ../user_source/hdl_source/include/sdr_init_ref.enc.v(149)
HDL-5007 WARNING: concatenation with an unsized literal will be treated as 32 bits in ../user_source/hdl_source/include/sdr_init_ref.enc.v(47)
HDL-1007 : analyze verilog file ../user_source/hdl_source/include/sdr_wrrd.enc.v
HDL-5007 WARNING: concatenation with an unsized literal will be treated as 32 bits in ../user_source/hdl_source/include/sdr_wrrd.enc.v(283)
HDL-1007 : back to file '../user_source/hdl_source/include/sdr_wrrd.enc.v' in ../user_source/hdl_source/include/sdr_wrrd.enc.v(19)
HDL-1007 : analyze verilog file ../user_source/hdl_source/hdmi_audio_tone_pcm_scale.v
HDL-8007 ERROR: module 'sd_card_bmp' does not have a parameter named BMP_MAX_NUM. Modify the design by referring to the parameter defined by the module, or contact customer service for help in ../user_source/hdl_source/top_tf_hdmi_audio.v(156)
HDL-8007 ERROR: module 'sd_card_bmp' does not have a parameter named SCAN_STOP_AFTER_FIRST_GAP. Modify the design by referring to the parameter defined by the module, or contact customer service for help in ../user_source/hdl_source/top_tf_hdmi_audio.v(157)
RUN-1002 : start command "commit_param -step design"
RUN-1001 : Print Global Property
RUN-1001 : --------------------------------------------------------
RUN-1001 :   Parameters   |  Settings  |  Default Values  |  Note  
RUN-1001 : --------------------------------------------------------
RUN-1001 :   enable_seed  |    off     |       off        |        
RUN-1001 :     message    |  standard  |     standard     |        
RUN-1001 :   qor_monitor  |     on     |        on        |        
RUN-1001 :   syn_ip_flow  |    off     |       off        |        
RUN-1001 :     thread     |    auto    |       auto       |        
RUN-1001 : --------------------------------------------------------
RUN-1001 : Print Design Property
RUN-1001 : ----------------------------------------------------------------
RUN-1001 :       Parameters       |  Settings  |  Default Values  |  Note  
RUN-1001 : ----------------------------------------------------------------
RUN-1001 :   default_reg_initial  |    auto    |       auto       |        
RUN-1001 :    hdl_warning_level   |   normal   |      normal      |        
RUN-1001 : ----------------------------------------------------------------
HDL-1007 : analyze verilog file ../user_source/hdl_source/ip/afifo_16_32_256.v
HDL-1007 : analyze verilog file ../user_source/hdl_source/ip/afifo_32_16_256.v
HDL-1007 : analyze verilog file ../user_source/hdl_source/ip/sys_pll.v
HDL-1007 : undeclared symbol 'open', assumed default net type 'wire' in ../user_source/hdl_source/ip/sys_pll.v(77)
HDL-1007 : analyze verilog file ../user_source/hdl_source/ip/video_pll.v
HDL-1007 : undeclared symbol 'open', assumed default net type 'wire' in ../user_source/hdl_source/ip/video_pll.v(70)
HDL-1007 : analyze verilog file al_ip/AUDIO_SAMPLE_ROM.v
HDL-1007 : analyze verilog file al_ip/PLL.v
HDL-1007 : undeclared symbol 'PLL_open0', assumed default net type 'wire' in al_ip/PLL.v(78)
HDL-1007 : undeclared symbol 'PLL_open8', assumed default net type 'wire' in al_ip/PLL.v(84)
HDL-1007 : undeclared symbol 'PLL_open7', assumed default net type 'wire' in al_ip/PLL.v(84)
HDL-1007 : undeclared symbol 'PLL_open6', assumed default net type 'wire' in al_ip/PLL.v(84)
HDL-1007 : undeclared symbol 'PLL_open5', assumed default net type 'wire' in al_ip/PLL.v(84)
HDL-1007 : undeclared symbol 'PLL_open4', assumed default net type 'wire' in al_ip/PLL.v(84)
HDL-1007 : undeclared symbol 'PLL_open3', assumed default net type 'wire' in al_ip/PLL.v(84)
HDL-1007 : undeclared symbol 'PLL_open2', assumed default net type 'wire' in al_ip/PLL.v(84)
HDL-1007 : undeclared symbol 'PLL_open1', assumed default net type 'wire' in al_ip/PLL.v(84)
HDL-1007 : undeclared symbol 'PLL_open11', assumed default net type 'wire' in al_ip/PLL.v(86)
HDL-1007 : undeclared symbol 'PLL_open10', assumed default net type 'wire' in al_ip/PLL.v(86)
HDL-1007 : undeclared symbol 'PLL_open9', assumed default net type 'wire' in al_ip/PLL.v(86)
HDL-1007 : analyze verilog file al_ip/PLL_HDMI_AUDIO.v
HDL-1007 : undeclared symbol 'PLL_HDMI_AUDIO_open0', assumed default net type 'wire' in al_ip/PLL_HDMI_AUDIO.v(85)
HDL-1007 : undeclared symbol 'PLL_HDMI_AUDIO_open8', assumed default net type 'wire' in al_ip/PLL_HDMI_AUDIO.v(91)
HDL-1007 : undeclared symbol 'PLL_HDMI_AUDIO_open7', assumed default net type 'wire' in al_ip/PLL_HDMI_AUDIO.v(91)
HDL-1007 : undeclared symbol 'PLL_HDMI_AUDIO_open6', assumed default net type 'wire' in al_ip/PLL_HDMI_AUDIO.v(91)
HDL-1007 : undeclared symbol 'PLL_HDMI_AUDIO_open5', assumed default net type 'wire' in al_ip/PLL_HDMI_AUDIO.v(91)
HDL-1007 : undeclared symbol 'PLL_HDMI_AUDIO_open4', assumed default net type 'wire' in al_ip/PLL_HDMI_AUDIO.v(91)
HDL-1007 : undeclared symbol 'PLL_HDMI_AUDIO_open3', assumed default net type 'wire' in al_ip/PLL_HDMI_AUDIO.v(91)
HDL-1007 : undeclared symbol 'PLL_HDMI_AUDIO_open2', assumed default net type 'wire' in al_ip/PLL_HDMI_AUDIO.v(91)
HDL-1007 : undeclared symbol 'PLL_HDMI_AUDIO_open1', assumed default net type 'wire' in al_ip/PLL_HDMI_AUDIO.v(91)
HDL-1007 : undeclared symbol 'PLL_HDMI_AUDIO_open10', assumed default net type 'wire' in al_ip/PLL_HDMI_AUDIO.v(93)
HDL-1007 : undeclared symbol 'PLL_HDMI_AUDIO_open9', assumed default net type 'wire' in al_ip/PLL_HDMI_AUDIO.v(93)
HDL-1007 : analyze verilog file ../user_source/hdl_source/video_source_test.v
HDL-1007 : analyze verilog file ../user_source/hdl_source/key_remove_shakes.v
HDL-1007 : analyze verilog file ../user_source/hdl_source/I2S_receiver.v
HDL-1007 : analyze verilog file ../user_source/hdl_source/audio_arc_calculate.v
HDL-1007 : analyze verilog file ../user_source/hdl_source/hdmi_phy_warpper.v
HDL-1007 : analyze verilog file ../user_source/hdl_source/lane_lvds_10_1.v
HDL-1007 : analyze verilog file ../user_source/hdl_source/hdmi1.4b_transmitter_core/hdmi_1_4b_transmitter_core_wrapper.enc.v
HDL-1007 : undeclared symbol '**', assumed default net type '**' in ../user_source/hdl_source/hdmi1.4b_transmitter_core/hdmi_1_4b_transmitter_core_wrapper.enc.v(2614)
HDL-1007 : undeclared symbol '**', assumed default net type '**' in ../user_source/hdl_source/hdmi1.4b_transmitter_core/hdmi_1_4b_transmitter_core_wrapper.enc.v(2716)
HDL-1007 : undeclared symbol '**', assumed default net type '**' in ../user_source/hdl_source/hdmi1.4b_transmitter_core/hdmi_1_4b_transmitter_core_wrapper.enc.v(2724)
HDL-1007 : undeclared symbol '**', assumed default net type '**' in ../user_source/hdl_source/hdmi1.4b_transmitter_core/hdmi_1_4b_transmitter_core_wrapper.enc.v(4936)
HDL-1007 : undeclared symbol '**', assumed default net type '**' in ../user_source/hdl_source/hdmi1.4b_transmitter_core/hdmi_1_4b_transmitter_core_wrapper.enc.v(5989)
HDL-1007 : back to file '../user_source/hdl_source/hdmi1.4b_transmitter_core/hdmi_1_4b_transmitter_core_wrapper.enc.v' in ../user_source/hdl_source/hdmi1.4b_transmitter_core/hdmi_1_4b_transmitter_core_wrapper.enc.v(77)
HDL-1007 : analyze verilog file ../user_source/hdl_source/test/i2s_test_tone_gen_pll.v
HDL-1007 : analyze verilog file ../user_source/hdl_source/rom/i2s_rom_player_single_pll_fix64_rom_ip.v
HDL-1007 : analyze verilog file ../user_source/hdl_source/top_tf_hdmi_audio.v
HDL-1007 : analyze verilog file ../user_source/hdl_source/SD/ax_debounce.v
HDL-1007 : analyze verilog file ../user_source/hdl_source/SD/bmp_read.v
HDL-1007 : analyze verilog file ../user_source/hdl_source/SD/color_bar.v
HDL-1007 : analyze included file ../user_source/hdl_source/SD/video_define.v in ../user_source/hdl_source/SD/color_bar.v(2)
HDL-1007 : back to file '../user_source/hdl_source/SD/color_bar.v' in ../user_source/hdl_source/SD/color_bar.v(2)
HDL-1007 : analyze verilog file ../user_source/hdl_source/SD/frame_fifo_read.v
HDL-1007 : analyze verilog file ../user_source/hdl_source/SD/frame_fifo_write.v
HDL-1007 : analyze verilog file ../user_source/hdl_source/SD/frame_read_write.v
HDL-1007 : analyze verilog file ../user_source/hdl_source/SD/sd_card_bmp.v
HDL-1007 : analyze verilog file ../user_source/hdl_source/SD/seg_decoder.v
HDL-1007 : analyze verilog file ../user_source/hdl_source/SD/seg_scan.v
HDL-1007 : analyze verilog file ../user_source/hdl_source/SD/video_delay.v
HDL-1007 : analyze verilog file ../user_source/hdl_source/SD/video_timing_data.v
HDL-1007 : analyze verilog file ../user_source/hdl_source/hdmi_audio_tone_i2s_64fs.v
HDL-1007 : analyze verilog file ../user_source/hdl_source/startup_pulse.v
HDL-1007 : analyze verilog file ../user_source/hdl_source/video_rgb_to_axis_640x480.v
HDL-1007 : analyze verilog file ../user_source/hdl_source/SD/sd_card_cmd.v
HDL-1007 : analyze verilog file ../user_source/hdl_source/SD/sd_card_sec_read_write.v
HDL-1007 : analyze verilog file ../user_source/hdl_source/SD/sd_card_top.v
HDL-1007 : analyze verilog file ../user_source/hdl_source/SD/spi_master.v
HDL-1007 : analyze verilog file ../user_source/hdl_source/SD/sdram.v
HDL-1007 : analyze included file ../user_source/hdl_source/include/global_def.v in ../user_source/hdl_source/SD/sdram.v(10)
HDL-1007 : back to file '../user_source/hdl_source/SD/sdram.v' in ../user_source/hdl_source/SD/sdram.v(10)
HDL-1007 : undeclared symbol 'SDR_CKE', assumed default net type 'wire' in ../user_source/hdl_source/SD/sdram.v(89)
HDL-1007 : analyze verilog file ../user_source/hdl_source/include/sdr_as_ram.enc.v
HDL-1007 : analyze included file ../user_source/hdl_source/include/global_def.v in ../user_source/hdl_source/include/sdr_as_ram.enc.v(10)
HDL-1007 : back to file '../user_source/hdl_source/include/sdr_as_ram.enc.v' in ../user_source/hdl_source/include/sdr_as_ram.enc.v(10)
HDL-1007 : back to file '../user_source/hdl_source/include/sdr_as_ram.enc.v' in ../user_source/hdl_source/include/sdr_as_ram.enc.v(45)
HDL-1007 : analyze verilog file ../user_source/hdl_source/include/sdr_init_ref.enc.v
HDL-1007 : analyze included file ../user_source/hdl_source/include/global_def.v in ../user_source/hdl_source/include/sdr_init_ref.enc.v(11)
HDL-1007 : back to file '../user_source/hdl_source/include/sdr_init_ref.enc.v' in ../user_source/hdl_source/include/sdr_init_ref.enc.v(11)
HDL-1007 : undeclared symbol '**', assumed default net type '**' in ../user_source/hdl_source/include/sdr_init_ref.enc.v(57)
HDL-1007 : back to file '../user_source/hdl_source/include/sdr_init_ref.enc.v' in ../user_source/hdl_source/include/sdr_init_ref.enc.v(149)
HDL-5007 WARNING: concatenation with an unsized literal will be treated as 32 bits in ../user_source/hdl_source/include/sdr_init_ref.enc.v(47)
HDL-1007 : analyze verilog file ../user_source/hdl_source/include/sdr_wrrd.enc.v
HDL-5007 WARNING: concatenation with an unsized literal will be treated as 32 bits in ../user_source/hdl_source/include/sdr_wrrd.enc.v(283)
HDL-1007 : back to file '../user_source/hdl_source/include/sdr_wrrd.enc.v' in ../user_source/hdl_source/include/sdr_wrrd.enc.v(19)
HDL-1007 : analyze verilog file ../user_source/hdl_source/hdmi_audio_tone_pcm_scale.v
HDL-8007 ERROR: module 'bmp_read' does not have a parameter named SCAN_STOP_AFTER_FIRST_GAP. Modify the design by referring to the parameter defined by the module, or contact customer service for help in ../user_source/hdl_source/SD/sd_card_bmp.v(279)
RUN-1002 : start command "commit_param -step design"
RUN-1001 : Print Global Property
RUN-1001 : --------------------------------------------------------
RUN-1001 :   Parameters   |  Settings  |  Default Values  |  Note  
RUN-1001 : --------------------------------------------------------
RUN-1001 :   enable_seed  |    off     |       off        |        
RUN-1001 :     message    |  standard  |     standard     |        
RUN-1001 :   qor_monitor  |     on     |        on        |        
RUN-1001 :   syn_ip_flow  |    off     |       off        |        
RUN-1001 :     thread     |    auto    |       auto       |        
RUN-1001 : --------------------------------------------------------
RUN-1001 : Print Design Property
RUN-1001 : ----------------------------------------------------------------
RUN-1001 :       Parameters       |  Settings  |  Default Values  |  Note  
RUN-1001 : ----------------------------------------------------------------
RUN-1001 :   default_reg_initial  |    auto    |       auto       |        
RUN-1001 :    hdl_warning_level   |   normal   |      normal      |        
RUN-1001 : ----------------------------------------------------------------
HDL-1007 : analyze verilog file ../user_source/hdl_source/ip/afifo_16_32_256.v
HDL-1007 : analyze verilog file ../user_source/hdl_source/ip/afifo_32_16_256.v
HDL-1007 : analyze verilog file ../user_source/hdl_source/ip/sys_pll.v
HDL-1007 : undeclared symbol 'open', assumed default net type 'wire' in ../user_source/hdl_source/ip/sys_pll.v(77)
HDL-1007 : analyze verilog file ../user_source/hdl_source/ip/video_pll.v
HDL-1007 : undeclared symbol 'open', assumed default net type 'wire' in ../user_source/hdl_source/ip/video_pll.v(70)
HDL-1007 : analyze verilog file al_ip/AUDIO_SAMPLE_ROM.v
HDL-1007 : analyze verilog file al_ip/PLL.v
HDL-1007 : undeclared symbol 'PLL_open0', assumed default net type 'wire' in al_ip/PLL.v(78)
HDL-1007 : undeclared symbol 'PLL_open8', assumed default net type 'wire' in al_ip/PLL.v(84)
HDL-1007 : undeclared symbol 'PLL_open7', assumed default net type 'wire' in al_ip/PLL.v(84)
HDL-1007 : undeclared symbol 'PLL_open6', assumed default net type 'wire' in al_ip/PLL.v(84)
HDL-1007 : undeclared symbol 'PLL_open5', assumed default net type 'wire' in al_ip/PLL.v(84)
HDL-1007 : undeclared symbol 'PLL_open4', assumed default net type 'wire' in al_ip/PLL.v(84)
HDL-1007 : undeclared symbol 'PLL_open3', assumed default net type 'wire' in al_ip/PLL.v(84)
HDL-1007 : undeclared symbol 'PLL_open2', assumed default net type 'wire' in al_ip/PLL.v(84)
HDL-1007 : undeclared symbol 'PLL_open1', assumed default net type 'wire' in al_ip/PLL.v(84)
HDL-1007 : undeclared symbol 'PLL_open11', assumed default net type 'wire' in al_ip/PLL.v(86)
HDL-1007 : undeclared symbol 'PLL_open10', assumed default net type 'wire' in al_ip/PLL.v(86)
HDL-1007 : undeclared symbol 'PLL_open9', assumed default net type 'wire' in al_ip/PLL.v(86)
HDL-1007 : analyze verilog file al_ip/PLL_HDMI_AUDIO.v
HDL-1007 : undeclared symbol 'PLL_HDMI_AUDIO_open0', assumed default net type 'wire' in al_ip/PLL_HDMI_AUDIO.v(85)
HDL-1007 : undeclared symbol 'PLL_HDMI_AUDIO_open8', assumed default net type 'wire' in al_ip/PLL_HDMI_AUDIO.v(91)
HDL-1007 : undeclared symbol 'PLL_HDMI_AUDIO_open7', assumed default net type 'wire' in al_ip/PLL_HDMI_AUDIO.v(91)
HDL-1007 : undeclared symbol 'PLL_HDMI_AUDIO_open6', assumed default net type 'wire' in al_ip/PLL_HDMI_AUDIO.v(91)
HDL-1007 : undeclared symbol 'PLL_HDMI_AUDIO_open5', assumed default net type 'wire' in al_ip/PLL_HDMI_AUDIO.v(91)
HDL-1007 : undeclared symbol 'PLL_HDMI_AUDIO_open4', assumed default net type 'wire' in al_ip/PLL_HDMI_AUDIO.v(91)
HDL-1007 : undeclared symbol 'PLL_HDMI_AUDIO_open3', assumed default net type 'wire' in al_ip/PLL_HDMI_AUDIO.v(91)
HDL-1007 : undeclared symbol 'PLL_HDMI_AUDIO_open2', assumed default net type 'wire' in al_ip/PLL_HDMI_AUDIO.v(91)
HDL-1007 : undeclared symbol 'PLL_HDMI_AUDIO_open1', assumed default net type 'wire' in al_ip/PLL_HDMI_AUDIO.v(91)
HDL-1007 : undeclared symbol 'PLL_HDMI_AUDIO_open10', assumed default net type 'wire' in al_ip/PLL_HDMI_AUDIO.v(93)
HDL-1007 : undeclared symbol 'PLL_HDMI_AUDIO_open9', assumed default net type 'wire' in al_ip/PLL_HDMI_AUDIO.v(93)
HDL-1007 : analyze verilog file ../user_source/hdl_source/video_source_test.v
HDL-1007 : analyze verilog file ../user_source/hdl_source/key_remove_shakes.v
HDL-1007 : analyze verilog file ../user_source/hdl_source/I2S_receiver.v
HDL-1007 : analyze verilog file ../user_source/hdl_source/audio_arc_calculate.v
HDL-1007 : analyze verilog file ../user_source/hdl_source/hdmi_phy_warpper.v
HDL-1007 : analyze verilog file ../user_source/hdl_source/lane_lvds_10_1.v
HDL-1007 : analyze verilog file ../user_source/hdl_source/hdmi1.4b_transmitter_core/hdmi_1_4b_transmitter_core_wrapper.enc.v
HDL-1007 : undeclared symbol '**', assumed default net type '**' in ../user_source/hdl_source/hdmi1.4b_transmitter_core/hdmi_1_4b_transmitter_core_wrapper.enc.v(2614)
HDL-1007 : undeclared symbol '**', assumed default net type '**' in ../user_source/hdl_source/hdmi1.4b_transmitter_core/hdmi_1_4b_transmitter_core_wrapper.enc.v(2716)
HDL-1007 : undeclared symbol '**', assumed default net type '**' in ../user_source/hdl_source/hdmi1.4b_transmitter_core/hdmi_1_4b_transmitter_core_wrapper.enc.v(2724)
HDL-1007 : undeclared symbol '**', assumed default net type '**' in ../user_source/hdl_source/hdmi1.4b_transmitter_core/hdmi_1_4b_transmitter_core_wrapper.enc.v(4936)
HDL-1007 : undeclared symbol '**', assumed default net type '**' in ../user_source/hdl_source/hdmi1.4b_transmitter_core/hdmi_1_4b_transmitter_core_wrapper.enc.v(5989)
HDL-1007 : back to file '../user_source/hdl_source/hdmi1.4b_transmitter_core/hdmi_1_4b_transmitter_core_wrapper.enc.v' in ../user_source/hdl_source/hdmi1.4b_transmitter_core/hdmi_1_4b_transmitter_core_wrapper.enc.v(77)
HDL-1007 : analyze verilog file ../user_source/hdl_source/test/i2s_test_tone_gen_pll.v
HDL-1007 : analyze verilog file ../user_source/hdl_source/rom/i2s_rom_player_single_pll_fix64_rom_ip.v
HDL-1007 : analyze verilog file ../user_source/hdl_source/top_tf_hdmi_audio.v
HDL-1007 : analyze verilog file ../user_source/hdl_source/SD/ax_debounce.v
HDL-1007 : analyze verilog file ../user_source/hdl_source/SD/bmp_read.v
HDL-1007 : analyze verilog file ../user_source/hdl_source/SD/color_bar.v
HDL-1007 : analyze included file ../user_source/hdl_source/SD/video_define.v in ../user_source/hdl_source/SD/color_bar.v(2)
HDL-1007 : back to file '../user_source/hdl_source/SD/color_bar.v' in ../user_source/hdl_source/SD/color_bar.v(2)
HDL-1007 : analyze verilog file ../user_source/hdl_source/SD/frame_fifo_read.v
HDL-1007 : analyze verilog file ../user_source/hdl_source/SD/frame_fifo_write.v
HDL-1007 : analyze verilog file ../user_source/hdl_source/SD/frame_read_write.v
HDL-1007 : analyze verilog file ../user_source/hdl_source/SD/sd_card_bmp.v
HDL-1007 : analyze verilog file ../user_source/hdl_source/SD/seg_decoder.v
HDL-1007 : analyze verilog file ../user_source/hdl_source/SD/seg_scan.v
HDL-1007 : analyze verilog file ../user_source/hdl_source/SD/video_delay.v
HDL-1007 : analyze verilog file ../user_source/hdl_source/SD/video_timing_data.v
HDL-1007 : analyze verilog file ../user_source/hdl_source/hdmi_audio_tone_i2s_64fs.v
HDL-1007 : analyze verilog file ../user_source/hdl_source/startup_pulse.v
HDL-1007 : analyze verilog file ../user_source/hdl_source/video_rgb_to_axis_640x480.v
HDL-1007 : analyze verilog file ../user_source/hdl_source/SD/sd_card_cmd.v
HDL-1007 : analyze verilog file ../user_source/hdl_source/SD/sd_card_sec_read_write.v
HDL-1007 : analyze verilog file ../user_source/hdl_source/SD/sd_card_top.v
HDL-1007 : analyze verilog file ../user_source/hdl_source/SD/spi_master.v
HDL-1007 : analyze verilog file ../user_source/hdl_source/SD/sdram.v
HDL-1007 : analyze included file ../user_source/hdl_source/include/global_def.v in ../user_source/hdl_source/SD/sdram.v(10)
HDL-1007 : back to file '../user_source/hdl_source/SD/sdram.v' in ../user_source/hdl_source/SD/sdram.v(10)
HDL-1007 : undeclared symbol 'SDR_CKE', assumed default net type 'wire' in ../user_source/hdl_source/SD/sdram.v(89)
HDL-1007 : analyze verilog file ../user_source/hdl_source/include/sdr_as_ram.enc.v
HDL-1007 : analyze included file ../user_source/hdl_source/include/global_def.v in ../user_source/hdl_source/include/sdr_as_ram.enc.v(10)
HDL-1007 : back to file '../user_source/hdl_source/include/sdr_as_ram.enc.v' in ../user_source/hdl_source/include/sdr_as_ram.enc.v(10)
HDL-1007 : back to file '../user_source/hdl_source/include/sdr_as_ram.enc.v' in ../user_source/hdl_source/include/sdr_as_ram.enc.v(45)
HDL-1007 : analyze verilog file ../user_source/hdl_source/include/sdr_init_ref.enc.v
HDL-1007 : analyze included file ../user_source/hdl_source/include/global_def.v in ../user_source/hdl_source/include/sdr_init_ref.enc.v(11)
HDL-1007 : back to file '../user_source/hdl_source/include/sdr_init_ref.enc.v' in ../user_source/hdl_source/include/sdr_init_ref.enc.v(11)
HDL-1007 : undeclared symbol '**', assumed default net type '**' in ../user_source/hdl_source/include/sdr_init_ref.enc.v(57)
HDL-1007 : back to file '../user_source/hdl_source/include/sdr_init_ref.enc.v' in ../user_source/hdl_source/include/sdr_init_ref.enc.v(149)
HDL-5007 WARNING: concatenation with an unsized literal will be treated as 32 bits in ../user_source/hdl_source/include/sdr_init_ref.enc.v(47)
HDL-1007 : analyze verilog file ../user_source/hdl_source/include/sdr_wrrd.enc.v
HDL-5007 WARNING: concatenation with an unsized literal will be treated as 32 bits in ../user_source/hdl_source/include/sdr_wrrd.enc.v(283)
HDL-1007 : back to file '../user_source/hdl_source/include/sdr_wrrd.enc.v' in ../user_source/hdl_source/include/sdr_wrrd.enc.v(19)
HDL-1007 : analyze verilog file ../user_source/hdl_source/hdmi_audio_tone_pcm_scale.v
PRJ-1412 : reset_run syn_1 phy_1.
PRJ-1409 : launch_runs syn_1 phy_1  -jobs 6.
PRJ-1410 : Run syn_1 success.
PRJ-8001 ERROR: phy_1 exit with code -1073741819. Check the corresponding run log or contact technical support.
RUN-1002 : start command "save_best_bits"
PRJ-5303 WARNING: Run phy_1 failed.
RUN-1002 : start command "import_db C:/Users/zbrmyyds/Desktop/anlu/FPGA_Prj/I2S/transmitor/APUG092_HDMI1.4b_Transmitter_V1.4/src/td_project/HDMI1.4b_Transmitter_v1.0_Runs/phy_1/HDMI1.4b_Transmitter_v1.0_place.db"
RUN-1001 : Importing database generated by Tang Dynasty, V6.2.168116.
RUN-1001 : Database version number 46207
RUN-1001 : Import flow parameters
RUN-1001 : Import netlist
RUN-1001 : Import phy database
RUN-1001 : Import timing constraints
RUN-1001 : Import IO constraints
RUN-1001 : Import Inst constraints
RUN-1001 : Import ChipWatcher
RUN-1001 : Import design success TD_VERSION=6.2.168116 , DB_VERSION=46207
PRJ-1412 : reset_run syn_1 phy_1.
PRJ-1409 : launch_runs syn_1 phy_1  -jobs 6.
PRJ-1410 : Run syn_1 success.
PRJ-8001 ERROR: phy_1 exit with code -1073741819. Check the corresponding run log or contact technical support.
RUN-1002 : start command "save_best_bits"
PRJ-5303 WARNING: Run phy_1 failed.
RUN-1002 : start command "import_db C:/Users/zbrmyyds/Desktop/anlu/FPGA_Prj/I2S/transmitor/APUG092_HDMI1.4b_Transmitter_V1.4/src/td_project/HDMI1.4b_Transmitter_v1.0_Runs/phy_1/HDMI1.4b_Transmitter_v1.0_place.db"
RUN-1001 : Importing database generated by Tang Dynasty, V6.2.168116.
RUN-1001 : Database version number 46207
RUN-1001 : Import flow parameters
RUN-1001 : Import netlist
RUN-1001 : Import phy database
RUN-1001 : Import timing constraints
RUN-1001 : Import IO constraints
RUN-1001 : Import Inst constraints
RUN-1001 : Import ChipWatcher
RUN-1001 : Import design success TD_VERSION=6.2.168116 , DB_VERSION=46207
RUN-1002 : start command "commit_param -step design"
RUN-1001 : Print Global Property
RUN-1001 : --------------------------------------------------------
RUN-1001 :   Parameters   |  Settings  |  Default Values  |  Note  
RUN-1001 : --------------------------------------------------------
RUN-1001 :   enable_seed  |    off     |       off        |        
RUN-1001 :     message    |  standard  |     standard     |        
RUN-1001 :   qor_monitor  |     on     |        on        |        
RUN-1001 :   syn_ip_flow  |    off     |       off        |        
RUN-1001 :     thread     |    auto    |       auto       |        
RUN-1001 : --------------------------------------------------------
RUN-1001 : Print Design Property
RUN-1001 : ----------------------------------------------------------------
RUN-1001 :       Parameters       |  Settings  |  Default Values  |  Note  
RUN-1001 : ----------------------------------------------------------------
RUN-1001 :   default_reg_initial  |    auto    |       auto       |        
RUN-1001 :    hdl_warning_level   |   normal   |      normal      |        
RUN-1001 : ----------------------------------------------------------------
HDL-1007 : analyze verilog file ../user_source/hdl_source/ip/afifo_16_32_256.v
HDL-1007 : analyze verilog file ../user_source/hdl_source/ip/afifo_32_16_256.v
HDL-1007 : analyze verilog file ../user_source/hdl_source/ip/sys_pll.v
HDL-1007 : undeclared symbol 'open', assumed default net type 'wire' in ../user_source/hdl_source/ip/sys_pll.v(77)
HDL-1007 : analyze verilog file ../user_source/hdl_source/ip/video_pll.v
HDL-1007 : undeclared symbol 'open', assumed default net type 'wire' in ../user_source/hdl_source/ip/video_pll.v(70)
HDL-1007 : analyze verilog file al_ip/AUDIO_SAMPLE_ROM.v
HDL-1007 : analyze verilog file al_ip/PLL.v
HDL-1007 : undeclared symbol 'PLL_open0', assumed default net type 'wire' in al_ip/PLL.v(78)
HDL-1007 : undeclared symbol 'PLL_open8', assumed default net type 'wire' in al_ip/PLL.v(84)
HDL-1007 : undeclared symbol 'PLL_open7', assumed default net type 'wire' in al_ip/PLL.v(84)
HDL-1007 : undeclared symbol 'PLL_open6', assumed default net type 'wire' in al_ip/PLL.v(84)
HDL-1007 : undeclared symbol 'PLL_open5', assumed default net type 'wire' in al_ip/PLL.v(84)
HDL-1007 : undeclared symbol 'PLL_open4', assumed default net type 'wire' in al_ip/PLL.v(84)
HDL-1007 : undeclared symbol 'PLL_open3', assumed default net type 'wire' in al_ip/PLL.v(84)
HDL-1007 : undeclared symbol 'PLL_open2', assumed default net type 'wire' in al_ip/PLL.v(84)
HDL-1007 : undeclared symbol 'PLL_open1', assumed default net type 'wire' in al_ip/PLL.v(84)
HDL-1007 : undeclared symbol 'PLL_open11', assumed default net type 'wire' in al_ip/PLL.v(86)
HDL-1007 : undeclared symbol 'PLL_open10', assumed default net type 'wire' in al_ip/PLL.v(86)
HDL-1007 : undeclared symbol 'PLL_open9', assumed default net type 'wire' in al_ip/PLL.v(86)
HDL-1007 : analyze verilog file al_ip/PLL_HDMI_AUDIO.v
HDL-1007 : undeclared symbol 'PLL_HDMI_AUDIO_open0', assumed default net type 'wire' in al_ip/PLL_HDMI_AUDIO.v(85)
HDL-1007 : undeclared symbol 'PLL_HDMI_AUDIO_open8', assumed default net type 'wire' in al_ip/PLL_HDMI_AUDIO.v(91)
HDL-1007 : undeclared symbol 'PLL_HDMI_AUDIO_open7', assumed default net type 'wire' in al_ip/PLL_HDMI_AUDIO.v(91)
HDL-1007 : undeclared symbol 'PLL_HDMI_AUDIO_open6', assumed default net type 'wire' in al_ip/PLL_HDMI_AUDIO.v(91)
HDL-1007 : undeclared symbol 'PLL_HDMI_AUDIO_open5', assumed default net type 'wire' in al_ip/PLL_HDMI_AUDIO.v(91)
HDL-1007 : undeclared symbol 'PLL_HDMI_AUDIO_open4', assumed default net type 'wire' in al_ip/PLL_HDMI_AUDIO.v(91)
HDL-1007 : undeclared symbol 'PLL_HDMI_AUDIO_open3', assumed default net type 'wire' in al_ip/PLL_HDMI_AUDIO.v(91)
HDL-1007 : undeclared symbol 'PLL_HDMI_AUDIO_open2', assumed default net type 'wire' in al_ip/PLL_HDMI_AUDIO.v(91)
HDL-1007 : undeclared symbol 'PLL_HDMI_AUDIO_open1', assumed default net type 'wire' in al_ip/PLL_HDMI_AUDIO.v(91)
HDL-1007 : undeclared symbol 'PLL_HDMI_AUDIO_open10', assumed default net type 'wire' in al_ip/PLL_HDMI_AUDIO.v(93)
HDL-1007 : undeclared symbol 'PLL_HDMI_AUDIO_open9', assumed default net type 'wire' in al_ip/PLL_HDMI_AUDIO.v(93)
HDL-1007 : analyze verilog file ../user_source/hdl_source/video_source_test.v
HDL-1007 : analyze verilog file ../user_source/hdl_source/key_remove_shakes.v
HDL-1007 : analyze verilog file ../user_source/hdl_source/I2S_receiver.v
HDL-1007 : analyze verilog file ../user_source/hdl_source/audio_arc_calculate.v
HDL-1007 : analyze verilog file ../user_source/hdl_source/hdmi_phy_warpper.v
HDL-1007 : analyze verilog file ../user_source/hdl_source/lane_lvds_10_1.v
HDL-1007 : analyze verilog file ../user_source/hdl_source/hdmi1.4b_transmitter_core/hdmi_1_4b_transmitter_core_wrapper.enc.v
HDL-1007 : undeclared symbol '**', assumed default net type '**' in ../user_source/hdl_source/hdmi1.4b_transmitter_core/hdmi_1_4b_transmitter_core_wrapper.enc.v(2614)
HDL-1007 : undeclared symbol '**', assumed default net type '**' in ../user_source/hdl_source/hdmi1.4b_transmitter_core/hdmi_1_4b_transmitter_core_wrapper.enc.v(2716)
HDL-1007 : undeclared symbol '**', assumed default net type '**' in ../user_source/hdl_source/hdmi1.4b_transmitter_core/hdmi_1_4b_transmitter_core_wrapper.enc.v(2724)
HDL-1007 : undeclared symbol '**', assumed default net type '**' in ../user_source/hdl_source/hdmi1.4b_transmitter_core/hdmi_1_4b_transmitter_core_wrapper.enc.v(4936)
HDL-1007 : undeclared symbol '**', assumed default net type '**' in ../user_source/hdl_source/hdmi1.4b_transmitter_core/hdmi_1_4b_transmitter_core_wrapper.enc.v(5989)
HDL-1007 : back to file '../user_source/hdl_source/hdmi1.4b_transmitter_core/hdmi_1_4b_transmitter_core_wrapper.enc.v' in ../user_source/hdl_source/hdmi1.4b_transmitter_core/hdmi_1_4b_transmitter_core_wrapper.enc.v(77)
HDL-1007 : analyze verilog file ../user_source/hdl_source/test/i2s_test_tone_gen_pll.v
HDL-1007 : analyze verilog file ../user_source/hdl_source/rom/i2s_rom_player_single_pll_fix64_rom_ip.v
HDL-1007 : analyze verilog file ../user_source/hdl_source/top_tf_hdmi_audio.v
HDL-1007 : analyze verilog file ../user_source/hdl_source/SD/ax_debounce.v
HDL-1007 : analyze verilog file ../user_source/hdl_source/SD/bmp_read.v
HDL-1007 : analyze verilog file ../user_source/hdl_source/SD/color_bar.v
HDL-1007 : analyze included file ../user_source/hdl_source/SD/video_define.v in ../user_source/hdl_source/SD/color_bar.v(2)
HDL-1007 : back to file '../user_source/hdl_source/SD/color_bar.v' in ../user_source/hdl_source/SD/color_bar.v(2)
HDL-1007 : analyze verilog file ../user_source/hdl_source/SD/frame_fifo_read.v
HDL-1007 : analyze verilog file ../user_source/hdl_source/SD/frame_fifo_write.v
HDL-1007 : analyze verilog file ../user_source/hdl_source/SD/frame_read_write.v
HDL-1007 : analyze verilog file ../user_source/hdl_source/SD/sd_card_bmp.v
HDL-1007 : analyze verilog file ../user_source/hdl_source/SD/seg_decoder.v
HDL-1007 : analyze verilog file ../user_source/hdl_source/SD/seg_scan.v
HDL-1007 : analyze verilog file ../user_source/hdl_source/SD/video_delay.v
HDL-1007 : analyze verilog file ../user_source/hdl_source/SD/video_timing_data.v
HDL-1007 : analyze verilog file ../user_source/hdl_source/hdmi_audio_tone_i2s_64fs.v
HDL-1007 : analyze verilog file ../user_source/hdl_source/startup_pulse.v
HDL-1007 : analyze verilog file ../user_source/hdl_source/video_rgb_to_axis_640x480.v
HDL-1007 : analyze verilog file ../user_source/hdl_source/SD/sd_card_cmd.v
HDL-1007 : analyze verilog file ../user_source/hdl_source/SD/sd_card_sec_read_write.v
HDL-1007 : analyze verilog file ../user_source/hdl_source/SD/sd_card_top.v
HDL-1007 : analyze verilog file ../user_source/hdl_source/SD/spi_master.v
HDL-1007 : analyze verilog file ../user_source/hdl_source/SD/sdram.v
HDL-1007 : analyze included file ../user_source/hdl_source/include/global_def.v in ../user_source/hdl_source/SD/sdram.v(10)
HDL-1007 : back to file '../user_source/hdl_source/SD/sdram.v' in ../user_source/hdl_source/SD/sdram.v(10)
HDL-1007 : undeclared symbol 'SDR_CKE', assumed default net type 'wire' in ../user_source/hdl_source/SD/sdram.v(89)
HDL-1007 : analyze verilog file ../user_source/hdl_source/include/sdr_as_ram.enc.v
HDL-1007 : analyze included file ../user_source/hdl_source/include/global_def.v in ../user_source/hdl_source/include/sdr_as_ram.enc.v(10)
HDL-1007 : back to file '../user_source/hdl_source/include/sdr_as_ram.enc.v' in ../user_source/hdl_source/include/sdr_as_ram.enc.v(10)
HDL-1007 : back to file '../user_source/hdl_source/include/sdr_as_ram.enc.v' in ../user_source/hdl_source/include/sdr_as_ram.enc.v(45)
HDL-1007 : analyze verilog file ../user_source/hdl_source/include/sdr_init_ref.enc.v
HDL-1007 : analyze included file ../user_source/hdl_source/include/global_def.v in ../user_source/hdl_source/include/sdr_init_ref.enc.v(11)
HDL-1007 : back to file '../user_source/hdl_source/include/sdr_init_ref.enc.v' in ../user_source/hdl_source/include/sdr_init_ref.enc.v(11)
HDL-1007 : undeclared symbol '**', assumed default net type '**' in ../user_source/hdl_source/include/sdr_init_ref.enc.v(57)
HDL-1007 : back to file '../user_source/hdl_source/include/sdr_init_ref.enc.v' in ../user_source/hdl_source/include/sdr_init_ref.enc.v(149)
HDL-5007 WARNING: concatenation with an unsized literal will be treated as 32 bits in ../user_source/hdl_source/include/sdr_init_ref.enc.v(47)
HDL-1007 : analyze verilog file ../user_source/hdl_source/include/sdr_wrrd.enc.v
HDL-5007 WARNING: concatenation with an unsized literal will be treated as 32 bits in ../user_source/hdl_source/include/sdr_wrrd.enc.v(283)
HDL-1007 : back to file '../user_source/hdl_source/include/sdr_wrrd.enc.v' in ../user_source/hdl_source/include/sdr_wrrd.enc.v(19)
HDL-1007 : analyze verilog file ../user_source/hdl_source/hdmi_audio_tone_pcm_scale.v
RUN-1002 : start command "commit_param -step design"
RUN-1001 : Print Global Property
RUN-1001 : --------------------------------------------------------
RUN-1001 :   Parameters   |  Settings  |  Default Values  |  Note  
RUN-1001 : --------------------------------------------------------
RUN-1001 :   enable_seed  |    off     |       off        |        
RUN-1001 :     message    |  standard  |     standard     |        
RUN-1001 :   qor_monitor  |     on     |        on        |        
RUN-1001 :   syn_ip_flow  |    off     |       off        |        
RUN-1001 :     thread     |    auto    |       auto       |        
RUN-1001 : --------------------------------------------------------
RUN-1001 : Print Design Property
RUN-1001 : ----------------------------------------------------------------
RUN-1001 :       Parameters       |  Settings  |  Default Values  |  Note  
RUN-1001 : ----------------------------------------------------------------
RUN-1001 :   default_reg_initial  |    auto    |       auto       |        
RUN-1001 :    hdl_warning_level   |   normal   |      normal      |        
RUN-1001 : ----------------------------------------------------------------
HDL-1007 : analyze verilog file ../user_source/hdl_source/ip/afifo_16_32_256.v
HDL-1007 : analyze verilog file ../user_source/hdl_source/ip/afifo_32_16_256.v
HDL-1007 : analyze verilog file ../user_source/hdl_source/ip/sys_pll.v
HDL-1007 : undeclared symbol 'open', assumed default net type 'wire' in ../user_source/hdl_source/ip/sys_pll.v(77)
HDL-1007 : analyze verilog file ../user_source/hdl_source/ip/video_pll.v
HDL-1007 : undeclared symbol 'open', assumed default net type 'wire' in ../user_source/hdl_source/ip/video_pll.v(70)
HDL-1007 : analyze verilog file al_ip/AUDIO_SAMPLE_ROM.v
HDL-1007 : analyze verilog file al_ip/PLL.v
HDL-1007 : undeclared symbol 'PLL_open0', assumed default net type 'wire' in al_ip/PLL.v(78)
HDL-1007 : undeclared symbol 'PLL_open8', assumed default net type 'wire' in al_ip/PLL.v(84)
HDL-1007 : undeclared symbol 'PLL_open7', assumed default net type 'wire' in al_ip/PLL.v(84)
HDL-1007 : undeclared symbol 'PLL_open6', assumed default net type 'wire' in al_ip/PLL.v(84)
HDL-1007 : undeclared symbol 'PLL_open5', assumed default net type 'wire' in al_ip/PLL.v(84)
HDL-1007 : undeclared symbol 'PLL_open4', assumed default net type 'wire' in al_ip/PLL.v(84)
HDL-1007 : undeclared symbol 'PLL_open3', assumed default net type 'wire' in al_ip/PLL.v(84)
HDL-1007 : undeclared symbol 'PLL_open2', assumed default net type 'wire' in al_ip/PLL.v(84)
HDL-1007 : undeclared symbol 'PLL_open1', assumed default net type 'wire' in al_ip/PLL.v(84)
HDL-1007 : undeclared symbol 'PLL_open11', assumed default net type 'wire' in al_ip/PLL.v(86)
HDL-1007 : undeclared symbol 'PLL_open10', assumed default net type 'wire' in al_ip/PLL.v(86)
HDL-1007 : undeclared symbol 'PLL_open9', assumed default net type 'wire' in al_ip/PLL.v(86)
HDL-1007 : analyze verilog file al_ip/PLL_HDMI_AUDIO.v
HDL-1007 : undeclared symbol 'PLL_HDMI_AUDIO_open0', assumed default net type 'wire' in al_ip/PLL_HDMI_AUDIO.v(85)
HDL-1007 : undeclared symbol 'PLL_HDMI_AUDIO_open8', assumed default net type 'wire' in al_ip/PLL_HDMI_AUDIO.v(91)
HDL-1007 : undeclared symbol 'PLL_HDMI_AUDIO_open7', assumed default net type 'wire' in al_ip/PLL_HDMI_AUDIO.v(91)
HDL-1007 : undeclared symbol 'PLL_HDMI_AUDIO_open6', assumed default net type 'wire' in al_ip/PLL_HDMI_AUDIO.v(91)
HDL-1007 : undeclared symbol 'PLL_HDMI_AUDIO_open5', assumed default net type 'wire' in al_ip/PLL_HDMI_AUDIO.v(91)
HDL-1007 : undeclared symbol 'PLL_HDMI_AUDIO_open4', assumed default net type 'wire' in al_ip/PLL_HDMI_AUDIO.v(91)
HDL-1007 : undeclared symbol 'PLL_HDMI_AUDIO_open3', assumed default net type 'wire' in al_ip/PLL_HDMI_AUDIO.v(91)
HDL-1007 : undeclared symbol 'PLL_HDMI_AUDIO_open2', assumed default net type 'wire' in al_ip/PLL_HDMI_AUDIO.v(91)
HDL-1007 : undeclared symbol 'PLL_HDMI_AUDIO_open1', assumed default net type 'wire' in al_ip/PLL_HDMI_AUDIO.v(91)
HDL-1007 : undeclared symbol 'PLL_HDMI_AUDIO_open10', assumed default net type 'wire' in al_ip/PLL_HDMI_AUDIO.v(93)
HDL-1007 : undeclared symbol 'PLL_HDMI_AUDIO_open9', assumed default net type 'wire' in al_ip/PLL_HDMI_AUDIO.v(93)
HDL-1007 : analyze verilog file ../user_source/hdl_source/video_source_test.v
HDL-1007 : analyze verilog file ../user_source/hdl_source/key_remove_shakes.v
HDL-1007 : analyze verilog file ../user_source/hdl_source/I2S_receiver.v
HDL-1007 : analyze verilog file ../user_source/hdl_source/audio_arc_calculate.v
HDL-1007 : analyze verilog file ../user_source/hdl_source/hdmi_phy_warpper.v
HDL-1007 : analyze verilog file ../user_source/hdl_source/lane_lvds_10_1.v
HDL-1007 : analyze verilog file ../user_source/hdl_source/hdmi1.4b_transmitter_core/hdmi_1_4b_transmitter_core_wrapper.enc.v
HDL-1007 : undeclared symbol '**', assumed default net type '**' in ../user_source/hdl_source/hdmi1.4b_transmitter_core/hdmi_1_4b_transmitter_core_wrapper.enc.v(2614)
HDL-1007 : undeclared symbol '**', assumed default net type '**' in ../user_source/hdl_source/hdmi1.4b_transmitter_core/hdmi_1_4b_transmitter_core_wrapper.enc.v(2716)
HDL-1007 : undeclared symbol '**', assumed default net type '**' in ../user_source/hdl_source/hdmi1.4b_transmitter_core/hdmi_1_4b_transmitter_core_wrapper.enc.v(2724)
HDL-1007 : undeclared symbol '**', assumed default net type '**' in ../user_source/hdl_source/hdmi1.4b_transmitter_core/hdmi_1_4b_transmitter_core_wrapper.enc.v(4936)
HDL-1007 : undeclared symbol '**', assumed default net type '**' in ../user_source/hdl_source/hdmi1.4b_transmitter_core/hdmi_1_4b_transmitter_core_wrapper.enc.v(5989)
HDL-1007 : back to file '../user_source/hdl_source/hdmi1.4b_transmitter_core/hdmi_1_4b_transmitter_core_wrapper.enc.v' in ../user_source/hdl_source/hdmi1.4b_transmitter_core/hdmi_1_4b_transmitter_core_wrapper.enc.v(77)
HDL-1007 : analyze verilog file ../user_source/hdl_source/test/i2s_test_tone_gen_pll.v
HDL-1007 : analyze verilog file ../user_source/hdl_source/rom/i2s_rom_player_single_pll_fix64_rom_ip.v
HDL-1007 : analyze verilog file ../user_source/hdl_source/top_tf_hdmi_audio.v
HDL-1007 : analyze verilog file ../user_source/hdl_source/SD/ax_debounce.v
HDL-1007 : analyze verilog file ../user_source/hdl_source/SD/bmp_read.v
HDL-1007 : analyze verilog file ../user_source/hdl_source/SD/color_bar.v
HDL-1007 : analyze included file ../user_source/hdl_source/SD/video_define.v in ../user_source/hdl_source/SD/color_bar.v(2)
HDL-1007 : back to file '../user_source/hdl_source/SD/color_bar.v' in ../user_source/hdl_source/SD/color_bar.v(2)
HDL-1007 : analyze verilog file ../user_source/hdl_source/SD/frame_fifo_read.v
HDL-1007 : analyze verilog file ../user_source/hdl_source/SD/frame_fifo_write.v
HDL-1007 : analyze verilog file ../user_source/hdl_source/SD/frame_read_write.v
HDL-1007 : analyze verilog file ../user_source/hdl_source/SD/sd_card_bmp.v
HDL-1007 : analyze verilog file ../user_source/hdl_source/SD/seg_decoder.v
HDL-1007 : analyze verilog file ../user_source/hdl_source/SD/seg_scan.v
HDL-1007 : analyze verilog file ../user_source/hdl_source/SD/video_delay.v
HDL-1007 : analyze verilog file ../user_source/hdl_source/SD/video_timing_data.v
HDL-1007 : analyze verilog file ../user_source/hdl_source/hdmi_audio_tone_i2s_64fs.v
HDL-1007 : analyze verilog file ../user_source/hdl_source/startup_pulse.v
HDL-1007 : analyze verilog file ../user_source/hdl_source/video_rgb_to_axis_640x480.v
HDL-1007 : analyze verilog file ../user_source/hdl_source/SD/sd_card_cmd.v
HDL-1007 : analyze verilog file ../user_source/hdl_source/SD/sd_card_sec_read_write.v
HDL-1007 : analyze verilog file ../user_source/hdl_source/SD/sd_card_top.v
HDL-1007 : analyze verilog file ../user_source/hdl_source/SD/spi_master.v
HDL-1007 : analyze verilog file ../user_source/hdl_source/SD/sdram.v
HDL-1007 : analyze included file ../user_source/hdl_source/include/global_def.v in ../user_source/hdl_source/SD/sdram.v(10)
HDL-1007 : back to file '../user_source/hdl_source/SD/sdram.v' in ../user_source/hdl_source/SD/sdram.v(10)
HDL-1007 : undeclared symbol 'SDR_CKE', assumed default net type 'wire' in ../user_source/hdl_source/SD/sdram.v(89)
HDL-1007 : analyze verilog file ../user_source/hdl_source/include/sdr_as_ram.enc.v
HDL-1007 : analyze included file ../user_source/hdl_source/include/global_def.v in ../user_source/hdl_source/include/sdr_as_ram.enc.v(10)
HDL-1007 : back to file '../user_source/hdl_source/include/sdr_as_ram.enc.v' in ../user_source/hdl_source/include/sdr_as_ram.enc.v(10)
HDL-1007 : back to file '../user_source/hdl_source/include/sdr_as_ram.enc.v' in ../user_source/hdl_source/include/sdr_as_ram.enc.v(45)
HDL-1007 : analyze verilog file ../user_source/hdl_source/include/sdr_init_ref.enc.v
HDL-1007 : analyze included file ../user_source/hdl_source/include/global_def.v in ../user_source/hdl_source/include/sdr_init_ref.enc.v(11)
HDL-1007 : back to file '../user_source/hdl_source/include/sdr_init_ref.enc.v' in ../user_source/hdl_source/include/sdr_init_ref.enc.v(11)
HDL-1007 : undeclared symbol '**', assumed default net type '**' in ../user_source/hdl_source/include/sdr_init_ref.enc.v(57)
HDL-1007 : back to file '../user_source/hdl_source/include/sdr_init_ref.enc.v' in ../user_source/hdl_source/include/sdr_init_ref.enc.v(149)
HDL-5007 WARNING: concatenation with an unsized literal will be treated as 32 bits in ../user_source/hdl_source/include/sdr_init_ref.enc.v(47)
HDL-1007 : analyze verilog file ../user_source/hdl_source/include/sdr_wrrd.enc.v
HDL-5007 WARNING: concatenation with an unsized literal will be treated as 32 bits in ../user_source/hdl_source/include/sdr_wrrd.enc.v(283)
HDL-1007 : back to file '../user_source/hdl_source/include/sdr_wrrd.enc.v' in ../user_source/hdl_source/include/sdr_wrrd.enc.v(19)
HDL-1007 : analyze verilog file ../user_source/hdl_source/hdmi_audio_tone_pcm_scale.v
RUN-1002 : start command "commit_param -step design"
RUN-1001 : Print Global Property
RUN-1001 : --------------------------------------------------------
RUN-1001 :   Parameters   |  Settings  |  Default Values  |  Note  
RUN-1001 : --------------------------------------------------------
RUN-1001 :   enable_seed  |    off     |       off        |        
RUN-1001 :     message    |  standard  |     standard     |        
RUN-1001 :   qor_monitor  |     on     |        on        |        
RUN-1001 :   syn_ip_flow  |    off     |       off        |        
RUN-1001 :     thread     |    auto    |       auto       |        
RUN-1001 : --------------------------------------------------------
RUN-1001 : Print Design Property
RUN-1001 : ----------------------------------------------------------------
RUN-1001 :       Parameters       |  Settings  |  Default Values  |  Note  
RUN-1001 : ----------------------------------------------------------------
RUN-1001 :   default_reg_initial  |    auto    |       auto       |        
RUN-1001 :    hdl_warning_level   |   normal   |      normal      |        
RUN-1001 : ----------------------------------------------------------------
HDL-1007 : analyze verilog file ../user_source/hdl_source/ip/afifo_16_32_256.v
HDL-1007 : analyze verilog file ../user_source/hdl_source/ip/afifo_32_16_256.v
HDL-1007 : analyze verilog file ../user_source/hdl_source/ip/sys_pll.v
HDL-1007 : undeclared symbol 'open', assumed default net type 'wire' in ../user_source/hdl_source/ip/sys_pll.v(77)
HDL-1007 : analyze verilog file ../user_source/hdl_source/ip/video_pll.v
HDL-1007 : undeclared symbol 'open', assumed default net type 'wire' in ../user_source/hdl_source/ip/video_pll.v(70)
HDL-1007 : analyze verilog file al_ip/AUDIO_SAMPLE_ROM.v
HDL-1007 : analyze verilog file al_ip/PLL.v
HDL-1007 : undeclared symbol 'PLL_open0', assumed default net type 'wire' in al_ip/PLL.v(78)
HDL-1007 : undeclared symbol 'PLL_open8', assumed default net type 'wire' in al_ip/PLL.v(84)
HDL-1007 : undeclared symbol 'PLL_open7', assumed default net type 'wire' in al_ip/PLL.v(84)
HDL-1007 : undeclared symbol 'PLL_open6', assumed default net type 'wire' in al_ip/PLL.v(84)
HDL-1007 : undeclared symbol 'PLL_open5', assumed default net type 'wire' in al_ip/PLL.v(84)
HDL-1007 : undeclared symbol 'PLL_open4', assumed default net type 'wire' in al_ip/PLL.v(84)
HDL-1007 : undeclared symbol 'PLL_open3', assumed default net type 'wire' in al_ip/PLL.v(84)
HDL-1007 : undeclared symbol 'PLL_open2', assumed default net type 'wire' in al_ip/PLL.v(84)
HDL-1007 : undeclared symbol 'PLL_open1', assumed default net type 'wire' in al_ip/PLL.v(84)
HDL-1007 : undeclared symbol 'PLL_open11', assumed default net type 'wire' in al_ip/PLL.v(86)
HDL-1007 : undeclared symbol 'PLL_open10', assumed default net type 'wire' in al_ip/PLL.v(86)
HDL-1007 : undeclared symbol 'PLL_open9', assumed default net type 'wire' in al_ip/PLL.v(86)
HDL-1007 : analyze verilog file al_ip/PLL_HDMI_AUDIO.v
HDL-1007 : undeclared symbol 'PLL_HDMI_AUDIO_open0', assumed default net type 'wire' in al_ip/PLL_HDMI_AUDIO.v(85)
HDL-1007 : undeclared symbol 'PLL_HDMI_AUDIO_open8', assumed default net type 'wire' in al_ip/PLL_HDMI_AUDIO.v(91)
HDL-1007 : undeclared symbol 'PLL_HDMI_AUDIO_open7', assumed default net type 'wire' in al_ip/PLL_HDMI_AUDIO.v(91)
HDL-1007 : undeclared symbol 'PLL_HDMI_AUDIO_open6', assumed default net type 'wire' in al_ip/PLL_HDMI_AUDIO.v(91)
HDL-1007 : undeclared symbol 'PLL_HDMI_AUDIO_open5', assumed default net type 'wire' in al_ip/PLL_HDMI_AUDIO.v(91)
HDL-1007 : undeclared symbol 'PLL_HDMI_AUDIO_open4', assumed default net type 'wire' in al_ip/PLL_HDMI_AUDIO.v(91)
HDL-1007 : undeclared symbol 'PLL_HDMI_AUDIO_open3', assumed default net type 'wire' in al_ip/PLL_HDMI_AUDIO.v(91)
HDL-1007 : undeclared symbol 'PLL_HDMI_AUDIO_open2', assumed default net type 'wire' in al_ip/PLL_HDMI_AUDIO.v(91)
HDL-1007 : undeclared symbol 'PLL_HDMI_AUDIO_open1', assumed default net type 'wire' in al_ip/PLL_HDMI_AUDIO.v(91)
HDL-1007 : undeclared symbol 'PLL_HDMI_AUDIO_open10', assumed default net type 'wire' in al_ip/PLL_HDMI_AUDIO.v(93)
HDL-1007 : undeclared symbol 'PLL_HDMI_AUDIO_open9', assumed default net type 'wire' in al_ip/PLL_HDMI_AUDIO.v(93)
HDL-1007 : analyze verilog file ../user_source/hdl_source/video_source_test.v
HDL-1007 : analyze verilog file ../user_source/hdl_source/key_remove_shakes.v
HDL-1007 : analyze verilog file ../user_source/hdl_source/I2S_receiver.v
HDL-1007 : analyze verilog file ../user_source/hdl_source/audio_arc_calculate.v
HDL-1007 : analyze verilog file ../user_source/hdl_source/hdmi_phy_warpper.v
HDL-1007 : analyze verilog file ../user_source/hdl_source/lane_lvds_10_1.v
HDL-1007 : analyze verilog file ../user_source/hdl_source/hdmi1.4b_transmitter_core/hdmi_1_4b_transmitter_core_wrapper.enc.v
HDL-1007 : undeclared symbol '**', assumed default net type '**' in ../user_source/hdl_source/hdmi1.4b_transmitter_core/hdmi_1_4b_transmitter_core_wrapper.enc.v(2614)
HDL-1007 : undeclared symbol '**', assumed default net type '**' in ../user_source/hdl_source/hdmi1.4b_transmitter_core/hdmi_1_4b_transmitter_core_wrapper.enc.v(2716)
HDL-1007 : undeclared symbol '**', assumed default net type '**' in ../user_source/hdl_source/hdmi1.4b_transmitter_core/hdmi_1_4b_transmitter_core_wrapper.enc.v(2724)
HDL-1007 : undeclared symbol '**', assumed default net type '**' in ../user_source/hdl_source/hdmi1.4b_transmitter_core/hdmi_1_4b_transmitter_core_wrapper.enc.v(4936)
HDL-1007 : undeclared symbol '**', assumed default net type '**' in ../user_source/hdl_source/hdmi1.4b_transmitter_core/hdmi_1_4b_transmitter_core_wrapper.enc.v(5989)
HDL-1007 : back to file '../user_source/hdl_source/hdmi1.4b_transmitter_core/hdmi_1_4b_transmitter_core_wrapper.enc.v' in ../user_source/hdl_source/hdmi1.4b_transmitter_core/hdmi_1_4b_transmitter_core_wrapper.enc.v(77)
HDL-1007 : analyze verilog file ../user_source/hdl_source/test/i2s_test_tone_gen_pll.v
HDL-1007 : analyze verilog file ../user_source/hdl_source/rom/i2s_rom_player_single_pll_fix64_rom_ip.v
HDL-1007 : analyze verilog file ../user_source/hdl_source/top_tf_hdmi_audio.v
HDL-1007 : analyze verilog file ../user_source/hdl_source/SD/ax_debounce.v
HDL-1007 : analyze verilog file ../user_source/hdl_source/SD/bmp_read.v
HDL-1007 : analyze verilog file ../user_source/hdl_source/SD/color_bar.v
HDL-1007 : analyze included file ../user_source/hdl_source/SD/video_define.v in ../user_source/hdl_source/SD/color_bar.v(2)
HDL-1007 : back to file '../user_source/hdl_source/SD/color_bar.v' in ../user_source/hdl_source/SD/color_bar.v(2)
HDL-1007 : analyze verilog file ../user_source/hdl_source/SD/frame_fifo_read.v
HDL-1007 : analyze verilog file ../user_source/hdl_source/SD/frame_fifo_write.v
HDL-1007 : analyze verilog file ../user_source/hdl_source/SD/frame_read_write.v
HDL-1007 : analyze verilog file ../user_source/hdl_source/SD/sd_card_bmp.v
HDL-1007 : analyze verilog file ../user_source/hdl_source/SD/seg_decoder.v
HDL-1007 : analyze verilog file ../user_source/hdl_source/SD/seg_scan.v
HDL-1007 : analyze verilog file ../user_source/hdl_source/SD/video_delay.v
HDL-1007 : analyze verilog file ../user_source/hdl_source/SD/video_timing_data.v
HDL-1007 : analyze verilog file ../user_source/hdl_source/hdmi_audio_tone_i2s_64fs.v
HDL-1007 : analyze verilog file ../user_source/hdl_source/startup_pulse.v
HDL-1007 : analyze verilog file ../user_source/hdl_source/video_rgb_to_axis_640x480.v
HDL-1007 : analyze verilog file ../user_source/hdl_source/SD/sd_card_cmd.v
HDL-1007 : analyze verilog file ../user_source/hdl_source/SD/sd_card_sec_read_write.v
HDL-1007 : analyze verilog file ../user_source/hdl_source/SD/sd_card_top.v
HDL-1007 : analyze verilog file ../user_source/hdl_source/SD/spi_master.v
HDL-1007 : analyze verilog file ../user_source/hdl_source/SD/sdram.v
HDL-1007 : analyze included file ../user_source/hdl_source/include/global_def.v in ../user_source/hdl_source/SD/sdram.v(10)
HDL-1007 : back to file '../user_source/hdl_source/SD/sdram.v' in ../user_source/hdl_source/SD/sdram.v(10)
HDL-1007 : undeclared symbol 'SDR_CKE', assumed default net type 'wire' in ../user_source/hdl_source/SD/sdram.v(89)
HDL-1007 : analyze verilog file ../user_source/hdl_source/include/sdr_as_ram.enc.v
HDL-1007 : analyze included file ../user_source/hdl_source/include/global_def.v in ../user_source/hdl_source/include/sdr_as_ram.enc.v(10)
HDL-1007 : back to file '../user_source/hdl_source/include/sdr_as_ram.enc.v' in ../user_source/hdl_source/include/sdr_as_ram.enc.v(10)
HDL-1007 : back to file '../user_source/hdl_source/include/sdr_as_ram.enc.v' in ../user_source/hdl_source/include/sdr_as_ram.enc.v(45)
HDL-1007 : analyze verilog file ../user_source/hdl_source/include/sdr_init_ref.enc.v
HDL-1007 : analyze included file ../user_source/hdl_source/include/global_def.v in ../user_source/hdl_source/include/sdr_init_ref.enc.v(11)
HDL-1007 : back to file '../user_source/hdl_source/include/sdr_init_ref.enc.v' in ../user_source/hdl_source/include/sdr_init_ref.enc.v(11)
HDL-1007 : undeclared symbol '**', assumed default net type '**' in ../user_source/hdl_source/include/sdr_init_ref.enc.v(57)
HDL-1007 : back to file '../user_source/hdl_source/include/sdr_init_ref.enc.v' in ../user_source/hdl_source/include/sdr_init_ref.enc.v(149)
HDL-5007 WARNING: concatenation with an unsized literal will be treated as 32 bits in ../user_source/hdl_source/include/sdr_init_ref.enc.v(47)
HDL-1007 : analyze verilog file ../user_source/hdl_source/include/sdr_wrrd.enc.v
HDL-5007 WARNING: concatenation with an unsized literal will be treated as 32 bits in ../user_source/hdl_source/include/sdr_wrrd.enc.v(283)
HDL-1007 : back to file '../user_source/hdl_source/include/sdr_wrrd.enc.v' in ../user_source/hdl_source/include/sdr_wrrd.enc.v(19)
HDL-1007 : analyze verilog file ../user_source/hdl_source/hdmi_audio_tone_pcm_scale.v
RUN-1002 : start command "commit_param -step design"
RUN-1001 : Print Global Property
RUN-1001 : --------------------------------------------------------
RUN-1001 :   Parameters   |  Settings  |  Default Values  |  Note  
RUN-1001 : --------------------------------------------------------
RUN-1001 :   enable_seed  |    off     |       off        |        
RUN-1001 :     message    |  standard  |     standard     |        
RUN-1001 :   qor_monitor  |     on     |        on        |        
RUN-1001 :   syn_ip_flow  |    off     |       off        |        
RUN-1001 :     thread     |    auto    |       auto       |        
RUN-1001 : --------------------------------------------------------
RUN-1001 : Print Design Property
RUN-1001 : ----------------------------------------------------------------
RUN-1001 :       Parameters       |  Settings  |  Default Values  |  Note  
RUN-1001 : ----------------------------------------------------------------
RUN-1001 :   default_reg_initial  |    auto    |       auto       |        
RUN-1001 :    hdl_warning_level   |   normal   |      normal      |        
RUN-1001 : ----------------------------------------------------------------
HDL-1007 : analyze verilog file ../user_source/hdl_source/ip/afifo_16_32_256.v
HDL-1007 : analyze verilog file ../user_source/hdl_source/ip/afifo_32_16_256.v
HDL-1007 : analyze verilog file ../user_source/hdl_source/ip/sys_pll.v
HDL-1007 : undeclared symbol 'open', assumed default net type 'wire' in ../user_source/hdl_source/ip/sys_pll.v(77)
HDL-1007 : analyze verilog file ../user_source/hdl_source/ip/video_pll.v
HDL-1007 : undeclared symbol 'open', assumed default net type 'wire' in ../user_source/hdl_source/ip/video_pll.v(70)
HDL-1007 : analyze verilog file al_ip/AUDIO_SAMPLE_ROM.v
HDL-1007 : analyze verilog file al_ip/PLL.v
HDL-1007 : undeclared symbol 'PLL_open0', assumed default net type 'wire' in al_ip/PLL.v(78)
HDL-1007 : undeclared symbol 'PLL_open8', assumed default net type 'wire' in al_ip/PLL.v(84)
HDL-1007 : undeclared symbol 'PLL_open7', assumed default net type 'wire' in al_ip/PLL.v(84)
HDL-1007 : undeclared symbol 'PLL_open6', assumed default net type 'wire' in al_ip/PLL.v(84)
HDL-1007 : undeclared symbol 'PLL_open5', assumed default net type 'wire' in al_ip/PLL.v(84)
HDL-1007 : undeclared symbol 'PLL_open4', assumed default net type 'wire' in al_ip/PLL.v(84)
HDL-1007 : undeclared symbol 'PLL_open3', assumed default net type 'wire' in al_ip/PLL.v(84)
HDL-1007 : undeclared symbol 'PLL_open2', assumed default net type 'wire' in al_ip/PLL.v(84)
HDL-1007 : undeclared symbol 'PLL_open1', assumed default net type 'wire' in al_ip/PLL.v(84)
HDL-1007 : undeclared symbol 'PLL_open11', assumed default net type 'wire' in al_ip/PLL.v(86)
HDL-1007 : undeclared symbol 'PLL_open10', assumed default net type 'wire' in al_ip/PLL.v(86)
HDL-1007 : undeclared symbol 'PLL_open9', assumed default net type 'wire' in al_ip/PLL.v(86)
HDL-1007 : analyze verilog file al_ip/PLL_HDMI_AUDIO.v
HDL-1007 : undeclared symbol 'PLL_HDMI_AUDIO_open0', assumed default net type 'wire' in al_ip/PLL_HDMI_AUDIO.v(85)
HDL-1007 : undeclared symbol 'PLL_HDMI_AUDIO_open8', assumed default net type 'wire' in al_ip/PLL_HDMI_AUDIO.v(91)
HDL-1007 : undeclared symbol 'PLL_HDMI_AUDIO_open7', assumed default net type 'wire' in al_ip/PLL_HDMI_AUDIO.v(91)
HDL-1007 : undeclared symbol 'PLL_HDMI_AUDIO_open6', assumed default net type 'wire' in al_ip/PLL_HDMI_AUDIO.v(91)
HDL-1007 : undeclared symbol 'PLL_HDMI_AUDIO_open5', assumed default net type 'wire' in al_ip/PLL_HDMI_AUDIO.v(91)
HDL-1007 : undeclared symbol 'PLL_HDMI_AUDIO_open4', assumed default net type 'wire' in al_ip/PLL_HDMI_AUDIO.v(91)
HDL-1007 : undeclared symbol 'PLL_HDMI_AUDIO_open3', assumed default net type 'wire' in al_ip/PLL_HDMI_AUDIO.v(91)
HDL-1007 : undeclared symbol 'PLL_HDMI_AUDIO_open2', assumed default net type 'wire' in al_ip/PLL_HDMI_AUDIO.v(91)
HDL-1007 : undeclared symbol 'PLL_HDMI_AUDIO_open1', assumed default net type 'wire' in al_ip/PLL_HDMI_AUDIO.v(91)
HDL-1007 : undeclared symbol 'PLL_HDMI_AUDIO_open10', assumed default net type 'wire' in al_ip/PLL_HDMI_AUDIO.v(93)
HDL-1007 : undeclared symbol 'PLL_HDMI_AUDIO_open9', assumed default net type 'wire' in al_ip/PLL_HDMI_AUDIO.v(93)
HDL-1007 : analyze verilog file ../user_source/hdl_source/video_source_test.v
HDL-1007 : analyze verilog file ../user_source/hdl_source/key_remove_shakes.v
HDL-1007 : analyze verilog file ../user_source/hdl_source/I2S_receiver.v
HDL-1007 : analyze verilog file ../user_source/hdl_source/audio_arc_calculate.v
HDL-1007 : analyze verilog file ../user_source/hdl_source/hdmi_phy_warpper.v
HDL-1007 : analyze verilog file ../user_source/hdl_source/lane_lvds_10_1.v
HDL-1007 : analyze verilog file ../user_source/hdl_source/hdmi1.4b_transmitter_core/hdmi_1_4b_transmitter_core_wrapper.enc.v
HDL-1007 : undeclared symbol '**', assumed default net type '**' in ../user_source/hdl_source/hdmi1.4b_transmitter_core/hdmi_1_4b_transmitter_core_wrapper.enc.v(2614)
HDL-1007 : undeclared symbol '**', assumed default net type '**' in ../user_source/hdl_source/hdmi1.4b_transmitter_core/hdmi_1_4b_transmitter_core_wrapper.enc.v(2716)
HDL-1007 : undeclared symbol '**', assumed default net type '**' in ../user_source/hdl_source/hdmi1.4b_transmitter_core/hdmi_1_4b_transmitter_core_wrapper.enc.v(2724)
HDL-1007 : undeclared symbol '**', assumed default net type '**' in ../user_source/hdl_source/hdmi1.4b_transmitter_core/hdmi_1_4b_transmitter_core_wrapper.enc.v(4936)
HDL-1007 : undeclared symbol '**', assumed default net type '**' in ../user_source/hdl_source/hdmi1.4b_transmitter_core/hdmi_1_4b_transmitter_core_wrapper.enc.v(5989)
HDL-1007 : back to file '../user_source/hdl_source/hdmi1.4b_transmitter_core/hdmi_1_4b_transmitter_core_wrapper.enc.v' in ../user_source/hdl_source/hdmi1.4b_transmitter_core/hdmi_1_4b_transmitter_core_wrapper.enc.v(77)
HDL-1007 : analyze verilog file ../user_source/hdl_source/test/i2s_test_tone_gen_pll.v
HDL-1007 : analyze verilog file ../user_source/hdl_source/rom/i2s_rom_player_single_pll_fix64_rom_ip.v
HDL-1007 : analyze verilog file ../user_source/hdl_source/top_tf_hdmi_audio.v
HDL-1007 : analyze verilog file ../user_source/hdl_source/SD/ax_debounce.v
HDL-1007 : analyze verilog file ../user_source/hdl_source/SD/bmp_read.v
HDL-1007 : analyze verilog file ../user_source/hdl_source/SD/color_bar.v
HDL-1007 : analyze included file ../user_source/hdl_source/SD/video_define.v in ../user_source/hdl_source/SD/color_bar.v(2)
HDL-1007 : back to file '../user_source/hdl_source/SD/color_bar.v' in ../user_source/hdl_source/SD/color_bar.v(2)
HDL-1007 : analyze verilog file ../user_source/hdl_source/SD/frame_fifo_read.v
HDL-1007 : analyze verilog file ../user_source/hdl_source/SD/frame_fifo_write.v
HDL-1007 : analyze verilog file ../user_source/hdl_source/SD/frame_read_write.v
HDL-1007 : analyze verilog file ../user_source/hdl_source/SD/sd_card_bmp.v
HDL-1007 : analyze verilog file ../user_source/hdl_source/SD/seg_decoder.v
HDL-1007 : analyze verilog file ../user_source/hdl_source/SD/seg_scan.v
HDL-1007 : analyze verilog file ../user_source/hdl_source/SD/video_delay.v
HDL-1007 : analyze verilog file ../user_source/hdl_source/SD/video_timing_data.v
HDL-1007 : analyze verilog file ../user_source/hdl_source/hdmi_audio_tone_i2s_64fs.v
HDL-1007 : analyze verilog file ../user_source/hdl_source/startup_pulse.v
HDL-1007 : analyze verilog file ../user_source/hdl_source/video_rgb_to_axis_640x480.v
HDL-1007 : analyze verilog file ../user_source/hdl_source/SD/sd_card_cmd.v
HDL-1007 : analyze verilog file ../user_source/hdl_source/SD/sd_card_sec_read_write.v
HDL-1007 : analyze verilog file ../user_source/hdl_source/SD/sd_card_top.v
HDL-1007 : analyze verilog file ../user_source/hdl_source/SD/spi_master.v
HDL-1007 : analyze verilog file ../user_source/hdl_source/SD/sdram.v
HDL-1007 : analyze included file ../user_source/hdl_source/include/global_def.v in ../user_source/hdl_source/SD/sdram.v(10)
HDL-1007 : back to file '../user_source/hdl_source/SD/sdram.v' in ../user_source/hdl_source/SD/sdram.v(10)
HDL-1007 : undeclared symbol 'SDR_CKE', assumed default net type 'wire' in ../user_source/hdl_source/SD/sdram.v(89)
HDL-1007 : analyze verilog file ../user_source/hdl_source/include/sdr_as_ram.enc.v
HDL-1007 : analyze included file ../user_source/hdl_source/include/global_def.v in ../user_source/hdl_source/include/sdr_as_ram.enc.v(10)
HDL-1007 : back to file '../user_source/hdl_source/include/sdr_as_ram.enc.v' in ../user_source/hdl_source/include/sdr_as_ram.enc.v(10)
HDL-1007 : back to file '../user_source/hdl_source/include/sdr_as_ram.enc.v' in ../user_source/hdl_source/include/sdr_as_ram.enc.v(45)
HDL-1007 : analyze verilog file ../user_source/hdl_source/include/sdr_init_ref.enc.v
HDL-1007 : analyze included file ../user_source/hdl_source/include/global_def.v in ../user_source/hdl_source/include/sdr_init_ref.enc.v(11)
HDL-1007 : back to file '../user_source/hdl_source/include/sdr_init_ref.enc.v' in ../user_source/hdl_source/include/sdr_init_ref.enc.v(11)
HDL-1007 : undeclared symbol '**', assumed default net type '**' in ../user_source/hdl_source/include/sdr_init_ref.enc.v(57)
HDL-1007 : back to file '../user_source/hdl_source/include/sdr_init_ref.enc.v' in ../user_source/hdl_source/include/sdr_init_ref.enc.v(149)
HDL-5007 WARNING: concatenation with an unsized literal will be treated as 32 bits in ../user_source/hdl_source/include/sdr_init_ref.enc.v(47)
HDL-1007 : analyze verilog file ../user_source/hdl_source/include/sdr_wrrd.enc.v
HDL-5007 WARNING: concatenation with an unsized literal will be treated as 32 bits in ../user_source/hdl_source/include/sdr_wrrd.enc.v(283)
HDL-1007 : back to file '../user_source/hdl_source/include/sdr_wrrd.enc.v' in ../user_source/hdl_source/include/sdr_wrrd.enc.v(19)
HDL-1007 : analyze verilog file ../user_source/hdl_source/hdmi_audio_tone_pcm_scale.v
HDL-8007 ERROR: module 'bmp_read' does not have a parameter named SCAN_STOP_AFTER_FIRST_GAP. Modify the design by referring to the parameter defined by the module, or contact customer service for help in ../user_source/hdl_source/SD/sd_card_bmp.v(299)
RUN-1002 : start command "commit_param -step design"
RUN-1001 : Print Global Property
RUN-1001 : --------------------------------------------------------
RUN-1001 :   Parameters   |  Settings  |  Default Values  |  Note  
RUN-1001 : --------------------------------------------------------
RUN-1001 :   enable_seed  |    off     |       off        |        
RUN-1001 :     message    |  standard  |     standard     |        
RUN-1001 :   qor_monitor  |     on     |        on        |        
RUN-1001 :   syn_ip_flow  |    off     |       off        |        
RUN-1001 :     thread     |    auto    |       auto       |        
RUN-1001 : --------------------------------------------------------
RUN-1001 : Print Design Property
RUN-1001 : ----------------------------------------------------------------
RUN-1001 :       Parameters       |  Settings  |  Default Values  |  Note  
RUN-1001 : ----------------------------------------------------------------
RUN-1001 :   default_reg_initial  |    auto    |       auto       |        
RUN-1001 :    hdl_warning_level   |   normal   |      normal      |        
RUN-1001 : ----------------------------------------------------------------
HDL-1007 : analyze verilog file ../user_source/hdl_source/ip/afifo_16_32_256.v
HDL-1007 : analyze verilog file ../user_source/hdl_source/ip/afifo_32_16_256.v
HDL-1007 : analyze verilog file ../user_source/hdl_source/ip/sys_pll.v
HDL-1007 : undeclared symbol 'open', assumed default net type 'wire' in ../user_source/hdl_source/ip/sys_pll.v(77)
HDL-1007 : analyze verilog file ../user_source/hdl_source/ip/video_pll.v
HDL-1007 : undeclared symbol 'open', assumed default net type 'wire' in ../user_source/hdl_source/ip/video_pll.v(70)
HDL-1007 : analyze verilog file al_ip/AUDIO_SAMPLE_ROM.v
HDL-1007 : analyze verilog file al_ip/PLL.v
HDL-1007 : undeclared symbol 'PLL_open0', assumed default net type 'wire' in al_ip/PLL.v(78)
HDL-1007 : undeclared symbol 'PLL_open8', assumed default net type 'wire' in al_ip/PLL.v(84)
HDL-1007 : undeclared symbol 'PLL_open7', assumed default net type 'wire' in al_ip/PLL.v(84)
HDL-1007 : undeclared symbol 'PLL_open6', assumed default net type 'wire' in al_ip/PLL.v(84)
HDL-1007 : undeclared symbol 'PLL_open5', assumed default net type 'wire' in al_ip/PLL.v(84)
HDL-1007 : undeclared symbol 'PLL_open4', assumed default net type 'wire' in al_ip/PLL.v(84)
HDL-1007 : undeclared symbol 'PLL_open3', assumed default net type 'wire' in al_ip/PLL.v(84)
HDL-1007 : undeclared symbol 'PLL_open2', assumed default net type 'wire' in al_ip/PLL.v(84)
HDL-1007 : undeclared symbol 'PLL_open1', assumed default net type 'wire' in al_ip/PLL.v(84)
HDL-1007 : undeclared symbol 'PLL_open11', assumed default net type 'wire' in al_ip/PLL.v(86)
HDL-1007 : undeclared symbol 'PLL_open10', assumed default net type 'wire' in al_ip/PLL.v(86)
HDL-1007 : undeclared symbol 'PLL_open9', assumed default net type 'wire' in al_ip/PLL.v(86)
HDL-1007 : analyze verilog file al_ip/PLL_HDMI_AUDIO.v
HDL-1007 : undeclared symbol 'PLL_HDMI_AUDIO_open0', assumed default net type 'wire' in al_ip/PLL_HDMI_AUDIO.v(85)
HDL-1007 : undeclared symbol 'PLL_HDMI_AUDIO_open8', assumed default net type 'wire' in al_ip/PLL_HDMI_AUDIO.v(91)
HDL-1007 : undeclared symbol 'PLL_HDMI_AUDIO_open7', assumed default net type 'wire' in al_ip/PLL_HDMI_AUDIO.v(91)
HDL-1007 : undeclared symbol 'PLL_HDMI_AUDIO_open6', assumed default net type 'wire' in al_ip/PLL_HDMI_AUDIO.v(91)
HDL-1007 : undeclared symbol 'PLL_HDMI_AUDIO_open5', assumed default net type 'wire' in al_ip/PLL_HDMI_AUDIO.v(91)
HDL-1007 : undeclared symbol 'PLL_HDMI_AUDIO_open4', assumed default net type 'wire' in al_ip/PLL_HDMI_AUDIO.v(91)
HDL-1007 : undeclared symbol 'PLL_HDMI_AUDIO_open3', assumed default net type 'wire' in al_ip/PLL_HDMI_AUDIO.v(91)
HDL-1007 : undeclared symbol 'PLL_HDMI_AUDIO_open2', assumed default net type 'wire' in al_ip/PLL_HDMI_AUDIO.v(91)
HDL-1007 : undeclared symbol 'PLL_HDMI_AUDIO_open1', assumed default net type 'wire' in al_ip/PLL_HDMI_AUDIO.v(91)
HDL-1007 : undeclared symbol 'PLL_HDMI_AUDIO_open10', assumed default net type 'wire' in al_ip/PLL_HDMI_AUDIO.v(93)
HDL-1007 : undeclared symbol 'PLL_HDMI_AUDIO_open9', assumed default net type 'wire' in al_ip/PLL_HDMI_AUDIO.v(93)
HDL-1007 : analyze verilog file ../user_source/hdl_source/video_source_test.v
HDL-1007 : analyze verilog file ../user_source/hdl_source/key_remove_shakes.v
HDL-1007 : analyze verilog file ../user_source/hdl_source/I2S_receiver.v
HDL-1007 : analyze verilog file ../user_source/hdl_source/audio_arc_calculate.v
HDL-1007 : analyze verilog file ../user_source/hdl_source/hdmi_phy_warpper.v
HDL-1007 : analyze verilog file ../user_source/hdl_source/lane_lvds_10_1.v
HDL-1007 : analyze verilog file ../user_source/hdl_source/hdmi1.4b_transmitter_core/hdmi_1_4b_transmitter_core_wrapper.enc.v
HDL-1007 : undeclared symbol '**', assumed default net type '**' in ../user_source/hdl_source/hdmi1.4b_transmitter_core/hdmi_1_4b_transmitter_core_wrapper.enc.v(2614)
HDL-1007 : undeclared symbol '**', assumed default net type '**' in ../user_source/hdl_source/hdmi1.4b_transmitter_core/hdmi_1_4b_transmitter_core_wrapper.enc.v(2716)
HDL-1007 : undeclared symbol '**', assumed default net type '**' in ../user_source/hdl_source/hdmi1.4b_transmitter_core/hdmi_1_4b_transmitter_core_wrapper.enc.v(2724)
HDL-1007 : undeclared symbol '**', assumed default net type '**' in ../user_source/hdl_source/hdmi1.4b_transmitter_core/hdmi_1_4b_transmitter_core_wrapper.enc.v(4936)
HDL-1007 : undeclared symbol '**', assumed default net type '**' in ../user_source/hdl_source/hdmi1.4b_transmitter_core/hdmi_1_4b_transmitter_core_wrapper.enc.v(5989)
HDL-1007 : back to file '../user_source/hdl_source/hdmi1.4b_transmitter_core/hdmi_1_4b_transmitter_core_wrapper.enc.v' in ../user_source/hdl_source/hdmi1.4b_transmitter_core/hdmi_1_4b_transmitter_core_wrapper.enc.v(77)
HDL-1007 : analyze verilog file ../user_source/hdl_source/test/i2s_test_tone_gen_pll.v
HDL-1007 : analyze verilog file ../user_source/hdl_source/rom/i2s_rom_player_single_pll_fix64_rom_ip.v
HDL-1007 : analyze verilog file ../user_source/hdl_source/top_tf_hdmi_audio.v
HDL-1007 : analyze verilog file ../user_source/hdl_source/SD/ax_debounce.v
HDL-1007 : analyze verilog file ../user_source/hdl_source/SD/bmp_read.v
HDL-1007 : analyze verilog file ../user_source/hdl_source/SD/color_bar.v
HDL-1007 : analyze included file ../user_source/hdl_source/SD/video_define.v in ../user_source/hdl_source/SD/color_bar.v(2)
HDL-1007 : back to file '../user_source/hdl_source/SD/color_bar.v' in ../user_source/hdl_source/SD/color_bar.v(2)
HDL-1007 : analyze verilog file ../user_source/hdl_source/SD/frame_fifo_read.v
HDL-1007 : analyze verilog file ../user_source/hdl_source/SD/frame_fifo_write.v
HDL-1007 : analyze verilog file ../user_source/hdl_source/SD/frame_read_write.v
HDL-1007 : analyze verilog file ../user_source/hdl_source/SD/sd_card_bmp.v
HDL-1007 : analyze verilog file ../user_source/hdl_source/SD/seg_decoder.v
HDL-1007 : analyze verilog file ../user_source/hdl_source/SD/seg_scan.v
HDL-1007 : analyze verilog file ../user_source/hdl_source/SD/video_delay.v
HDL-1007 : analyze verilog file ../user_source/hdl_source/SD/video_timing_data.v
HDL-1007 : analyze verilog file ../user_source/hdl_source/hdmi_audio_tone_i2s_64fs.v
HDL-1007 : analyze verilog file ../user_source/hdl_source/startup_pulse.v
HDL-1007 : analyze verilog file ../user_source/hdl_source/video_rgb_to_axis_640x480.v
HDL-1007 : analyze verilog file ../user_source/hdl_source/SD/sd_card_cmd.v
HDL-1007 : analyze verilog file ../user_source/hdl_source/SD/sd_card_sec_read_write.v
HDL-1007 : analyze verilog file ../user_source/hdl_source/SD/sd_card_top.v
HDL-1007 : analyze verilog file ../user_source/hdl_source/SD/spi_master.v
HDL-1007 : analyze verilog file ../user_source/hdl_source/SD/sdram.v
HDL-1007 : analyze included file ../user_source/hdl_source/include/global_def.v in ../user_source/hdl_source/SD/sdram.v(10)
HDL-1007 : back to file '../user_source/hdl_source/SD/sdram.v' in ../user_source/hdl_source/SD/sdram.v(10)
HDL-1007 : undeclared symbol 'SDR_CKE', assumed default net type 'wire' in ../user_source/hdl_source/SD/sdram.v(89)
HDL-1007 : analyze verilog file ../user_source/hdl_source/include/sdr_as_ram.enc.v
HDL-1007 : analyze included file ../user_source/hdl_source/include/global_def.v in ../user_source/hdl_source/include/sdr_as_ram.enc.v(10)
HDL-1007 : back to file '../user_source/hdl_source/include/sdr_as_ram.enc.v' in ../user_source/hdl_source/include/sdr_as_ram.enc.v(10)
HDL-1007 : back to file '../user_source/hdl_source/include/sdr_as_ram.enc.v' in ../user_source/hdl_source/include/sdr_as_ram.enc.v(45)
HDL-1007 : analyze verilog file ../user_source/hdl_source/include/sdr_init_ref.enc.v
HDL-1007 : analyze included file ../user_source/hdl_source/include/global_def.v in ../user_source/hdl_source/include/sdr_init_ref.enc.v(11)
HDL-1007 : back to file '../user_source/hdl_source/include/sdr_init_ref.enc.v' in ../user_source/hdl_source/include/sdr_init_ref.enc.v(11)
HDL-1007 : undeclared symbol '**', assumed default net type '**' in ../user_source/hdl_source/include/sdr_init_ref.enc.v(57)
HDL-1007 : back to file '../user_source/hdl_source/include/sdr_init_ref.enc.v' in ../user_source/hdl_source/include/sdr_init_ref.enc.v(149)
HDL-5007 WARNING: concatenation with an unsized literal will be treated as 32 bits in ../user_source/hdl_source/include/sdr_init_ref.enc.v(47)
HDL-1007 : analyze verilog file ../user_source/hdl_source/include/sdr_wrrd.enc.v
HDL-5007 WARNING: concatenation with an unsized literal will be treated as 32 bits in ../user_source/hdl_source/include/sdr_wrrd.enc.v(283)
HDL-1007 : back to file '../user_source/hdl_source/include/sdr_wrrd.enc.v' in ../user_source/hdl_source/include/sdr_wrrd.enc.v(19)
HDL-1007 : analyze verilog file ../user_source/hdl_source/hdmi_audio_tone_pcm_scale.v
RUN-1002 : start command "commit_param -step design"
RUN-1001 : Print Global Property
RUN-1001 : --------------------------------------------------------
RUN-1001 :   Parameters   |  Settings  |  Default Values  |  Note  
RUN-1001 : --------------------------------------------------------
RUN-1001 :   enable_seed  |    off     |       off        |        
RUN-1001 :     message    |  standard  |     standard     |        
RUN-1001 :   qor_monitor  |     on     |        on        |        
RUN-1001 :   syn_ip_flow  |    off     |       off        |        
RUN-1001 :     thread     |    auto    |       auto       |        
RUN-1001 : --------------------------------------------------------
RUN-1001 : Print Design Property
RUN-1001 : ----------------------------------------------------------------
RUN-1001 :       Parameters       |  Settings  |  Default Values  |  Note  
RUN-1001 : ----------------------------------------------------------------
RUN-1001 :   default_reg_initial  |    auto    |       auto       |        
RUN-1001 :    hdl_warning_level   |   normal   |      normal      |        
RUN-1001 : ----------------------------------------------------------------
HDL-1007 : analyze verilog file ../user_source/hdl_source/ip/afifo_16_32_256.v
HDL-1007 : analyze verilog file ../user_source/hdl_source/ip/afifo_32_16_256.v
HDL-1007 : analyze verilog file ../user_source/hdl_source/ip/sys_pll.v
HDL-1007 : undeclared symbol 'open', assumed default net type 'wire' in ../user_source/hdl_source/ip/sys_pll.v(77)
HDL-1007 : analyze verilog file ../user_source/hdl_source/ip/video_pll.v
HDL-1007 : undeclared symbol 'open', assumed default net type 'wire' in ../user_source/hdl_source/ip/video_pll.v(70)
HDL-1007 : analyze verilog file al_ip/AUDIO_SAMPLE_ROM.v
HDL-1007 : analyze verilog file al_ip/PLL.v
HDL-1007 : undeclared symbol 'PLL_open0', assumed default net type 'wire' in al_ip/PLL.v(78)
HDL-1007 : undeclared symbol 'PLL_open8', assumed default net type 'wire' in al_ip/PLL.v(84)
HDL-1007 : undeclared symbol 'PLL_open7', assumed default net type 'wire' in al_ip/PLL.v(84)
HDL-1007 : undeclared symbol 'PLL_open6', assumed default net type 'wire' in al_ip/PLL.v(84)
HDL-1007 : undeclared symbol 'PLL_open5', assumed default net type 'wire' in al_ip/PLL.v(84)
HDL-1007 : undeclared symbol 'PLL_open4', assumed default net type 'wire' in al_ip/PLL.v(84)
HDL-1007 : undeclared symbol 'PLL_open3', assumed default net type 'wire' in al_ip/PLL.v(84)
HDL-1007 : undeclared symbol 'PLL_open2', assumed default net type 'wire' in al_ip/PLL.v(84)
HDL-1007 : undeclared symbol 'PLL_open1', assumed default net type 'wire' in al_ip/PLL.v(84)
HDL-1007 : undeclared symbol 'PLL_open11', assumed default net type 'wire' in al_ip/PLL.v(86)
HDL-1007 : undeclared symbol 'PLL_open10', assumed default net type 'wire' in al_ip/PLL.v(86)
HDL-1007 : undeclared symbol 'PLL_open9', assumed default net type 'wire' in al_ip/PLL.v(86)
HDL-1007 : analyze verilog file al_ip/PLL_HDMI_AUDIO.v
HDL-1007 : undeclared symbol 'PLL_HDMI_AUDIO_open0', assumed default net type 'wire' in al_ip/PLL_HDMI_AUDIO.v(85)
HDL-1007 : undeclared symbol 'PLL_HDMI_AUDIO_open8', assumed default net type 'wire' in al_ip/PLL_HDMI_AUDIO.v(91)
HDL-1007 : undeclared symbol 'PLL_HDMI_AUDIO_open7', assumed default net type 'wire' in al_ip/PLL_HDMI_AUDIO.v(91)
HDL-1007 : undeclared symbol 'PLL_HDMI_AUDIO_open6', assumed default net type 'wire' in al_ip/PLL_HDMI_AUDIO.v(91)
HDL-1007 : undeclared symbol 'PLL_HDMI_AUDIO_open5', assumed default net type 'wire' in al_ip/PLL_HDMI_AUDIO.v(91)
HDL-1007 : undeclared symbol 'PLL_HDMI_AUDIO_open4', assumed default net type 'wire' in al_ip/PLL_HDMI_AUDIO.v(91)
HDL-1007 : undeclared symbol 'PLL_HDMI_AUDIO_open3', assumed default net type 'wire' in al_ip/PLL_HDMI_AUDIO.v(91)
HDL-1007 : undeclared symbol 'PLL_HDMI_AUDIO_open2', assumed default net type 'wire' in al_ip/PLL_HDMI_AUDIO.v(91)
HDL-1007 : undeclared symbol 'PLL_HDMI_AUDIO_open1', assumed default net type 'wire' in al_ip/PLL_HDMI_AUDIO.v(91)
HDL-1007 : undeclared symbol 'PLL_HDMI_AUDIO_open10', assumed default net type 'wire' in al_ip/PLL_HDMI_AUDIO.v(93)
HDL-1007 : undeclared symbol 'PLL_HDMI_AUDIO_open9', assumed default net type 'wire' in al_ip/PLL_HDMI_AUDIO.v(93)
HDL-1007 : analyze verilog file ../user_source/hdl_source/video_source_test.v
HDL-1007 : analyze verilog file ../user_source/hdl_source/key_remove_shakes.v
HDL-1007 : analyze verilog file ../user_source/hdl_source/I2S_receiver.v
HDL-1007 : analyze verilog file ../user_source/hdl_source/audio_arc_calculate.v
HDL-1007 : analyze verilog file ../user_source/hdl_source/hdmi_phy_warpper.v
HDL-1007 : analyze verilog file ../user_source/hdl_source/lane_lvds_10_1.v
HDL-1007 : analyze verilog file ../user_source/hdl_source/hdmi1.4b_transmitter_core/hdmi_1_4b_transmitter_core_wrapper.enc.v
HDL-1007 : undeclared symbol '**', assumed default net type '**' in ../user_source/hdl_source/hdmi1.4b_transmitter_core/hdmi_1_4b_transmitter_core_wrapper.enc.v(2614)
HDL-1007 : undeclared symbol '**', assumed default net type '**' in ../user_source/hdl_source/hdmi1.4b_transmitter_core/hdmi_1_4b_transmitter_core_wrapper.enc.v(2716)
HDL-1007 : undeclared symbol '**', assumed default net type '**' in ../user_source/hdl_source/hdmi1.4b_transmitter_core/hdmi_1_4b_transmitter_core_wrapper.enc.v(2724)
HDL-1007 : undeclared symbol '**', assumed default net type '**' in ../user_source/hdl_source/hdmi1.4b_transmitter_core/hdmi_1_4b_transmitter_core_wrapper.enc.v(4936)
HDL-1007 : undeclared symbol '**', assumed default net type '**' in ../user_source/hdl_source/hdmi1.4b_transmitter_core/hdmi_1_4b_transmitter_core_wrapper.enc.v(5989)
HDL-1007 : back to file '../user_source/hdl_source/hdmi1.4b_transmitter_core/hdmi_1_4b_transmitter_core_wrapper.enc.v' in ../user_source/hdl_source/hdmi1.4b_transmitter_core/hdmi_1_4b_transmitter_core_wrapper.enc.v(77)
HDL-1007 : analyze verilog file ../user_source/hdl_source/test/i2s_test_tone_gen_pll.v
HDL-1007 : analyze verilog file ../user_source/hdl_source/rom/i2s_rom_player_single_pll_fix64_rom_ip.v
HDL-1007 : analyze verilog file ../user_source/hdl_source/top_tf_hdmi_audio.v
HDL-1007 : analyze verilog file ../user_source/hdl_source/SD/ax_debounce.v
HDL-1007 : analyze verilog file ../user_source/hdl_source/SD/bmp_read.v
HDL-1007 : analyze verilog file ../user_source/hdl_source/SD/color_bar.v
HDL-1007 : analyze included file ../user_source/hdl_source/SD/video_define.v in ../user_source/hdl_source/SD/color_bar.v(2)
HDL-1007 : back to file '../user_source/hdl_source/SD/color_bar.v' in ../user_source/hdl_source/SD/color_bar.v(2)
HDL-1007 : analyze verilog file ../user_source/hdl_source/SD/frame_fifo_read.v
HDL-1007 : analyze verilog file ../user_source/hdl_source/SD/frame_fifo_write.v
HDL-1007 : analyze verilog file ../user_source/hdl_source/SD/frame_read_write.v
HDL-1007 : analyze verilog file ../user_source/hdl_source/SD/sd_card_bmp.v
HDL-1007 : analyze verilog file ../user_source/hdl_source/SD/seg_decoder.v
HDL-1007 : analyze verilog file ../user_source/hdl_source/SD/seg_scan.v
HDL-1007 : analyze verilog file ../user_source/hdl_source/SD/video_delay.v
HDL-1007 : analyze verilog file ../user_source/hdl_source/SD/video_timing_data.v
HDL-1007 : analyze verilog file ../user_source/hdl_source/hdmi_audio_tone_i2s_64fs.v
HDL-1007 : analyze verilog file ../user_source/hdl_source/startup_pulse.v
HDL-1007 : analyze verilog file ../user_source/hdl_source/video_rgb_to_axis_640x480.v
HDL-1007 : analyze verilog file ../user_source/hdl_source/SD/sd_card_cmd.v
HDL-1007 : analyze verilog file ../user_source/hdl_source/SD/sd_card_sec_read_write.v
HDL-1007 : analyze verilog file ../user_source/hdl_source/SD/sd_card_top.v
HDL-1007 : analyze verilog file ../user_source/hdl_source/SD/spi_master.v
HDL-1007 : analyze verilog file ../user_source/hdl_source/SD/sdram.v
HDL-1007 : analyze included file ../user_source/hdl_source/include/global_def.v in ../user_source/hdl_source/SD/sdram.v(10)
HDL-1007 : back to file '../user_source/hdl_source/SD/sdram.v' in ../user_source/hdl_source/SD/sdram.v(10)
HDL-1007 : undeclared symbol 'SDR_CKE', assumed default net type 'wire' in ../user_source/hdl_source/SD/sdram.v(89)
HDL-1007 : analyze verilog file ../user_source/hdl_source/include/sdr_as_ram.enc.v
HDL-1007 : analyze included file ../user_source/hdl_source/include/global_def.v in ../user_source/hdl_source/include/sdr_as_ram.enc.v(10)
HDL-1007 : back to file '../user_source/hdl_source/include/sdr_as_ram.enc.v' in ../user_source/hdl_source/include/sdr_as_ram.enc.v(10)
HDL-1007 : back to file '../user_source/hdl_source/include/sdr_as_ram.enc.v' in ../user_source/hdl_source/include/sdr_as_ram.enc.v(45)
HDL-1007 : analyze verilog file ../user_source/hdl_source/include/sdr_init_ref.enc.v
HDL-1007 : analyze included file ../user_source/hdl_source/include/global_def.v in ../user_source/hdl_source/include/sdr_init_ref.enc.v(11)
HDL-1007 : back to file '../user_source/hdl_source/include/sdr_init_ref.enc.v' in ../user_source/hdl_source/include/sdr_init_ref.enc.v(11)
HDL-1007 : undeclared symbol '**', assumed default net type '**' in ../user_source/hdl_source/include/sdr_init_ref.enc.v(57)
HDL-1007 : back to file '../user_source/hdl_source/include/sdr_init_ref.enc.v' in ../user_source/hdl_source/include/sdr_init_ref.enc.v(149)
HDL-5007 WARNING: concatenation with an unsized literal will be treated as 32 bits in ../user_source/hdl_source/include/sdr_init_ref.enc.v(47)
HDL-1007 : analyze verilog file ../user_source/hdl_source/include/sdr_wrrd.enc.v
HDL-5007 WARNING: concatenation with an unsized literal will be treated as 32 bits in ../user_source/hdl_source/include/sdr_wrrd.enc.v(283)
HDL-1007 : back to file '../user_source/hdl_source/include/sdr_wrrd.enc.v' in ../user_source/hdl_source/include/sdr_wrrd.enc.v(19)
HDL-1007 : analyze verilog file ../user_source/hdl_source/hdmi_audio_tone_pcm_scale.v
PRJ-1412 : reset_run syn_1 phy_1.
PRJ-1409 : launch_runs syn_1 phy_1  -jobs 6.
PRJ-1410 : Run syn_1 success.
PRJ-1410 : Run phy_1 success.
RUN-1002 : start command "save_best_bits"
PRJ-1424 : The implemented result of phy_1 is saved as best result.
RUN-1002 : start command "import_db C:/Users/zbrmyyds/Desktop/anlu/FPGA_Prj/I2S/transmitor/APUG092_HDMI1.4b_Transmitter_V1.4/src/td_project/HDMI1.4b_Transmitter_v1.0_Runs/phy_1/HDMI1.4b_Transmitter_v1.0_pr.db"
RUN-1001 : Importing database generated by Tang Dynasty, V6.2.168116.
RUN-1001 : Database version number 46207
RUN-1001 : Import flow parameters
RUN-1001 : Import netlist
PHY-1001 : Generate detailed routing grids ...
PHY-1001 : End build routing graph; 0.471946s wall, 0.453125s user + 0.062500s system = 0.515625s CPU (109.3%)

PHY-1001 : Build lut bridge;  0.057022s wall, 0.046875s user + 0.000000s system = 0.046875s CPU (82.2%)

PHY-1001 : Generate nets ...
PHY-1001 : net clk_dup_1 will be routed on clock mesh
PHY-1001 : net U3/u2_ram/SDRAM_CLK will be routed on clock mesh
PHY-1001 : net U3/u2_ram/u1_init_ref/Sdr_clk will be routed on clock mesh
PHY-1001 : clock net sd_card_bmp_m0/clk will be merged with clock sys_pll_m0/clk0_buf
PHY-1001 : net u_hdmi_audio_tone_i2s_64fs/I_mclk will be routed on clock mesh
PHY-1001 : clock net u_I2S_receiver/I_clk will be merged with clock video_pll_m0/clk0_buf
PHY-1001 : clock net u_audio_pll/clk0_out will be merged with clock u_audio_pll/clk0_buf
PHY-1001 : net u_hdmi2phy_wrapper/u0_lane_lvds_8_1/I_serial_clk will be routed on clock mesh
PHY-1001 : eco open net = 0
PHY-1001 : 105 feed throughs used by 72 nets
RUN-1001 : Import phy database
RUN-1001 : Import timing constraints
RUN-1001 : Import IO constraints
RUN-1001 : Import Inst constraints
RUN-1001 : Import ChipWatcher
RUN-1001 : Import design success TD_VERSION=6.2.168116 , DB_VERSION=46207
RUN-1003 : finish command "import_db C:/Users/zbrmyyds/Desktop/anlu/FPGA_Prj/I2S/transmitor/APUG092_HDMI1.4b_Transmitter_V1.4/src/td_project/HDMI1.4b_Transmitter_v1.0_Runs/phy_1/HDMI1.4b_Transmitter_v1.0_pr.db" in  1.812335s wall, 1.718750s user + 0.218750s system = 1.937500s CPU (106.9%)

RUN-1004 : used memory is 619 MB, reserved memory is 655 MB, peak memory is 704 MB
RUN-1002 : start command "commit_param -step design"
RUN-1001 : Print Global Property
RUN-1001 : --------------------------------------------------------
RUN-1001 :   Parameters   |  Settings  |  Default Values  |  Note  
RUN-1001 : --------------------------------------------------------
RUN-1001 :   enable_seed  |    off     |       off        |        
RUN-1001 :     message    |  standard  |     standard     |        
RUN-1001 :   qor_monitor  |     on     |        on        |        
RUN-1001 :   syn_ip_flow  |    off     |       off        |        
RUN-1001 :     thread     |    auto    |       auto       |        
RUN-1001 : --------------------------------------------------------
RUN-1001 : Print Design Property
RUN-1001 : ----------------------------------------------------------------
RUN-1001 :       Parameters       |  Settings  |  Default Values  |  Note  
RUN-1001 : ----------------------------------------------------------------
RUN-1001 :   default_reg_initial  |    auto    |       auto       |        
RUN-1001 :    hdl_warning_level   |   normal   |      normal      |        
RUN-1001 : ----------------------------------------------------------------
HDL-1007 : analyze verilog file ../user_source/hdl_source/ip/afifo_16_32_256.v
HDL-1007 : analyze verilog file ../user_source/hdl_source/ip/afifo_32_16_256.v
HDL-1007 : analyze verilog file ../user_source/hdl_source/ip/sys_pll.v
HDL-1007 : undeclared symbol 'open', assumed default net type 'wire' in ../user_source/hdl_source/ip/sys_pll.v(77)
HDL-1007 : analyze verilog file ../user_source/hdl_source/ip/video_pll.v
HDL-1007 : undeclared symbol 'open', assumed default net type 'wire' in ../user_source/hdl_source/ip/video_pll.v(70)
HDL-1007 : analyze verilog file al_ip/AUDIO_SAMPLE_ROM.v
HDL-1007 : analyze verilog file al_ip/PLL.v
HDL-1007 : undeclared symbol 'PLL_open0', assumed default net type 'wire' in al_ip/PLL.v(78)
HDL-1007 : undeclared symbol 'PLL_open8', assumed default net type 'wire' in al_ip/PLL.v(84)
HDL-1007 : undeclared symbol 'PLL_open7', assumed default net type 'wire' in al_ip/PLL.v(84)
HDL-1007 : undeclared symbol 'PLL_open6', assumed default net type 'wire' in al_ip/PLL.v(84)
HDL-1007 : undeclared symbol 'PLL_open5', assumed default net type 'wire' in al_ip/PLL.v(84)
HDL-1007 : undeclared symbol 'PLL_open4', assumed default net type 'wire' in al_ip/PLL.v(84)
HDL-1007 : undeclared symbol 'PLL_open3', assumed default net type 'wire' in al_ip/PLL.v(84)
HDL-1007 : undeclared symbol 'PLL_open2', assumed default net type 'wire' in al_ip/PLL.v(84)
HDL-1007 : undeclared symbol 'PLL_open1', assumed default net type 'wire' in al_ip/PLL.v(84)
HDL-1007 : undeclared symbol 'PLL_open11', assumed default net type 'wire' in al_ip/PLL.v(86)
HDL-1007 : undeclared symbol 'PLL_open10', assumed default net type 'wire' in al_ip/PLL.v(86)
HDL-1007 : undeclared symbol 'PLL_open9', assumed default net type 'wire' in al_ip/PLL.v(86)
HDL-1007 : analyze verilog file al_ip/PLL_HDMI_AUDIO.v
HDL-1007 : undeclared symbol 'PLL_HDMI_AUDIO_open0', assumed default net type 'wire' in al_ip/PLL_HDMI_AUDIO.v(85)
HDL-1007 : undeclared symbol 'PLL_HDMI_AUDIO_open8', assumed default net type 'wire' in al_ip/PLL_HDMI_AUDIO.v(91)
HDL-1007 : undeclared symbol 'PLL_HDMI_AUDIO_open7', assumed default net type 'wire' in al_ip/PLL_HDMI_AUDIO.v(91)
HDL-1007 : undeclared symbol 'PLL_HDMI_AUDIO_open6', assumed default net type 'wire' in al_ip/PLL_HDMI_AUDIO.v(91)
HDL-1007 : undeclared symbol 'PLL_HDMI_AUDIO_open5', assumed default net type 'wire' in al_ip/PLL_HDMI_AUDIO.v(91)
HDL-1007 : undeclared symbol 'PLL_HDMI_AUDIO_open4', assumed default net type 'wire' in al_ip/PLL_HDMI_AUDIO.v(91)
HDL-1007 : undeclared symbol 'PLL_HDMI_AUDIO_open3', assumed default net type 'wire' in al_ip/PLL_HDMI_AUDIO.v(91)
HDL-1007 : undeclared symbol 'PLL_HDMI_AUDIO_open2', assumed default net type 'wire' in al_ip/PLL_HDMI_AUDIO.v(91)
HDL-1007 : undeclared symbol 'PLL_HDMI_AUDIO_open1', assumed default net type 'wire' in al_ip/PLL_HDMI_AUDIO.v(91)
HDL-1007 : undeclared symbol 'PLL_HDMI_AUDIO_open10', assumed default net type 'wire' in al_ip/PLL_HDMI_AUDIO.v(93)
HDL-1007 : undeclared symbol 'PLL_HDMI_AUDIO_open9', assumed default net type 'wire' in al_ip/PLL_HDMI_AUDIO.v(93)
HDL-1007 : analyze verilog file ../user_source/hdl_source/video_source_test.v
HDL-1007 : analyze verilog file ../user_source/hdl_source/key_remove_shakes.v
HDL-1007 : analyze verilog file ../user_source/hdl_source/I2S_receiver.v
HDL-1007 : analyze verilog file ../user_source/hdl_source/audio_arc_calculate.v
HDL-1007 : analyze verilog file ../user_source/hdl_source/hdmi_phy_warpper.v
HDL-1007 : analyze verilog file ../user_source/hdl_source/lane_lvds_10_1.v
HDL-1007 : analyze verilog file ../user_source/hdl_source/hdmi1.4b_transmitter_core/hdmi_1_4b_transmitter_core_wrapper.enc.v
HDL-1007 : undeclared symbol '**', assumed default net type '**' in ../user_source/hdl_source/hdmi1.4b_transmitter_core/hdmi_1_4b_transmitter_core_wrapper.enc.v(2614)
HDL-1007 : undeclared symbol '**', assumed default net type '**' in ../user_source/hdl_source/hdmi1.4b_transmitter_core/hdmi_1_4b_transmitter_core_wrapper.enc.v(2716)
HDL-1007 : undeclared symbol '**', assumed default net type '**' in ../user_source/hdl_source/hdmi1.4b_transmitter_core/hdmi_1_4b_transmitter_core_wrapper.enc.v(2724)
HDL-1007 : undeclared symbol '**', assumed default net type '**' in ../user_source/hdl_source/hdmi1.4b_transmitter_core/hdmi_1_4b_transmitter_core_wrapper.enc.v(4936)
HDL-1007 : undeclared symbol '**', assumed default net type '**' in ../user_source/hdl_source/hdmi1.4b_transmitter_core/hdmi_1_4b_transmitter_core_wrapper.enc.v(5989)
HDL-1007 : back to file '../user_source/hdl_source/hdmi1.4b_transmitter_core/hdmi_1_4b_transmitter_core_wrapper.enc.v' in ../user_source/hdl_source/hdmi1.4b_transmitter_core/hdmi_1_4b_transmitter_core_wrapper.enc.v(77)
HDL-1007 : analyze verilog file ../user_source/hdl_source/test/i2s_test_tone_gen_pll.v
HDL-1007 : analyze verilog file ../user_source/hdl_source/rom/i2s_rom_player_single_pll_fix64_rom_ip.v
HDL-1007 : analyze verilog file ../user_source/hdl_source/top_tf_hdmi_audio.v
HDL-1007 : analyze verilog file ../user_source/hdl_source/SD/ax_debounce.v
HDL-1007 : analyze verilog file ../user_source/hdl_source/SD/bmp_read.v
HDL-1007 : analyze verilog file ../user_source/hdl_source/SD/color_bar.v
HDL-1007 : analyze included file ../user_source/hdl_source/SD/video_define.v in ../user_source/hdl_source/SD/color_bar.v(2)
HDL-1007 : back to file '../user_source/hdl_source/SD/color_bar.v' in ../user_source/hdl_source/SD/color_bar.v(2)
HDL-1007 : analyze verilog file ../user_source/hdl_source/SD/frame_fifo_read.v
HDL-1007 : analyze verilog file ../user_source/hdl_source/SD/frame_fifo_write.v
HDL-1007 : analyze verilog file ../user_source/hdl_source/SD/frame_read_write.v
HDL-1007 : analyze verilog file ../user_source/hdl_source/SD/sd_card_bmp.v
HDL-1007 : analyze verilog file ../user_source/hdl_source/SD/seg_decoder.v
HDL-1007 : analyze verilog file ../user_source/hdl_source/SD/seg_scan.v
HDL-1007 : analyze verilog file ../user_source/hdl_source/SD/video_delay.v
HDL-1007 : analyze verilog file ../user_source/hdl_source/SD/video_timing_data.v
HDL-1007 : analyze verilog file ../user_source/hdl_source/hdmi_audio_tone_i2s_64fs.v
HDL-1007 : analyze verilog file ../user_source/hdl_source/startup_pulse.v
HDL-1007 : analyze verilog file ../user_source/hdl_source/video_rgb_to_axis_640x480.v
HDL-1007 : analyze verilog file ../user_source/hdl_source/SD/sd_card_cmd.v
HDL-1007 : analyze verilog file ../user_source/hdl_source/SD/sd_card_sec_read_write.v
HDL-1007 : analyze verilog file ../user_source/hdl_source/SD/sd_card_top.v
HDL-1007 : analyze verilog file ../user_source/hdl_source/SD/spi_master.v
HDL-1007 : analyze verilog file ../user_source/hdl_source/SD/sdram.v
HDL-1007 : analyze included file ../user_source/hdl_source/include/global_def.v in ../user_source/hdl_source/SD/sdram.v(10)
HDL-1007 : back to file '../user_source/hdl_source/SD/sdram.v' in ../user_source/hdl_source/SD/sdram.v(10)
HDL-1007 : undeclared symbol 'SDR_CKE', assumed default net type 'wire' in ../user_source/hdl_source/SD/sdram.v(89)
HDL-1007 : analyze verilog file ../user_source/hdl_source/include/sdr_as_ram.enc.v
HDL-1007 : analyze included file ../user_source/hdl_source/include/global_def.v in ../user_source/hdl_source/include/sdr_as_ram.enc.v(10)
HDL-1007 : back to file '../user_source/hdl_source/include/sdr_as_ram.enc.v' in ../user_source/hdl_source/include/sdr_as_ram.enc.v(10)
HDL-1007 : back to file '../user_source/hdl_source/include/sdr_as_ram.enc.v' in ../user_source/hdl_source/include/sdr_as_ram.enc.v(45)
HDL-1007 : analyze verilog file ../user_source/hdl_source/include/sdr_init_ref.enc.v
HDL-1007 : analyze included file ../user_source/hdl_source/include/global_def.v in ../user_source/hdl_source/include/sdr_init_ref.enc.v(11)
HDL-1007 : back to file '../user_source/hdl_source/include/sdr_init_ref.enc.v' in ../user_source/hdl_source/include/sdr_init_ref.enc.v(11)
HDL-1007 : undeclared symbol '**', assumed default net type '**' in ../user_source/hdl_source/include/sdr_init_ref.enc.v(57)
HDL-1007 : back to file '../user_source/hdl_source/include/sdr_init_ref.enc.v' in ../user_source/hdl_source/include/sdr_init_ref.enc.v(149)
HDL-5007 WARNING: concatenation with an unsized literal will be treated as 32 bits in ../user_source/hdl_source/include/sdr_init_ref.enc.v(47)
HDL-1007 : analyze verilog file ../user_source/hdl_source/include/sdr_wrrd.enc.v
HDL-5007 WARNING: concatenation with an unsized literal will be treated as 32 bits in ../user_source/hdl_source/include/sdr_wrrd.enc.v(283)
HDL-1007 : back to file '../user_source/hdl_source/include/sdr_wrrd.enc.v' in ../user_source/hdl_source/include/sdr_wrrd.enc.v(19)
HDL-1007 : analyze verilog file ../user_source/hdl_source/hdmi_audio_tone_pcm_scale.v
RUN-1002 : start command "commit_param -step design"
RUN-1001 : Print Global Property
RUN-1001 : --------------------------------------------------------
RUN-1001 :   Parameters   |  Settings  |  Default Values  |  Note  
RUN-1001 : --------------------------------------------------------
RUN-1001 :   enable_seed  |    off     |       off        |        
RUN-1001 :     message    |  standard  |     standard     |        
RUN-1001 :   qor_monitor  |     on     |        on        |        
RUN-1001 :   syn_ip_flow  |    off     |       off        |        
RUN-1001 :     thread     |    auto    |       auto       |        
RUN-1001 : --------------------------------------------------------
RUN-1001 : Print Design Property
RUN-1001 : ----------------------------------------------------------------
RUN-1001 :       Parameters       |  Settings  |  Default Values  |  Note  
RUN-1001 : ----------------------------------------------------------------
RUN-1001 :   default_reg_initial  |    auto    |       auto       |        
RUN-1001 :    hdl_warning_level   |   normal   |      normal      |        
RUN-1001 : ----------------------------------------------------------------
HDL-1007 : analyze verilog file ../user_source/hdl_source/ip/afifo_16_32_256.v
HDL-1007 : analyze verilog file ../user_source/hdl_source/ip/afifo_32_16_256.v
HDL-1007 : analyze verilog file ../user_source/hdl_source/ip/sys_pll.v
HDL-1007 : undeclared symbol 'open', assumed default net type 'wire' in ../user_source/hdl_source/ip/sys_pll.v(77)
HDL-1007 : analyze verilog file ../user_source/hdl_source/ip/video_pll.v
HDL-1007 : undeclared symbol 'open', assumed default net type 'wire' in ../user_source/hdl_source/ip/video_pll.v(70)
HDL-1007 : analyze verilog file al_ip/AUDIO_SAMPLE_ROM.v
HDL-1007 : analyze verilog file al_ip/PLL.v
HDL-1007 : undeclared symbol 'PLL_open0', assumed default net type 'wire' in al_ip/PLL.v(78)
HDL-1007 : undeclared symbol 'PLL_open8', assumed default net type 'wire' in al_ip/PLL.v(84)
HDL-1007 : undeclared symbol 'PLL_open7', assumed default net type 'wire' in al_ip/PLL.v(84)
HDL-1007 : undeclared symbol 'PLL_open6', assumed default net type 'wire' in al_ip/PLL.v(84)
HDL-1007 : undeclared symbol 'PLL_open5', assumed default net type 'wire' in al_ip/PLL.v(84)
HDL-1007 : undeclared symbol 'PLL_open4', assumed default net type 'wire' in al_ip/PLL.v(84)
HDL-1007 : undeclared symbol 'PLL_open3', assumed default net type 'wire' in al_ip/PLL.v(84)
HDL-1007 : undeclared symbol 'PLL_open2', assumed default net type 'wire' in al_ip/PLL.v(84)
HDL-1007 : undeclared symbol 'PLL_open1', assumed default net type 'wire' in al_ip/PLL.v(84)
HDL-1007 : undeclared symbol 'PLL_open11', assumed default net type 'wire' in al_ip/PLL.v(86)
HDL-1007 : undeclared symbol 'PLL_open10', assumed default net type 'wire' in al_ip/PLL.v(86)
HDL-1007 : undeclared symbol 'PLL_open9', assumed default net type 'wire' in al_ip/PLL.v(86)
HDL-1007 : analyze verilog file al_ip/PLL_HDMI_AUDIO.v
HDL-1007 : undeclared symbol 'PLL_HDMI_AUDIO_open0', assumed default net type 'wire' in al_ip/PLL_HDMI_AUDIO.v(85)
HDL-1007 : undeclared symbol 'PLL_HDMI_AUDIO_open8', assumed default net type 'wire' in al_ip/PLL_HDMI_AUDIO.v(91)
HDL-1007 : undeclared symbol 'PLL_HDMI_AUDIO_open7', assumed default net type 'wire' in al_ip/PLL_HDMI_AUDIO.v(91)
HDL-1007 : undeclared symbol 'PLL_HDMI_AUDIO_open6', assumed default net type 'wire' in al_ip/PLL_HDMI_AUDIO.v(91)
HDL-1007 : undeclared symbol 'PLL_HDMI_AUDIO_open5', assumed default net type 'wire' in al_ip/PLL_HDMI_AUDIO.v(91)
HDL-1007 : undeclared symbol 'PLL_HDMI_AUDIO_open4', assumed default net type 'wire' in al_ip/PLL_HDMI_AUDIO.v(91)
HDL-1007 : undeclared symbol 'PLL_HDMI_AUDIO_open3', assumed default net type 'wire' in al_ip/PLL_HDMI_AUDIO.v(91)
HDL-1007 : undeclared symbol 'PLL_HDMI_AUDIO_open2', assumed default net type 'wire' in al_ip/PLL_HDMI_AUDIO.v(91)
HDL-1007 : undeclared symbol 'PLL_HDMI_AUDIO_open1', assumed default net type 'wire' in al_ip/PLL_HDMI_AUDIO.v(91)
HDL-1007 : undeclared symbol 'PLL_HDMI_AUDIO_open10', assumed default net type 'wire' in al_ip/PLL_HDMI_AUDIO.v(93)
HDL-1007 : undeclared symbol 'PLL_HDMI_AUDIO_open9', assumed default net type 'wire' in al_ip/PLL_HDMI_AUDIO.v(93)
HDL-1007 : analyze verilog file ../user_source/hdl_source/video_source_test.v
HDL-1007 : analyze verilog file ../user_source/hdl_source/key_remove_shakes.v
HDL-1007 : analyze verilog file ../user_source/hdl_source/I2S_receiver.v
HDL-1007 : analyze verilog file ../user_source/hdl_source/audio_arc_calculate.v
HDL-1007 : analyze verilog file ../user_source/hdl_source/hdmi_phy_warpper.v
HDL-1007 : analyze verilog file ../user_source/hdl_source/lane_lvds_10_1.v
HDL-1007 : analyze verilog file ../user_source/hdl_source/hdmi1.4b_transmitter_core/hdmi_1_4b_transmitter_core_wrapper.enc.v
HDL-1007 : undeclared symbol '**', assumed default net type '**' in ../user_source/hdl_source/hdmi1.4b_transmitter_core/hdmi_1_4b_transmitter_core_wrapper.enc.v(2614)
HDL-1007 : undeclared symbol '**', assumed default net type '**' in ../user_source/hdl_source/hdmi1.4b_transmitter_core/hdmi_1_4b_transmitter_core_wrapper.enc.v(2716)
HDL-1007 : undeclared symbol '**', assumed default net type '**' in ../user_source/hdl_source/hdmi1.4b_transmitter_core/hdmi_1_4b_transmitter_core_wrapper.enc.v(2724)
HDL-1007 : undeclared symbol '**', assumed default net type '**' in ../user_source/hdl_source/hdmi1.4b_transmitter_core/hdmi_1_4b_transmitter_core_wrapper.enc.v(4936)
HDL-1007 : undeclared symbol '**', assumed default net type '**' in ../user_source/hdl_source/hdmi1.4b_transmitter_core/hdmi_1_4b_transmitter_core_wrapper.enc.v(5989)
HDL-1007 : back to file '../user_source/hdl_source/hdmi1.4b_transmitter_core/hdmi_1_4b_transmitter_core_wrapper.enc.v' in ../user_source/hdl_source/hdmi1.4b_transmitter_core/hdmi_1_4b_transmitter_core_wrapper.enc.v(77)
HDL-1007 : analyze verilog file ../user_source/hdl_source/test/i2s_test_tone_gen_pll.v
HDL-1007 : analyze verilog file ../user_source/hdl_source/rom/i2s_rom_player_single_pll_fix64_rom_ip.v
HDL-1007 : analyze verilog file ../user_source/hdl_source/top_tf_hdmi_audio.v
HDL-1007 : analyze verilog file ../user_source/hdl_source/SD/ax_debounce.v
HDL-1007 : analyze verilog file ../user_source/hdl_source/SD/bmp_read.v
HDL-1007 : analyze verilog file ../user_source/hdl_source/SD/color_bar.v
HDL-1007 : analyze included file ../user_source/hdl_source/SD/video_define.v in ../user_source/hdl_source/SD/color_bar.v(2)
HDL-1007 : back to file '../user_source/hdl_source/SD/color_bar.v' in ../user_source/hdl_source/SD/color_bar.v(2)
HDL-1007 : analyze verilog file ../user_source/hdl_source/SD/frame_fifo_read.v
HDL-1007 : analyze verilog file ../user_source/hdl_source/SD/frame_fifo_write.v
HDL-1007 : analyze verilog file ../user_source/hdl_source/SD/frame_read_write.v
HDL-1007 : analyze verilog file ../user_source/hdl_source/SD/sd_card_bmp.v
HDL-1007 : analyze verilog file ../user_source/hdl_source/SD/seg_decoder.v
HDL-1007 : analyze verilog file ../user_source/hdl_source/SD/seg_scan.v
HDL-1007 : analyze verilog file ../user_source/hdl_source/SD/video_delay.v
HDL-1007 : analyze verilog file ../user_source/hdl_source/SD/video_timing_data.v
HDL-1007 : analyze verilog file ../user_source/hdl_source/hdmi_audio_tone_i2s_64fs.v
HDL-1007 : analyze verilog file ../user_source/hdl_source/startup_pulse.v
HDL-1007 : analyze verilog file ../user_source/hdl_source/video_rgb_to_axis_640x480.v
HDL-1007 : analyze verilog file ../user_source/hdl_source/SD/sd_card_cmd.v
HDL-1007 : analyze verilog file ../user_source/hdl_source/SD/sd_card_sec_read_write.v
HDL-1007 : analyze verilog file ../user_source/hdl_source/SD/sd_card_top.v
HDL-1007 : analyze verilog file ../user_source/hdl_source/SD/spi_master.v
HDL-1007 : analyze verilog file ../user_source/hdl_source/SD/sdram.v
HDL-1007 : analyze included file ../user_source/hdl_source/include/global_def.v in ../user_source/hdl_source/SD/sdram.v(10)
HDL-1007 : back to file '../user_source/hdl_source/SD/sdram.v' in ../user_source/hdl_source/SD/sdram.v(10)
HDL-1007 : undeclared symbol 'SDR_CKE', assumed default net type 'wire' in ../user_source/hdl_source/SD/sdram.v(89)
HDL-1007 : analyze verilog file ../user_source/hdl_source/include/sdr_as_ram.enc.v
HDL-1007 : analyze included file ../user_source/hdl_source/include/global_def.v in ../user_source/hdl_source/include/sdr_as_ram.enc.v(10)
HDL-1007 : back to file '../user_source/hdl_source/include/sdr_as_ram.enc.v' in ../user_source/hdl_source/include/sdr_as_ram.enc.v(10)
HDL-1007 : back to file '../user_source/hdl_source/include/sdr_as_ram.enc.v' in ../user_source/hdl_source/include/sdr_as_ram.enc.v(45)
HDL-1007 : analyze verilog file ../user_source/hdl_source/include/sdr_init_ref.enc.v
HDL-1007 : analyze included file ../user_source/hdl_source/include/global_def.v in ../user_source/hdl_source/include/sdr_init_ref.enc.v(11)
HDL-1007 : back to file '../user_source/hdl_source/include/sdr_init_ref.enc.v' in ../user_source/hdl_source/include/sdr_init_ref.enc.v(11)
HDL-1007 : undeclared symbol '**', assumed default net type '**' in ../user_source/hdl_source/include/sdr_init_ref.enc.v(57)
HDL-1007 : back to file '../user_source/hdl_source/include/sdr_init_ref.enc.v' in ../user_source/hdl_source/include/sdr_init_ref.enc.v(149)
HDL-5007 WARNING: concatenation with an unsized literal will be treated as 32 bits in ../user_source/hdl_source/include/sdr_init_ref.enc.v(47)
HDL-1007 : analyze verilog file ../user_source/hdl_source/include/sdr_wrrd.enc.v
HDL-5007 WARNING: concatenation with an unsized literal will be treated as 32 bits in ../user_source/hdl_source/include/sdr_wrrd.enc.v(283)
HDL-1007 : back to file '../user_source/hdl_source/include/sdr_wrrd.enc.v' in ../user_source/hdl_source/include/sdr_wrrd.enc.v(19)
HDL-1007 : analyze verilog file ../user_source/hdl_source/hdmi_audio_tone_pcm_scale.v
RUN-1002 : start command "commit_param -step design"
RUN-1001 : Print Global Property
RUN-1001 : --------------------------------------------------------
RUN-1001 :   Parameters   |  Settings  |  Default Values  |  Note  
RUN-1001 : --------------------------------------------------------
RUN-1001 :   enable_seed  |    off     |       off        |        
RUN-1001 :     message    |  standard  |     standard     |        
RUN-1001 :   qor_monitor  |     on     |        on        |        
RUN-1001 :   syn_ip_flow  |    off     |       off        |        
RUN-1001 :     thread     |    auto    |       auto       |        
RUN-1001 : --------------------------------------------------------
RUN-1001 : Print Design Property
RUN-1001 : ----------------------------------------------------------------
RUN-1001 :       Parameters       |  Settings  |  Default Values  |  Note  
RUN-1001 : ----------------------------------------------------------------
RUN-1001 :   default_reg_initial  |    auto    |       auto       |        
RUN-1001 :    hdl_warning_level   |   normal   |      normal      |        
RUN-1001 : ----------------------------------------------------------------
HDL-1007 : analyze verilog file ../user_source/hdl_source/ip/afifo_16_32_256.v
HDL-1007 : analyze verilog file ../user_source/hdl_source/ip/afifo_32_16_256.v
HDL-1007 : analyze verilog file ../user_source/hdl_source/ip/sys_pll.v
HDL-1007 : undeclared symbol 'open', assumed default net type 'wire' in ../user_source/hdl_source/ip/sys_pll.v(77)
HDL-1007 : analyze verilog file ../user_source/hdl_source/ip/video_pll.v
HDL-1007 : undeclared symbol 'open', assumed default net type 'wire' in ../user_source/hdl_source/ip/video_pll.v(70)
HDL-1007 : analyze verilog file al_ip/AUDIO_SAMPLE_ROM.v
HDL-1007 : analyze verilog file al_ip/PLL.v
HDL-1007 : undeclared symbol 'PLL_open0', assumed default net type 'wire' in al_ip/PLL.v(78)
HDL-1007 : undeclared symbol 'PLL_open8', assumed default net type 'wire' in al_ip/PLL.v(84)
HDL-1007 : undeclared symbol 'PLL_open7', assumed default net type 'wire' in al_ip/PLL.v(84)
HDL-1007 : undeclared symbol 'PLL_open6', assumed default net type 'wire' in al_ip/PLL.v(84)
HDL-1007 : undeclared symbol 'PLL_open5', assumed default net type 'wire' in al_ip/PLL.v(84)
HDL-1007 : undeclared symbol 'PLL_open4', assumed default net type 'wire' in al_ip/PLL.v(84)
HDL-1007 : undeclared symbol 'PLL_open3', assumed default net type 'wire' in al_ip/PLL.v(84)
HDL-1007 : undeclared symbol 'PLL_open2', assumed default net type 'wire' in al_ip/PLL.v(84)
HDL-1007 : undeclared symbol 'PLL_open1', assumed default net type 'wire' in al_ip/PLL.v(84)
HDL-1007 : undeclared symbol 'PLL_open11', assumed default net type 'wire' in al_ip/PLL.v(86)
HDL-1007 : undeclared symbol 'PLL_open10', assumed default net type 'wire' in al_ip/PLL.v(86)
HDL-1007 : undeclared symbol 'PLL_open9', assumed default net type 'wire' in al_ip/PLL.v(86)
HDL-1007 : analyze verilog file al_ip/PLL_HDMI_AUDIO.v
HDL-1007 : undeclared symbol 'PLL_HDMI_AUDIO_open0', assumed default net type 'wire' in al_ip/PLL_HDMI_AUDIO.v(85)
HDL-1007 : undeclared symbol 'PLL_HDMI_AUDIO_open8', assumed default net type 'wire' in al_ip/PLL_HDMI_AUDIO.v(91)
HDL-1007 : undeclared symbol 'PLL_HDMI_AUDIO_open7', assumed default net type 'wire' in al_ip/PLL_HDMI_AUDIO.v(91)
HDL-1007 : undeclared symbol 'PLL_HDMI_AUDIO_open6', assumed default net type 'wire' in al_ip/PLL_HDMI_AUDIO.v(91)
HDL-1007 : undeclared symbol 'PLL_HDMI_AUDIO_open5', assumed default net type 'wire' in al_ip/PLL_HDMI_AUDIO.v(91)
HDL-1007 : undeclared symbol 'PLL_HDMI_AUDIO_open4', assumed default net type 'wire' in al_ip/PLL_HDMI_AUDIO.v(91)
HDL-1007 : undeclared symbol 'PLL_HDMI_AUDIO_open3', assumed default net type 'wire' in al_ip/PLL_HDMI_AUDIO.v(91)
HDL-1007 : undeclared symbol 'PLL_HDMI_AUDIO_open2', assumed default net type 'wire' in al_ip/PLL_HDMI_AUDIO.v(91)
HDL-1007 : undeclared symbol 'PLL_HDMI_AUDIO_open1', assumed default net type 'wire' in al_ip/PLL_HDMI_AUDIO.v(91)
HDL-1007 : undeclared symbol 'PLL_HDMI_AUDIO_open10', assumed default net type 'wire' in al_ip/PLL_HDMI_AUDIO.v(93)
HDL-1007 : undeclared symbol 'PLL_HDMI_AUDIO_open9', assumed default net type 'wire' in al_ip/PLL_HDMI_AUDIO.v(93)
HDL-1007 : analyze verilog file ../user_source/hdl_source/video_source_test.v
HDL-1007 : analyze verilog file ../user_source/hdl_source/key_remove_shakes.v
HDL-1007 : analyze verilog file ../user_source/hdl_source/I2S_receiver.v
HDL-1007 : analyze verilog file ../user_source/hdl_source/audio_arc_calculate.v
HDL-1007 : analyze verilog file ../user_source/hdl_source/hdmi_phy_warpper.v
HDL-1007 : analyze verilog file ../user_source/hdl_source/lane_lvds_10_1.v
HDL-1007 : analyze verilog file ../user_source/hdl_source/hdmi1.4b_transmitter_core/hdmi_1_4b_transmitter_core_wrapper.enc.v
HDL-1007 : undeclared symbol '**', assumed default net type '**' in ../user_source/hdl_source/hdmi1.4b_transmitter_core/hdmi_1_4b_transmitter_core_wrapper.enc.v(2614)
HDL-1007 : undeclared symbol '**', assumed default net type '**' in ../user_source/hdl_source/hdmi1.4b_transmitter_core/hdmi_1_4b_transmitter_core_wrapper.enc.v(2716)
HDL-1007 : undeclared symbol '**', assumed default net type '**' in ../user_source/hdl_source/hdmi1.4b_transmitter_core/hdmi_1_4b_transmitter_core_wrapper.enc.v(2724)
HDL-1007 : undeclared symbol '**', assumed default net type '**' in ../user_source/hdl_source/hdmi1.4b_transmitter_core/hdmi_1_4b_transmitter_core_wrapper.enc.v(4936)
HDL-1007 : undeclared symbol '**', assumed default net type '**' in ../user_source/hdl_source/hdmi1.4b_transmitter_core/hdmi_1_4b_transmitter_core_wrapper.enc.v(5989)
HDL-1007 : back to file '../user_source/hdl_source/hdmi1.4b_transmitter_core/hdmi_1_4b_transmitter_core_wrapper.enc.v' in ../user_source/hdl_source/hdmi1.4b_transmitter_core/hdmi_1_4b_transmitter_core_wrapper.enc.v(77)
HDL-1007 : analyze verilog file ../user_source/hdl_source/test/i2s_test_tone_gen_pll.v
HDL-1007 : analyze verilog file ../user_source/hdl_source/rom/i2s_rom_player_single_pll_fix64_rom_ip.v
HDL-1007 : analyze verilog file ../user_source/hdl_source/top_tf_hdmi_audio.v
HDL-1007 : analyze verilog file ../user_source/hdl_source/SD/ax_debounce.v
HDL-1007 : analyze verilog file ../user_source/hdl_source/SD/bmp_read.v
HDL-1007 : analyze verilog file ../user_source/hdl_source/SD/color_bar.v
HDL-1007 : analyze included file ../user_source/hdl_source/SD/video_define.v in ../user_source/hdl_source/SD/color_bar.v(2)
HDL-1007 : back to file '../user_source/hdl_source/SD/color_bar.v' in ../user_source/hdl_source/SD/color_bar.v(2)
HDL-1007 : analyze verilog file ../user_source/hdl_source/SD/frame_fifo_read.v
HDL-1007 : analyze verilog file ../user_source/hdl_source/SD/frame_fifo_write.v
HDL-1007 : analyze verilog file ../user_source/hdl_source/SD/frame_read_write.v
HDL-1007 : analyze verilog file ../user_source/hdl_source/SD/sd_card_bmp.v
HDL-1007 : analyze verilog file ../user_source/hdl_source/SD/seg_decoder.v
HDL-1007 : analyze verilog file ../user_source/hdl_source/SD/seg_scan.v
HDL-1007 : analyze verilog file ../user_source/hdl_source/SD/video_delay.v
HDL-1007 : analyze verilog file ../user_source/hdl_source/SD/video_timing_data.v
HDL-1007 : analyze verilog file ../user_source/hdl_source/hdmi_audio_tone_i2s_64fs.v
HDL-1007 : analyze verilog file ../user_source/hdl_source/startup_pulse.v
HDL-1007 : analyze verilog file ../user_source/hdl_source/video_rgb_to_axis_640x480.v
HDL-1007 : analyze verilog file ../user_source/hdl_source/SD/sd_card_cmd.v
HDL-1007 : analyze verilog file ../user_source/hdl_source/SD/sd_card_sec_read_write.v
HDL-1007 : analyze verilog file ../user_source/hdl_source/SD/sd_card_top.v
HDL-1007 : analyze verilog file ../user_source/hdl_source/SD/spi_master.v
HDL-1007 : analyze verilog file ../user_source/hdl_source/SD/sdram.v
HDL-1007 : analyze included file ../user_source/hdl_source/include/global_def.v in ../user_source/hdl_source/SD/sdram.v(10)
HDL-1007 : back to file '../user_source/hdl_source/SD/sdram.v' in ../user_source/hdl_source/SD/sdram.v(10)
HDL-1007 : undeclared symbol 'SDR_CKE', assumed default net type 'wire' in ../user_source/hdl_source/SD/sdram.v(89)
HDL-1007 : analyze verilog file ../user_source/hdl_source/include/sdr_as_ram.enc.v
HDL-1007 : analyze included file ../user_source/hdl_source/include/global_def.v in ../user_source/hdl_source/include/sdr_as_ram.enc.v(10)
HDL-1007 : back to file '../user_source/hdl_source/include/sdr_as_ram.enc.v' in ../user_source/hdl_source/include/sdr_as_ram.enc.v(10)
HDL-1007 : back to file '../user_source/hdl_source/include/sdr_as_ram.enc.v' in ../user_source/hdl_source/include/sdr_as_ram.enc.v(45)
HDL-1007 : analyze verilog file ../user_source/hdl_source/include/sdr_init_ref.enc.v
HDL-1007 : analyze included file ../user_source/hdl_source/include/global_def.v in ../user_source/hdl_source/include/sdr_init_ref.enc.v(11)
HDL-1007 : back to file '../user_source/hdl_source/include/sdr_init_ref.enc.v' in ../user_source/hdl_source/include/sdr_init_ref.enc.v(11)
HDL-1007 : undeclared symbol '**', assumed default net type '**' in ../user_source/hdl_source/include/sdr_init_ref.enc.v(57)
HDL-1007 : back to file '../user_source/hdl_source/include/sdr_init_ref.enc.v' in ../user_source/hdl_source/include/sdr_init_ref.enc.v(149)
HDL-5007 WARNING: concatenation with an unsized literal will be treated as 32 bits in ../user_source/hdl_source/include/sdr_init_ref.enc.v(47)
HDL-1007 : analyze verilog file ../user_source/hdl_source/include/sdr_wrrd.enc.v
HDL-5007 WARNING: concatenation with an unsized literal will be treated as 32 bits in ../user_source/hdl_source/include/sdr_wrrd.enc.v(283)
HDL-1007 : back to file '../user_source/hdl_source/include/sdr_wrrd.enc.v' in ../user_source/hdl_source/include/sdr_wrrd.enc.v(19)
HDL-1007 : analyze verilog file ../user_source/hdl_source/hdmi_audio_tone_pcm_scale.v
PRJ-1412 : reset_run syn_1 phy_1.
PRJ-1409 : launch_runs syn_1 phy_1  -jobs 6.
PRJ-1410 : Run syn_1 success.
RUN-1002 : start command "save_best_bits"
PRJ-1424 : The implemented result of phy_1 is saved as best result.
PRJ-1410 : Run phy_1 success.
RUN-1002 : start command "import_db C:/Users/zbrmyyds/Desktop/anlu/FPGA_Prj/I2S/transmitor/APUG092_HDMI1.4b_Transmitter_V1.4/src/td_project/HDMI1.4b_Transmitter_v1.0_Runs/phy_1/HDMI1.4b_Transmitter_v1.0_pr.db"
RUN-1001 : Importing database generated by Tang Dynasty, V6.2.168116.
RUN-1001 : Database version number 46207
RUN-1001 : Import flow parameters
RUN-1001 : Import netlist
PHY-1001 : Generate detailed routing grids ...
PHY-1001 : End build routing graph; 0.475628s wall, 0.468750s user + 0.031250s system = 0.500000s CPU (105.1%)

PHY-1001 : Build lut bridge;  0.060662s wall, 0.062500s user + 0.000000s system = 0.062500s CPU (103.0%)

PHY-1001 : Generate nets ...
PHY-1001 : net clk_dup_1 will be routed on clock mesh
PHY-1001 : net U3/u2_ram/SDRAM_CLK will be routed on clock mesh
PHY-1001 : net U3/u2_ram/u1_init_ref/Sdr_clk will be routed on clock mesh
PHY-1001 : clock net sd_card_bmp_m0/clk will be merged with clock sys_pll_m0/clk0_buf
PHY-1001 : net u_hdmi_audio_tone_i2s_64fs/I_mclk will be routed on clock mesh
PHY-1001 : clock net u_I2S_receiver/I_clk will be merged with clock video_pll_m0/clk0_buf
PHY-1001 : clock net u_audio_pll/clk0_out will be merged with clock u_audio_pll/clk0_buf
PHY-1001 : net u_hdmi2phy_wrapper/u0_lane_lvds_8_1/I_serial_clk will be routed on clock mesh
PHY-1001 : eco open net = 0
PHY-1001 : 98 feed throughs used by 73 nets
RUN-1001 : Import phy database
RUN-1001 : Import timing constraints
RUN-1001 : Import IO constraints
RUN-1001 : Import Inst constraints
RUN-1001 : Import ChipWatcher
RUN-1001 : Import design success TD_VERSION=6.2.168116 , DB_VERSION=46207
RUN-1003 : finish command "import_db C:/Users/zbrmyyds/Desktop/anlu/FPGA_Prj/I2S/transmitor/APUG092_HDMI1.4b_Transmitter_V1.4/src/td_project/HDMI1.4b_Transmitter_v1.0_Runs/phy_1/HDMI1.4b_Transmitter_v1.0_pr.db" in  1.895323s wall, 1.859375s user + 0.171875s system = 2.031250s CPU (107.2%)

RUN-1004 : used memory is 625 MB, reserved memory is 662 MB, peak memory is 704 MB
